Workbook

Sheet Resumen
A1: Indicador | B1: F Calculado | C1: F Critico Critico | D1: P Valor
A2: Participación activa | B2: =ROUND('Participación-activa'!F73, 4) -> 0.6167 | C2: =ROUND('Participación-activa'!F81, 4) -> 3.0271 | D2: =ROUND('Participación-activa'!F82, 4) -> 0.5405
A3: Comunicación equipo | B3: =ROUND('Comunicación-equipo'!F73, 4) -> 0.6674 | C3: =ROUND('Comunicación-equipo'!F81, 4) -> 3.0271 | D3: =ROUND('Comunicación-equipo'!F82, 4) -> 0.5138
A4: Cumplimiento tareas | B4: =ROUND('Cumplimiento-tareas'!F73, 4) -> 0.5201 | C4: =ROUND('Cumplimiento-tareas'!F81, 4) -> 3.0271 | D4: =ROUND('Cumplimiento-tareas'!F82, 4) -> 0.595
A5: Contribución grupo | B5: =ROUND('Contribución-grupo'!F73, 4) -> 0.7174 | C5: =ROUND('Contribución-grupo'!F81, 4) -> 3.0271 | D5: =ROUND('Contribución-grupo'!F82, 4) -> 0.4889
A6: Resolución problemas | B6: =ROUND('Resolución-problemas'!F73, 4) -> 1.7529 | C6: =ROUND('Resolución-problemas'!F81, 4) -> 3.0271 | D6: =ROUND('Resolución-problemas'!F82, 4) -> 0.1751
A7: Conocimientos adquiridos | B7: =ROUND('Conocimientos-adquiridos'!F73, 4) -> 0.5922 | C7: =ROUND('Conocimientos-adquiridos'!F81, 4) -> 3.0271 | D7: =ROUND('Conocimientos-adquiridos'!F82, 4) -> 0.5538
A8: Nota final | B8: =ROUND('Nota-final'!F73, 4) -> 0.5888 | C8: =ROUND('Nota-final'!F81, 4) -> 3.0271 | D8: =ROUND('Nota-final'!F82, 4) -> 0.5556
A9: Comprensión | B9: =ROUND(Comprensión!F73, 4) -> 0.105 | C9: =ROUND(Comprensión!F81, 4) -> 3.0271 | D9: =ROUND(Comprensión!F82, 4) -> 0.9004
A10: Habilidades | B10: =ROUND(Habilidades!F73, 4) -> 0.7515 | C10: =ROUND(Habilidades!F81, 4) -> 3.0271 | D10: =ROUND(Habilidades!F82, 4) -> 0.4726
A11: Resolución autónoma | B11: =ROUND('Resolución-autónoma'!F73, 4) -> 0.0835 | C11: =ROUND('Resolución-autónoma'!F81, 4) -> 3.0271 | D11: =ROUND('Resolución-autónoma'!F82, 4) -> 0.9199
A12: Motivación | B12: =ROUND(Motivación!F73, 4) -> 0.2416 | C12: =ROUND(Motivación!F81, 4) -> 3.0271 | D12: =ROUND(Motivación!F82, 4) -> 0.7856

Sheet Participación-activa
A1: Grupo Control Pre Test Sin intervención | B1: Grupo Control Post Test Sin intervención | C1: Grupo Experimental Pre Test Sin intervención
A2: 2 | B2: 2 | C2: 4 | E2: Datos Generales
A3: 4 | B3: 2 | C3: 1 | E3: Tamano Grupos | F3: =COUNT(A:A) -> 97
A4: 2 | B4: 2 | C4: 3 | E4: Promedio Grupo A | F4: =AVERAGE(A:A) -> 3.185567
A5: 3 | B5: 3 | C5: 2 | E5: Promedio Grupo B | F5: =AVERAGE(B:B) -> 3
A6: 2 | B6: 4 | C6: 3 | E6: Promedio Grupo C | F6: =AVERAGE(C:C) -> 3.1134021
A7: 1 | B7: 5 | C7: 5 | E7: Promedio Total total | F7: =AVERAGE(F4:F6) -> 3.0996564
A8: 5 | B8: 1 | C8: 3
A9: 3 | B9: 2 | C9: 5
A10: 3 | B10: 3 | C10: 3 | E10: Calculo Suma de Cuadrados Entre Grupos
A11: 5 | B11: 3 | C11: 2 | E11: Mide qué tan diferentes son los grupos entre sí
A12: 2 | B12: 3 | C12: 4 | E12: Compara las medias de cada grupo con la media general
A13: 4 | B13: 5 | C13: 2
A14: 5 | B14: 4 | C14: 3
A15: 5 | B15: 5 | C15: 3
A16: 1 | B16: 2 | C16: 4 | E16: SC Entre Grupos | F16: =F3*((F4-F7)^2+(F5-F7)^2+(F6-F7)^2) -> 1.6975945
A17: 3 | B17: 4 | C17: 2
A18: 5 | B18: 3 | C18: 2
A19: 4 | B19: 5 | C19: 1 | E19: Calculo gl ENTRE (Grados de libertad entre grupos)
A20: 2 | B20: 4 | C20: 5 | E20: Cantidad de grupos independientes que puedes comparar
A21: 4 | B21: 3 | C21: 4 | E21: k (Numero de grupos) | F21: 3
A22: 2 | B22: 2 | C22: 3
A23: 3 | B23: 2 | C23: 2
A24: 2 | B24: 1 | C24: 1 | E24: gl entre | F24: =F21-1 -> 2
A25: 1 | B25: 2 | C25: 4
A26: 5 | B26: 2 | C26: 3
A27: 5 | B27: 2 | C27: 4 | E27: Calculo MC ENTRE (Media Cuadrática Entre)
A28: 3 | B28: 5 | C28: 5 | E28: Es el promedio de la variación entre grupos
A29: 3 | B29: 4 | C29: 2
A30: 4 | B30: 4 | C30: 5
A31: 5 | B31: 3 | C31: 3
A32: 4 | B32: 3 | C32: 5
A33: 5 | B33: 4 | C33: 3 | E33: MC entre | F33: =F16/F24 -> 0.84879725
A34: 2 | B34: 4 | C34: 4
A35: 3 | B35: 5 | C35: 2
A36: 3 | B36: 2 | C36: 2 | E36: Calculo SC DENTRO DE GRUPOS (Suma de Cuadrados Dentro)
A37: 3 | B37: 4 | C37: 2 | E37: Mide la variabilidad interna de cada grupo
A38: 3 | B38: 2 | C38: 3 | E38: Qué tanto varían los datos dentro del mismo grupo
A39: 5 | B39: 1 | C39: 3
A40: 5 | B40: 3 | C40: 1
A41: 4 | B41: 3 | C41: 3
A42: 3 | B42: 2 | C42: 3
A43: 3 | B43: 1 | C43: 3 | E43: SC Dentro Grupos | F43: =DEVSQ(A:A)+DEVSQ(B:B)+DEVSQ(C:C) -> 396.41237
A44: 3 | B44: 2 | C44: 2
A45: 3 | B45: 3 | C45: 3
A46: 3 | B46: 3 | C46: 2 | E46: Calculo gl DENTRO (Grados de libertad dentro)
A47: 3 | B47: 1 | C47: 4 | E47: N = total de datos | F47: =COUNT(A:A,B:B,C:C,#REF!) -> 291
A48: 2 | B48: 1 | C48: 5 | E48: k (Numero de grupos) | F48: =F21 -> 3
A49: 3 | B49: 3 | C49: 5
A50: 2 | B50: 3 | C50: 3
A51: 4 | B51: 3 | C51: 2
A52: 2 | B52: 2 | C52: 4
A53: 3 | B53: 3 | C53: 1 | E53: gl dentro | F53: =F47-F48 -> 288
A54: 5 | B54: 2 | C54: 5
A55: 4 | B55: 2 | C55: 1
A56: 2 | B56: 5 | C56: 4 | E56: Calculo MC DENTRO (Media Cuadrática Dentro)
A57: 5 | B57: 4 | C57: 2 | E57: Es el promedio de la variación interna
A58: 3 | B58: 3 | C58: 2
A59: 1 | B59: 3 | C59: 4
A60: 3 | B60: 4 | C60: 2
A61: 4 | B61: 2 | C61: 2
A62: 1 | B62: 1 | C62: 2
A63: 3 | B63: 3 | C63: 5 | E63: MC dentro | F63: =F43/F53 -> 1.3764318
A64: 4 | B64: 3 | C64: 2
A65: 3 | B65: 3 | C65: 4
A66: 3 | B66: 4 | C66: 3 | E66: Calculo F Calculado
A67: 3 | B67: 2 | C67: 3 | E67: El F calculado es un valor numérico que obtienes al aplicar la fórmula de ANOVA.
A68: 3 | B68: 4 | C68: 3 | E68: Sirve para decidir si hay diferencias significativas entre grupos.
A69: 4 | B69: 3 | C69: 3
A70: 3 | B70: 3 | C70: 5
A71: 1 | B71: 5 | C71: 3
A72: 3 | B72: 3 | C72: 3
A73: 1 | B73: 4 | C73: 3 | E73: F calculado | F73: =F33/F63 -> 0.61666493
A74: 5 | B74: 4 | C74: 3
A75: 3 | B75: 2 | C75: 2
A76: 3 | B76: 5 | C76: 5 | E76: Calculo F critico (Tabla) y P valor
A77: 1 | B77: 3 | C77: 2
A78: 3 | B78: 5 | C78: 4 | E78: α El mas comun 5% | F78: 0.05
A79: 4 | B79: 3 | C79: 5 | E79: gl entre | F79: =F24 -> 2
A80: 3 | B80: 1 | C80: 2 | E80: gl dentro | F80: =F53 -> 288
A81: 4 | B81: 4 | C81: 4 | E81: F critico (Tabla) | F81: =FINV(F78, F79, F80) -> 3.0271106
A82: 1 | B82: 3 | C82: 3 | E82: P valor | F82: =_xlfn.F.DIST.RT(F73, F79, F80) -> 0.54045263
A83: 2 | B83: 3 | C83: 3
A84: 4 | B84: 2 | C84: 3 | E84: Interpretación:
A85: 3 | B85: 2 | C85: 5
A86: 2 | B86: 3 | C86: 5 | E86: hipotesis nula Ho = No hay diferencias significativa
A87: 2 | B87: 3 | C87: 3 | E87: hipotesis alternativa H1 = Si hay diferencia significativa
A88: 4 | B88: 1 | C88: 1
A89: 3 | B89: 3 | C89: 3 | E89: ="Si F calculado ("&F73&") > F critico ("&F81&") ---> Se rechaza la hipotesis nula" -> Si F calculado (0.616664932903359) > F critico (3.02711064343263) ---> Se rechaza la hipotesis nula
A90: 1 | B90: 4 | C90: 3 | E90: ="Si p-valor ("&F82&") < α Nivel Significancia ("&F78&") ---> Se rechaza la hipotesis nula" -> Si p-valor (0.540452628838581) < α Nivel Significancia (0.05) ---> Se rechaza la hipotesis nula
A91: 5 | B91: 1 | C91: 3
A92: 3 | B92: 5 | C92: 3
A93: 5 | B93: 3 | C93: 3
A94: 3 | B94: 4 | C94: 3
A95: 4 | B95: 4 | C95: 5
A96: 4 | B96: 5 | C96: 3
A97: 4 | B97: 3 | C97: 3
A98: 5 | B98: 2 | C98: 4

Sheet Comunicación-equipo
A1: Grupo Control Pre Test Sin intervención | B1: Grupo Control Post Test Sin intervención | C1: Grupo Experimental Pre Test Sin intervención
A2: 3 | B2: 3 | C2: 2 | E2: Datos Generales
A3: 4 | B3: 3 | C3: 5 | E3: Tamano Grupos | F3: =COUNT(A:A) -> 97
A4: 2 | B4: 3 | C4: 1 | E4: Promedio Grupo A | F4: =AVERAGE(A:A) -> 2.9278351
A5: 5 | B5: 2 | C5: 4 | E5: Promedio Grupo B | F5: =AVERAGE(B:B) -> 3.1237113
A6: 3 | B6: 1 | C6: 2 | E6: Promedio Grupo C | F6: =AVERAGE(C:C) -> 3.0412371
A7: 2 | B7: 3 | C7: 2 | E7: Promedio Total total | F7: =AVERAGE(F4:F6) -> 3.0309278
A8: 3 | B8: 3 | C8: 3
A9: 3 | B9: 4 | C9: 3
A10: 5 | B10: 1 | C10: 4 | E10: Calculo Suma de Cuadrados Entre Grupos
A11: 1 | B11: 4 | C11: 4 | E11: Mide qué tan diferentes son los grupos entre sí
A12: 3 | B12: 2 | C12: 3 | E12: Compara las medias de cada grupo con la media general
A13: 2 | B13: 3 | C13: 2
A14: 3 | B14: 2 | C14: 3
A15: 4 | B15: 2 | C15: 3
A16: 3 | B16: 5 | C16: 3 | E16: SC Entre Grupos | F16: =F3*((F4-F7)^2+(F5-F7)^2+(F6-F7)^2) -> 1.8762887
A17: 4 | B17: 1 | C17: 1
A18: 1 | B18: 5 | C18: 3
A19: 3 | B19: 4 | C19: 5 | E19: Calculo gl ENTRE (Grados de libertad entre grupos)
A20: 3 | B20: 3 | C20: 3 | E20: Cantidad de grupos independientes que puedes comparar
A21: 2 | B21: 3 | C21: 3 | E21: k (Numero de grupos) | F21: 3
A22: 3 | B22: 3 | C22: 4
A23: 2 | B23: 4 | C23: 2
A24: 4 | B24: 1 | C24: 2 | E24: gl entre | F24: =F21-1 -> 2
A25: 1 | B25: 4 | C25: 3
A26: 3 | B26: 4 | C26: 2
A27: 3 | B27: 4 | C27: 1 | E27: Calculo MC ENTRE (Media Cuadrática Entre)
A28: 5 | B28: 5 | C28: 3 | E28: Es el promedio de la variación entre grupos
A29: 4 | B29: 3 | C29: 2
A30: 5 | B30: 1 | C30: 5
A31: 3 | B31: 5 | C31: 3
A32: 1 | B32: 1 | C32: 5
A33: 2 | B33: 4 | C33: 5 | E33: MC entre | F33: =F16/F24 -> 0.93814433
A34: 3 | B34: 1 | C34: 2
A35: 4 | B35: 2 | C35: 5
A36: 5 | B36: 5 | C36: 2 | E36: Calculo SC DENTRO DE GRUPOS (Suma de Cuadrados Dentro)
A37: 4 | B37: 3 | C37: 4 | E37: Mide la variabilidad interna de cada grupo
A38: 3 | B38: 4 | C38: 2 | E38: Qué tanto varían los datos dentro del mismo grupo
A39: 3 | B39: 4 | C39: 3
A40: 3 | B40: 5 | C40: 3
A41: 4 | B41: 3 | C41: 3
A42: 3 | B42: 3 | C42: 2
A43: 4 | B43: 3 | C43: 4 | E43: SC Dentro Grupos | F43: =DEVSQ(A:A)+DEVSQ(B:B)+DEVSQ(C:C) -> 404.84536
A44: 4 | B44: 2 | C44: 2
A45: 1 | B45: 3 | C45: 4
A46: 2 | B46: 1 | C46: 2 | E46: Calculo gl DENTRO (Grados de libertad dentro)
A47: 4 | B47: 3 | C47: 2 | E47: N = total de datos | F47: =COUNT(A:A,B:B,C:C,#REF!) -> 291
A48: 3 | B48: 5 | C48: 5 | E48: k (Numero de grupos) | F48: =F21 -> 3
A49: 3 | B49: 2 | C49: 4
A50: 4 | B50: 4 | C50: 3
A51: 1 | B51: 4 | C51: 2
A52: 1 | B52: 4 | C52: 5
A53: 3 | B53: 5 | C53: 4 | E53: gl dentro | F53: =F47-F48 -> 288
A54: 3 | B54: 2 | C54: 1
A55: 2 | B55: 2 | C55: 4
A56: 3 | B56: 3 | C56: 1 | E56: Calculo MC DENTRO (Media Cuadrática Dentro)
A57: 2 | B57: 5 | C57: 1 | E57: Es el promedio de la variación interna
A58: 3 | B58: 1 | C58: 4
A59: 1 | B59: 3 | C59: 1
A60: 3 | B60: 1 | C60: 3
A61: 4 | B61: 3 | C61: 1
A62: 4 | B62: 3 | C62: 3
A63: 5 | B63: 1 | C63: 3 | E63: MC dentro | F63: =F43/F53 -> 1.4057131
A64: 3 | B64: 2 | C64: 5
A65: 3 | B65: 3 | C65: 3
A66: 3 | B66: 3 | C66: 3 | E66: Calculo F Calculado
A67: 2 | B67: 3 | C67: 2 | E67: El F calculado es un valor numérico que obtienes al aplicar la fórmula de ANOVA.
A68: 3 | B68: 5 | C68: 3 | E68: Sirve para decidir si hay diferencias significativas entre grupos.
A69: 3 | B69: 3 | C69: 2
A70: 2 | B70: 5 | C70: 4
A71: 2 | B71: 3 | C71: 3
A72: 5 | B72: 5 | C72: 5
A73: 5 | B73: 2 | C73: 5 | E73: F calculado | F73: =F33/F63 -> 0.66737968
A74: 1 | B74: 5 | C74: 3
A75: 3 | B75: 2 | C75: 4
A76: 1 | B76: 2 | C76: 2 | E76: Calculo F critico (Tabla) y P valor
A77: 3 | B77: 3 | C77: 3
A78: 3 | B78: 4 | C78: 2 | E78: α El mas comun 5% | F78: 0.05
A79: 3 | B79: 3 | C79: 4 | E79: gl entre | F79: =F24 -> 2
A80: 5 | B80: 2 | C80: 2 | E80: gl dentro | F80: =F53 -> 288
A81: 2 | B81: 4 | C81: 4 | E81: F critico (Tabla) | F81: =FINV(F78, F79, F80) -> 3.0271106
A82: 3 | B82: 3 | C82: 3 | E82: P valor | F82: =_xlfn.F.DIST.RT(F73, F79, F80) -> 0.51384278
A83: 4 | B83: 4 | C83: 3
A84: 3 | B84: 2 | C84: 4 | E84: Interpretación:
A85: 3 | B85: 3 | C85: 3
A86: 3 | B86: 5 | C86: 5 | E86: hipotesis nula Ho = No hay diferencias significativa
A87: 3 | B87: 5 | C87: 2 | E87: hipotesis alternativa H1 = Si hay diferencia significativa
A88: 3 | B88: 3 | C88: 1
A89: 4 | B89: 5 | C89: 3 | E89: ="Si F calculado ("&F73&") > F critico ("&F81&") ---> Se rechaza la hipotesis nula" -> Si F calculado (0.667379679144387) > F critico (3.02711064343263) ---> Se rechaza la hipotesis nula
A90: 1 | B90: 3 | C90: 4 | E90: ="Si p-valor ("&F82&") < α Nivel Significancia ("&F78&") ---> Se rechaza la hipotesis nula" -> Si p-valor (0.513842783874091) < α Nivel Significancia (0.05) ---> Se rechaza la hipotesis nula
A91: 1 | B91: 2 | C91: 5
A92: 3 | B92: 5 | C92: 3
A93: 1 | B93: 3 | C93: 3
A94: 1 | B94: 3 | C94: 3
A95: 4 | B95: 1 | C95: 2
A96: 3 | B96: 4 | C96: 5
A97: 2 | B97: 3 | C97: 2
A98: 3 | B98: 4 | C98: 4

Sheet Cumplimiento-tareas
A1: Grupo Control Pre Test Sin intervención | B1: Grupo Control Post Test Sin intervención | C1: Grupo Experimental Pre Test Sin intervención
A2: 3 | B2: 4 | C2: 5 | E2: Datos Generales
A3: 3 | B3: 3 | C3: 3 | E3: Tamano Grupos | F3: =COUNT(A:A) -> 97
A4: 5 | B4: 4 | C4: 5 | E4: Promedio Grupo A | F4: =AVERAGE(A:A) -> 3.2886598
A5: 4 | B5: 3 | C5: 3 | E5: Promedio Grupo B | F5: =AVERAGE(B:B) -> 3.1237113
A6: 4 | B6: 3 | C6: 2 | E6: Promedio Grupo C | F6: =AVERAGE(C:C) -> 3.1752577
A7: 2 | B7: 4 | C7: 4 | E7: Promedio Total total | F7: =AVERAGE(F4:F6) -> 3.1958763
A8: 3 | B8: 3 | C8: 5
A9: 5 | B9: 3 | C9: 3
A10: 2 | B10: 5 | C10: 3 | E10: Calculo Suma de Cuadrados Entre Grupos
A11: 4 | B11: 3 | C11: 4 | E11: Mide qué tan diferentes son los grupos entre sí
A12: 1 | B12: 4 | C12: 4 | E12: Compara las medias de cada grupo con la media general
A13: 3 | B13: 5 | C13: 2
A14: 4 | B14: 2 | C14: 2
A15: 5 | B15: 3 | C15: 4
A16: 3 | B16: 4 | C16: 3 | E16: SC Entre Grupos | F16: =F3*((F4-F7)^2+(F5-F7)^2+(F6-F7)^2) -> 1.3814433
A17: 2 | B17: 4 | C17: 3
A18: 3 | B18: 4 | C18: 3
A19: 5 | B19: 5 | C19: 5 | E19: Calculo gl ENTRE (Grados de libertad entre grupos)
A20: 4 | B20: 3 | C20: 4 | E20: Cantidad de grupos independientes que puedes comparar
A21: 5 | B21: 3 | C21: 4 | E21: k (Numero de grupos) | F21: 3
A22: 3 | B22: 4 | C22: 2
A23: 2 | B23: 2 | C23: 4
A24: 2 | B24: 4 | C24: 4 | E24: gl entre | F24: =F21-1 -> 2
A25: 2 | B25: 2 | C25: 3
A26: 2 | B26: 5 | C26: 3
A27: 4 | B27: 3 | C27: 2 | E27: Calculo MC ENTRE (Media Cuadrática Entre)
A28: 3 | B28: 1 | C28: 4 | E28: Es el promedio de la variación entre grupos
A29: 1 | B29: 3 | C29: 4
A30: 4 | B30: 3 | C30: 3
A31: 4 | B31: 1 | C31: 5
A32: 5 | B32: 5 | C32: 4
A33: 4 | B33: 4 | C33: 2 | E33: MC entre | F33: =F16/F24 -> 0.69072165
A34: 2 | B34: 5 | C34: 4
A35: 2 | B35: 3 | C35: 3
A36: 3 | B36: 1 | C36: 1 | E36: Calculo SC DENTRO DE GRUPOS (Suma de Cuadrados Dentro)
A37: 2 | B37: 2 | C37: 3 | E37: Mide la variabilidad interna de cada grupo
A38: 4 | B38: 4 | C38: 1 | E38: Qué tanto varían los datos dentro del mismo grupo
A39: 5 | B39: 4 | C39: 3
A40: 5 | B40: 4 | C40: 2
A41: 3 | B41: 1 | C41: 3
A42: 3 | B42: 5 | C42: 4
A43: 3 | B43: 1 | C43: 3 | E43: SC Dentro Grupos | F43: =DEVSQ(A:A)+DEVSQ(B:B)+DEVSQ(C:C) -> 382.45361
A44: 3 | B44: 3 | C44: 5
A45: 4 | B45: 1 | C45: 2
A46: 3 | B46: 4 | C46: 4 | E46: Calculo gl DENTRO (Grados de libertad dentro)
A47: 3 | B47: 3 | C47: 3 | E47: N = total de datos | F47: =COUNT(A:A,B:B,C:C,#REF!) -> 291
A48: 2 | B48: 5 | C48: 2 | E48: k (Numero de grupos) | F48: =F21 -> 3
A49: 2 | B49: 4 | C49: 3
A50: 5 | B50: 1 | C50: 2
A51: 3 | B51: 3 | C51: 3
A52: 3 | B52: 3 | C52: 5
A53: 3 | B53: 3 | C53: 2 | E53: gl dentro | F53: =F47-F48 -> 288
A54: 3 | B54: 4 | C54: 3
A55: 5 | B55: 2 | C55: 4
A56: 5 | B56: 2 | C56: 2 | E56: Calculo MC DENTRO (Media Cuadrática Dentro)
A57: 2 | B57: 4 | C57: 3 | E57: Es el promedio de la variación interna
A58: 1 | B58: 3 | C58: 4
A59: 1 | B59: 2 | C59: 5
A60: 4 | B60: 4 | C60: 2
A61: 5 | B61: 2 | C61: 2
A62: 3 | B62: 3 | C62: 3
A63: 4 | B63: 1 | C63: 3 | E63: MC dentro | F63: =F43/F53 -> 1.3279639
A64: 5 | B64: 3 | C64: 2
A65: 4 | B65: 3 | C65: 1
A66: 3 | B66: 3 | C66: 3 | E66: Calculo F Calculado
A67: 5 | B67: 3 | C67: 4 | E67: El F calculado es un valor numérico que obtienes al aplicar la fórmula de ANOVA.
A68: 5 | B68: 2 | C68: 3 | E68: Sirve para decidir si hay diferencias significativas entre grupos.
A69: 3 | B69: 3 | C69: 3
A70: 3 | B70: 2 | C70: 3
A71: 3 | B71: 5 | C71: 4
A72: 1 | B72: 4 | C72: 2
A73: 5 | B73: 3 | C73: 1 | E73: F calculado | F73: =F33/F63 -> 0.52013586
A74: 1 | B74: 4 | C74: 3
A75: 3 | B75: 3 | C75: 4
A76: 4 | B76: 3 | C76: 5 | E76: Calculo F critico (Tabla) y P valor
A77: 4 | B77: 3 | C77: 3
A78: 2 | B78: 2 | C78: 4 | E78: α El mas comun 5% | F78: 0.05
A79: 4 | B79: 3 | C79: 3 | E79: gl entre | F79: =F24 -> 2
A80: 3 | B80: 3 | C80: 4 | E80: gl dentro | F80: =F53 -> 288
A81: 2 | B81: 1 | C81: 5 | E81: F critico (Tabla) | F81: =FINV(F78, F79, F80) -> 3.0271106
A82: 1 | B82: 2 | C82: 4 | E82: P valor | F82: =_xlfn.F.DIST.RT(F73, F79, F80) -> 0.59499711
A83: 3 | B83: 5 | C83: 3
A84: 4 | B84: 5 | C84: 2 | E84: Interpretación:
A85: 5 | B85: 3 | C85: 1
A86: 3 | B86: 4 | C86: 3 | E86: hipotesis nula Ho = No hay diferencias significativa
A87: 5 | B87: 2 | C87: 2 | E87: hipotesis alternativa H1 = Si hay diferencia significativa
A88: 3 | B88: 3 | C88: 3
A89: 4 | B89: 3 | C89: 3 | E89: ="Si F calculado ("&F73&") > F critico ("&F81&") ---> Se rechaza la hipotesis nula" -> Si F calculado (0.520135856380397) > F critico (3.02711064343263) ---> Se rechaza la hipotesis nula
A90: 2 | B90: 1 | C90: 4 | E90: ="Si p-valor ("&F82&") < α Nivel Significancia ("&F78&") ---> Se rechaza la hipotesis nula" -> Si p-valor (0.594997108694856) < α Nivel Significancia (0.05) ---> Se rechaza la hipotesis nula
A91: 1 | B91: 5 | C91: 3
A92: 2 | B92: 2 | C92: 3
A93: 4 | B93: 3 | C93: 5
A94: 4 | B94: 5 | C94: 4
A95: 4 | B95: 2 | C95: 5
A96: 4 | B96: 2 | C96: 2
A97: 5 | B97: 5 | C97: 2
A98: 3 | B98: 2 | C98: 2

Sheet Contribución-grupo
A1: Grupo Control Pre Test Sin intervención | B1: Grupo Control Post Test Sin intervención | C1: Grupo Experimental Pre Test Sin intervención
A2: 4 | B2: 3 | C2: 3 | E2: Datos Generales
A3: 2 | B3: 3 | C3: 3 | E3: Tamano Grupos | F3: =COUNT(A:A) -> 97
A4: 5 | B4: 4 | C4: 3 | E4: Promedio Grupo A | F4: =AVERAGE(A:A) -> 3.1030928
A5: 3 | B5: 3 | C5: 3 | E5: Promedio Grupo B | F5: =AVERAGE(B:B) -> 3.1958763
A6: 3 | B6: 4 | C6: 4 | E6: Promedio Grupo C | F6: =AVERAGE(C:C) -> 3.0103093
A7: 1 | B7: 3 | C7: 3 | E7: Promedio Total total | F7: =AVERAGE(F4:F6) -> 3.1030928
A8: 3 | B8: 4 | C8: 3
A9: 3 | B9: 2 | C9: 4
A10: 3 | B10: 3 | C10: 1 | E10: Calculo Suma de Cuadrados Entre Grupos
A11: 4 | B11: 3 | C11: 3 | E11: Mide qué tan diferentes son los grupos entre sí
A12: 4 | B12: 5 | C12: 3 | E12: Compara las medias de cada grupo con la media general
A13: 4 | B13: 4 | C13: 2
A14: 2 | B14: 5 | C14: 4
A15: 3 | B15: 5 | C15: 4
A16: 4 | B16: 4 | C16: 2 | E16: SC Entre Grupos | F16: =F3*((F4-F7)^2+(F5-F7)^2+(F6-F7)^2) -> 1.6701031
A17: 3 | B17: 5 | C17: 1
A18: 4 | B18: 3 | C18: 3
A19: 2 | B19: 2 | C19: 2 | E19: Calculo gl ENTRE (Grados de libertad entre grupos)
A20: 3 | B20: 3 | C20: 2 | E20: Cantidad de grupos independientes que puedes comparar
A21: 5 | B21: 1 | C21: 4 | E21: k (Numero de grupos) | F21: 3
A22: 3 | B22: 4 | C22: 3
A23: 5 | B23: 3 | C23: 3
A24: 3 | B24: 4 | C24: 3 | E24: gl entre | F24: =F21-1 -> 2
A25: 4 | B25: 1 | C25: 4
A26: 3 | B26: 3 | C26: 2
A27: 3 | B27: 2 | C27: 3 | E27: Calculo MC ENTRE (Media Cuadrática Entre)
A28: 3 | B28: 3 | C28: 5 | E28: Es el promedio de la variación entre grupos
A29: 3 | B29: 5 | C29: 3
A30: 3 | B30: 4 | C30: 3
A31: 3 | B31: 3 | C31: 3
A32: 3 | B32: 2 | C32: 4
A33: 3 | B33: 3 | C33: 3 | E33: MC entre | F33: =F16/F24 -> 0.83505155
A34: 5 | B34: 2 | C34: 3
A35: 4 | B35: 5 | C35: 1
A36: 3 | B36: 3 | C36: 3 | E36: Calculo SC DENTRO DE GRUPOS (Suma de Cuadrados Dentro)
A37: 2 | B37: 3 | C37: 2 | E37: Mide la variabilidad interna de cada grupo
A38: 5 | B38: 3 | C38: 1 | E38: Qué tanto varían los datos dentro del mismo grupo
A39: 3 | B39: 2 | C39: 1
A40: 4 | B40: 4 | C40: 5
A41: 3 | B41: 2 | C41: 4
A42: 5 | B42: 3 | C42: 5
A43: 4 | B43: 4 | C43: 3 | E43: SC Dentro Grupos | F43: =DEVSQ(A:A)+DEVSQ(B:B)+DEVSQ(C:C) -> 335.23711
A44: 2 | B44: 4 | C44: 1
A45: 4 | B45: 4 | C45: 1
A46: 3 | B46: 5 | C46: 3 | E46: Calculo gl DENTRO (Grados de libertad dentro)
A47: 5 | B47: 3 | C47: 3 | E47: N = total de datos | F47: =COUNT(A:A,B:B,C:C,#REF!) -> 291
A48: 3 | B48: 2 | C48: 4 | E48: k (Numero de grupos) | F48: =F21 -> 3
A49: 3 | B49: 4 | C49: 4
A50: 5 | B50: 2 | C50: 2
A51: 1 | B51: 3 | C51: 3
A52: 1 | B52: 3 | C52: 3
A53: 3 | B53: 3 | C53: 1 | E53: gl dentro | F53: =F47-F48 -> 288
A54: 2 | B54: 4 | C54: 2
A55: 3 | B55: 3 | C55: 4
A56: 4 | B56: 3 | C56: 3 | E56: Calculo MC DENTRO (Media Cuadrática Dentro)
A57: 3 | B57: 3 | C57: 2 | E57: Es el promedio de la variación interna
A58: 2 | B58: 2 | C58: 1
A59: 3 | B59: 5 | C59: 2
A60: 2 | B60: 4 | C60: 4
A61: 3 | B61: 2 | C61: 2
A62: 2 | B62: 3 | C62: 2
A63: 2 | B63: 3 | C63: 4 | E63: MC dentro | F63: =F43/F53 -> 1.1640178
A64: 3 | B64: 2 | C64: 1
A65: 3 | B65: 5 | C65: 4
A66: 3 | B66: 1 | C66: 3 | E66: Calculo F Calculado
A67: 4 | B67: 3 | C67: 1 | E67: El F calculado es un valor numérico que obtienes al aplicar la fórmula de ANOVA.
A68: 4 | B68: 1 | C68: 4 | E68: Sirve para decidir si hay diferencias significativas entre grupos.
A69: 3 | B69: 2 | C69: 5
A70: 4 | B70: 4 | C70: 3
A71: 2 | B71: 3 | C71: 4
A72: 2 | B72: 4 | C72: 2
A73: 4 | B73: 2 | C73: 5 | E73: F calculado | F73: =F33/F63 -> 0.71738729
A74: 4 | B74: 3 | C74: 5
A75: 3 | B75: 2 | C75: 4
A76: 2 | B76: 2 | C76: 3 | E76: Calculo F critico (Tabla) y P valor
A77: 2 | B77: 4 | C77: 4
A78: 1 | B78: 3 | C78: 4 | E78: α El mas comun 5% | F78: 0.05
A79: 2 | B79: 2 | C79: 5 | E79: gl entre | F79: =F24 -> 2
A80: 4 | B80: 3 | C80: 3 | E80: gl dentro | F80: =F53 -> 288
A81: 3 | B81: 3 | C81: 5 | E81: F critico (Tabla) | F81: =FINV(F78, F79, F80) -> 3.0271106
A82: 4 | B82: 5 | C82: 4 | E82: P valor | F82: =_xlfn.F.DIST.RT(F73, F79, F80) -> 0.48889563
A83: 2 | B83: 3 | C83: 4
A84: 4 | B84: 5 | C84: 1 | E84: Interpretación:
A85: 4 | B85: 4 | C85: 3
A86: 3 | B86: 2 | C86: 3 | E86: hipotesis nula Ho = No hay diferencias significativa
A87: 3 | B87: 3 | C87: 4 | E87: hipotesis alternativa H1 = Si hay diferencia significativa
A88: 2 | B88: 3 | C88: 2
A89: 1 | B89: 2 | C89: 1 | E89: ="Si F calculado ("&F73&") > F critico ("&F81&") ---> Se rechaza la hipotesis nula" -> Si F calculado (0.717387293191465) > F critico (3.02711064343263) ---> Se rechaza la hipotesis nula
A90: 2 | B90: 3 | C90: 3 | E90: ="Si p-valor ("&F82&") < α Nivel Significancia ("&F78&") ---> Se rechaza la hipotesis nula" -> Si p-valor (0.488895630985375) < α Nivel Significancia (0.05) ---> Se rechaza la hipotesis nula
A91: 3 | B91: 3 | C91: 5
A92: 3 | B92: 4 | C92: 3
A93: 3 | B93: 4 | C93: 4
A94: 3 | B94: 5 | C94: 3
A95: 3 | B95: 1 | C95: 2
A96: 3 | B96: 3 | C96: 4
A97: 4 | B97: 5 | C97: 1
A98: 3 | B98: 4 | C98: 5

Sheet Resolución-problemas
A1: Grupo Control Pre Test Sin intervención | B1: Grupo Control Post Test Sin intervención | C1: Grupo Experimental Pre Test Sin intervención
A2: 2 | B2: 4 | C2: 5 | E2: Datos Generales
A3: 3 | B3: 3 | C3: 4 | E3: Tamano Grupos | F3: =COUNT(A:A) -> 97
A4: 4 | B4: 1 | C4: 3 | E4: Promedio Grupo A | F4: =AVERAGE(A:A) -> 2.9793814
A5: 1 | B5: 3 | C5: 2 | E5: Promedio Grupo B | F5: =AVERAGE(B:B) -> 3.2886598
A6: 3 | B6: 3 | C6: 2 | E6: Promedio Grupo C | F6: =AVERAGE(C:C) -> 3.0824742
A7: 4 | B7: 5 | C7: 2 | E7: Promedio Total total | F7: =AVERAGE(F4:F6) -> 3.1168385
A8: 5 | B8: 3 | C8: 5
A9: 2 | B9: 3 | C9: 2
A10: 3 | B10: 4 | C10: 3 | E10: Calculo Suma de Cuadrados Entre Grupos
A11: 3 | B11: 4 | C11: 2 | E11: Mide qué tan diferentes son los grupos entre sí
A12: 3 | B12: 3 | C12: 1 | E12: Compara las medias de cada grupo con la media general
A13: 5 | B13: 3 | C13: 2
A14: 2 | B14: 4 | C14: 2
A15: 3 | B15: 4 | C15: 4
A16: 1 | B16: 3 | C16: 2 | E16: SC Entre Grupos | F16: =F3*((F4-F7)^2+(F5-F7)^2+(F6-F7)^2) -> 4.8109966
A17: 3 | B17: 2 | C17: 5
A18: 3 | B18: 5 | C18: 3
A19: 4 | B19: 2 | C19: 3 | E19: Calculo gl ENTRE (Grados de libertad entre grupos)
A20: 3 | B20: 4 | C20: 3 | E20: Cantidad de grupos independientes que puedes comparar
A21: 3 | B21: 3 | C21: 2 | E21: k (Numero de grupos) | F21: 3
A22: 2 | B22: 4 | C22: 2
A23: 2 | B23: 3 | C23: 3
A24: 2 | B24: 3 | C24: 4 | E24: gl entre | F24: =F21-1 -> 2
A25: 3 | B25: 4 | C25: 2
A26: 5 | B26: 2 | C26: 3
A27: 1 | B27: 5 | C27: 1 | E27: Calculo MC ENTRE (Media Cuadrática Entre)
A28: 3 | B28: 2 | C28: 3 | E28: Es el promedio de la variación entre grupos
A29: 3 | B29: 1 | C29: 4
A30: 2 | B30: 4 | C30: 5
A31: 4 | B31: 3 | C31: 3
A32: 5 | B32: 3 | C32: 3
A33: 2 | B33: 1 | C33: 2 | E33: MC entre | F33: =F16/F24 -> 2.4054983
A34: 5 | B34: 3 | C34: 4
A35: 5 | B35: 3 | C35: 2
A36: 2 | B36: 5 | C36: 4 | E36: Calculo SC DENTRO DE GRUPOS (Suma de Cuadrados Dentro)
A37: 3 | B37: 1 | C37: 5 | E37: Mide la variabilidad interna de cada grupo
A38: 5 | B38: 4 | C38: 4 | E38: Qué tanto varían los datos dentro del mismo grupo
A39: 1 | B39: 4 | C39: 1
A40: 3 | B40: 3 | C40: 5
A41: 1 | B41: 2 | C41: 1
A42: 4 | B42: 5 | C42: 2
A43: 3 | B43: 3 | C43: 2 | E43: SC Dentro Grupos | F43: =DEVSQ(A:A)+DEVSQ(B:B)+DEVSQ(C:C) -> 395.21649
A44: 3 | B44: 3 | C44: 4
A45: 3 | B45: 4 | C45: 4
A46: 5 | B46: 3 | C46: 3 | E46: Calculo gl DENTRO (Grados de libertad dentro)
A47: 3 | B47: 3 | C47: 2 | E47: N = total de datos | F47: =COUNT(A:A,B:B,C:C,#REF!) -> 291
A48: 1 | B48: 3 | C48: 3 | E48: k (Numero de grupos) | F48: =F21 -> 3
A49: 3 | B49: 4 | C49: 4
A50: 5 | B50: 4 | C50: 4
A51: 4 | B51: 5 | C51: 2
A52: 4 | B52: 4 | C52: 2
A53: 3 | B53: 2 | C53: 3 | E53: gl dentro | F53: =F47-F48 -> 288
A54: 3 | B54: 3 | C54: 1
A55: 3 | B55: 4 | C55: 2
A56: 2 | B56: 3 | C56: 3 | E56: Calculo MC DENTRO (Media Cuadrática Dentro)
A57: 3 | B57: 4 | C57: 3 | E57: Es el promedio de la variación interna
A58: 3 | B58: 4 | C58: 5
A59: 4 | B59: 4 | C59: 4
A60: 2 | B60: 2 | C60: 4
A61: 3 | B61: 3 | C61: 5
A62: 2 | B62: 4 | C62: 1
A63: 3 | B63: 5 | C63: 3 | E63: MC dentro | F63: =F43/F53 -> 1.3722795
A64: 3 | B64: 3 | C64: 4
A65: 3 | B65: 2 | C65: 2
A66: 3 | B66: 5 | C66: 5 | E66: Calculo F Calculado
A67: 1 | B67: 2 | C67: 2 | E67: El F calculado es un valor numérico que obtienes al aplicar la fórmula de ANOVA.
A68: 3 | B68: 4 | C68: 3 | E68: Sirve para decidir si hay diferencias significativas entre grupos.
A69: 1 | B69: 4 | C69: 3
A70: 1 | B70: 1 | C70: 3
A71: 2 | B71: 4 | C71: 3
A72: 5 | B72: 5 | C72: 3
A73: 4 | B73: 1 | C73: 2 | E73: F calculado | F73: =F33/F63 -> 1.7529215
A74: 2 | B74: 3 | C74: 5
A75: 3 | B75: 3 | C75: 2
A76: 2 | B76: 4 | C76: 2 | E76: Calculo F critico (Tabla) y P valor
A77: 5 | B77: 2 | C77: 1
A78: 3 | B78: 3 | C78: 4 | E78: α El mas comun 5% | F78: 0.05
A79: 3 | B79: 3 | C79: 1 | E79: gl entre | F79: =F24 -> 2
A80: 4 | B80: 4 | C80: 3 | E80: gl dentro | F80: =F53 -> 288
A81: 3 | B81: 1 | C81: 4 | E81: F critico (Tabla) | F81: =FINV(F78, F79, F80) -> 3.0271106
A82: 3 | B82: 2 | C82: 3 | E82: P valor | F82: =_xlfn.F.DIST.RT(F73, F79, F80) -> 0.17511049
A83: 3 | B83: 3 | C83: 2
A84: 2 | B84: 2 | C84: 4 | E84: Interpretación:
A85: 3 | B85: 4 | C85: 5
A86: 3 | B86: 3 | C86: 5 | E86: hipotesis nula Ho = No hay diferencias significativa
A87: 3 | B87: 5 | C87: 4 | E87: hipotesis alternativa H1 = Si hay diferencia significativa
A88: 3 | B88: 1 | C88: 3
A89: 2 | B89: 4 | C89: 4 | E89: ="Si F calculado ("&F73&") > F critico ("&F81&") ---> Se rechaza la hipotesis nula" -> Si F calculado (1.75292153589315) > F critico (3.02711064343263) ---> Se rechaza la hipotesis nula
A90: 2 | B90: 3 | C90: 4 | E90: ="Si p-valor ("&F82&") < α Nivel Significancia ("&F78&") ---> Se rechaza la hipotesis nula" -> Si p-valor (0.175110491770348) < α Nivel Significancia (0.05) ---> Se rechaza la hipotesis nula
A91: 2 | B91: 5 | C91: 5
A92: 2 | B92: 5 | C92: 1
A93: 5 | B93: 4 | C93: 1
A94: 3 | B94: 5 | C94: 5
A95: 4 | B95: 4 | C95: 5
A96: 2 | B96: 5 | C96: 5
A97: 3 | B97: 1 | C97: 4
A98: 5 | B98: 4 | C98: 3

Sheet Conocimientos-adquiridos
A1: Grupo Control Pre Test Sin intervención | B1: Grupo Control Post Test Sin intervención | C1: Grupo Experimental Pre Test Sin intervención
A2: 2 | B2: 3 | C2: 3 | E2: Datos Generales
A3: 2 | B3: 4 | C3: 3 | E3: Tamano Grupos | F3: =COUNT(A:A) -> 97
A4: 5 | B4: 2 | C4: 3 | E4: Promedio Grupo A | F4: =AVERAGE(A:A) -> 3.2268041
A5: 4 | B5: 2 | C5: 5 | E5: Promedio Grupo B | F5: =AVERAGE(B:B) -> 3.1340206
A6: 5 | B6: 2 | C6: 4 | E6: Promedio Grupo C | F6: =AVERAGE(C:C) -> 3.0412371
A7: 5 | B7: 3 | C7: 3 | E7: Promedio Total total | F7: =AVERAGE(F4:F6) -> 3.1340206
A8: 5 | B8: 3 | C8: 4
A9: 2 | B9: 4 | C9: 3
A10: 4 | B10: 2 | C10: 4 | E10: Calculo Suma de Cuadrados Entre Grupos
A11: 3 | B11: 2 | C11: 2 | E11: Mide qué tan diferentes son los grupos entre sí
A12: 3 | B12: 5 | C12: 1 | E12: Compara las medias de cada grupo con la media general
A13: 4 | B13: 5 | C13: 3
A14: 3 | B14: 1 | C14: 5
A15: 4 | B15: 5 | C15: 5
A16: 3 | B16: 3 | C16: 2 | E16: SC Entre Grupos | F16: =F3*((F4-F7)^2+(F5-F7)^2+(F6-F7)^2) -> 1.6701031
A17: 3 | B17: 5 | C17: 3
A18: 4 | B18: 1 | C18: 3
A19: 3 | B19: 2 | C19: 4 | E19: Calculo gl ENTRE (Grados de libertad entre grupos)
A20: 3 | B20: 3 | C20: 2 | E20: Cantidad de grupos independientes que puedes comparar
A21: 3 | B21: 3 | C21: 5 | E21: k (Numero de grupos) | F21: 3
A22: 4 | B22: 4 | C22: 1
A23: 4 | B23: 4 | C23: 4
A24: 1 | B24: 4 | C24: 5 | E24: gl entre | F24: =F21-1 -> 2
A25: 5 | B25: 2 | C25: 3
A26: 5 | B26: 3 | C26: 3
A27: 4 | B27: 3 | C27: 3 | E27: Calculo MC ENTRE (Media Cuadrática Entre)
A28: 4 | B28: 1 | C28: 3 | E28: Es el promedio de la variación entre grupos
A29: 3 | B29: 3 | C29: 5
A30: 2 | B30: 5 | C30: 5
A31: 5 | B31: 1 | C31: 2
A32: 4 | B32: 5 | C32: 1
A33: 3 | B33: 3 | C33: 3 | E33: MC entre | F33: =F16/F24 -> 0.83505155
A34: 4 | B34: 4 | C34: 3
A35: 1 | B35: 5 | C35: 2
A36: 3 | B36: 4 | C36: 3 | E36: Calculo SC DENTRO DE GRUPOS (Suma de Cuadrados Dentro)
A37: 3 | B37: 2 | C37: 2 | E37: Mide la variabilidad interna de cada grupo
A38: 5 | B38: 3 | C38: 3 | E38: Qué tanto varían los datos dentro del mismo grupo
A39: 3 | B39: 2 | C39: 3
A40: 3 | B40: 4 | C40: 3
A41: 4 | B41: 5 | C41: 2
A42: 4 | B42: 5 | C42: 3
A43: 2 | B43: 2 | C43: 1 | E43: SC Dentro Grupos | F43: =DEVSQ(A:A)+DEVSQ(B:B)+DEVSQ(C:C) -> 406.10309
A44: 2 | B44: 3 | C44: 4
A45: 4 | B45: 2 | C45: 3
A46: 4 | B46: 5 | C46: 3 | E46: Calculo gl DENTRO (Grados de libertad dentro)
A47: 1 | B47: 3 | C47: 5 | E47: N = total de datos | F47: =COUNT(A:A,B:B,C:C,#REF!) -> 291
A48: 4 | B48: 2 | C48: 3 | E48: k (Numero de grupos) | F48: =F21 -> 3
A49: 4 | B49: 5 | C49: 3
A50: 4 | B50: 4 | C50: 4
A51: 2 | B51: 4 | C51: 5
A52: 4 | B52: 2 | C52: 3
A53: 2 | B53: 3 | C53: 4 | E53: gl dentro | F53: =F47-F48 -> 288
A54: 2 | B54: 2 | C54: 1
A55: 4 | B55: 4 | C55: 4
A56: 4 | B56: 4 | C56: 2 | E56: Calculo MC DENTRO (Media Cuadrática Dentro)
A57: 3 | B57: 1 | C57: 2 | E57: Es el promedio de la variación interna
A58: 3 | B58: 5 | C58: 1
A59: 4 | B59: 3 | C59: 3
A60: 5 | B60: 1 | C60: 4
A61: 5 | B61: 2 | C61: 1
A62: 3 | B62: 2 | C62: 3
A63: 1 | B63: 4 | C63: 4 | E63: MC dentro | F63: =F43/F53 -> 1.4100802
A64: 3 | B64: 3 | C64: 5
A65: 1 | B65: 4 | C65: 5
A66: 3 | B66: 2 | C66: 2 | E66: Calculo F Calculado
A67: 3 | B67: 1 | C67: 2 | E67: El F calculado es un valor numérico que obtienes al aplicar la fórmula de ANOVA.
A68: 3 | B68: 1 | C68: 3 | E68: Sirve para decidir si hay diferencias significativas entre grupos.
A69: 5 | B69: 5 | C69: 5
A70: 3 | B70: 4 | C70: 3
A71: 5 | B71: 4 | C71: 3
A72: 2 | B72: 5 | C72: 4
A73: 3 | B73: 4 | C73: 5 | E73: F calculado | F73: =F33/F63 -> 0.59220146
A74: 1 | B74: 4 | C74: 2
A75: 1 | B75: 3 | C75: 3
A76: 3 | B76: 1 | C76: 1 | E76: Calculo F critico (Tabla) y P valor
A77: 4 | B77: 3 | C77: 3
A78: 5 | B78: 2 | C78: 3 | E78: α El mas comun 5% | F78: 0.05
A79: 2 | B79: 2 | C79: 3 | E79: gl entre | F79: =F24 -> 2
A80: 3 | B80: 4 | C80: 4 | E80: gl dentro | F80: =F53 -> 288
A81: 3 | B81: 4 | C81: 2 | E81: F critico (Tabla) | F81: =FINV(F78, F79, F80) -> 3.0271106
A82: 1 | B82: 3 | C82: 1 | E82: P valor | F82: =_xlfn.F.DIST.RT(F73, F79, F80) -> 0.55378039
A83: 2 | B83: 2 | C83: 3
A84: 2 | B84: 4 | C84: 5 | E84: Interpretación:
A85: 5 | B85: 3 | C85: 1
A86: 3 | B86: 3 | C86: 5 | E86: hipotesis nula Ho = No hay diferencias significativa
A87: 4 | B87: 4 | C87: 2 | E87: hipotesis alternativa H1 = Si hay diferencia significativa
A88: 3 | B88: 5 | C88: 2
A89: 2 | B89: 2 | C89: 2 | E89: ="Si F calculado ("&F73&") > F critico ("&F81&") ---> Se rechaza la hipotesis nula" -> Si F calculado (0.592201462225834) > F critico (3.02711064343263) ---> Se rechaza la hipotesis nula
A90: 3 | B90: 3 | C90: 1 | E90: ="Si p-valor ("&F82&") < α Nivel Significancia ("&F78&") ---> Se rechaza la hipotesis nula" -> Si p-valor (0.553780393037872) < α Nivel Significancia (0.05) ---> Se rechaza la hipotesis nula
A91: 3 | B91: 2 | C91: 3
A92: 3 | B92: 2 | C92: 1
A93: 3 | B93: 3 | C93: 3
A94: 3 | B94: 5 | C94: 2
A95: 3 | B95: 2 | C95: 3
A96: 3 | B96: 3 | C96: 4
A97: 3 | B97: 4 | C97: 4
A98: 3 | B98: 3 | C98: 3

Sheet Nota-final
A1: Grupo Control Pre Test Sin intervención | B1: Grupo Control Post Test Sin intervención | C1: Grupo Experimental Pre Test Sin intervención
A2: 3 | B2: 3 | C2: 3 | E2: Datos Generales
A3: 4 | B3: 2 | C3: 3 | E3: Tamano Grupos | F3: =COUNT(A:A) -> 97
A4: 3 | B4: 1 | C4: 3 | E4: Promedio Grupo A | F4: =AVERAGE(A:A) -> 2.9381443
A5: 3 | B5: 2 | C5: 2 | E5: Promedio Grupo B | F5: =AVERAGE(B:B) -> 2.7731959
A6: 2 | B6: 5 | C6: 3 | E6: Promedio Grupo C | F6: =AVERAGE(C:C) -> 2.8969072
A7: 2 | B7: 2 | C7: 3 | E7: Promedio Total total | F7: =AVERAGE(F4:F6) -> 2.8694158
A8: 3 | B8: 4 | C8: 3
A9: 1 | B9: 4 | C9: 3
A10: 4 | B10: 2 | C10: 1 | E10: Calculo Suma de Cuadrados Entre Grupos
A11: 5 | B11: 2 | C11: 4 | E11: Mide qué tan diferentes son los grupos entre sí
A12: 1 | B12: 3 | C12: 1 | E12: Compara las medias de cada grupo con la media general
A13: 3 | B13: 5 | C13: 4
A14: 5 | B14: 3 | C14: 2
A15: 3 | B15: 1 | C15: 1
A16: 3 | B16: 1 | C16: 3 | E16: SC Entre Grupos | F16: =F3*((F4-F7)^2+(F5-F7)^2+(F6-F7)^2) -> 1.4295533
A17: 3 | B17: 3 | C17: 2
A18: 2 | B18: 3 | C18: 4
A19: 3 | B19: 2 | C19: 3 | E19: Calculo gl ENTRE (Grados de libertad entre grupos)
A20: 3 | B20: 4 | C20: 3 | E20: Cantidad de grupos independientes que puedes comparar
A21: 4 | B21: 2 | C21: 4 | E21: k (Numero de grupos) | F21: 3
A22: 3 | B22: 3 | C22: 3
A23: 4 | B23: 1 | C23: 2
A24: 3 | B24: 4 | C24: 5 | E24: gl entre | F24: =F21-1 -> 2
A25: 3 | B25: 3 | C25: 1
A26: 4 | B26: 3 | C26: 5
A27: 2 | B27: 3 | C27: 2 | E27: Calculo MC ENTRE (Media Cuadrática Entre)
A28: 2 | B28: 1 | C28: 5 | E28: Es el promedio de la variación entre grupos
A29: 2 | B29: 2 | C29: 1
A30: 1 | B30: 3 | C30: 4
A31: 3 | B31: 1 | C31: 2
A32: 4 | B32: 1 | C32: 5
A33: 3 | B33: 3 | C33: 2 | E33: MC entre | F33: =F16/F24 -> 0.71477663
A34: 4 | B34: 5 | C34: 4
A35: 2 | B35: 5 | C35: 3
A36: 1 | B36: 1 | C36: 3 | E36: Calculo SC DENTRO DE GRUPOS (Suma de Cuadrados Dentro)
A37: 5 | B37: 3 | C37: 2 | E37: Mide la variabilidad interna de cada grupo
A38: 2 | B38: 2 | C38: 4 | E38: Qué tanto varían los datos dentro del mismo grupo
A39: 3 | B39: 2 | C39: 1
A40: 3 | B40: 1 | C40: 2
A41: 1 | B41: 1 | C41: 4
A42: 3 | B42: 3 | C42: 4
A43: 4 | B43: 1 | C43: 3 | E43: SC Dentro Grupos | F43: =DEVSQ(A:A)+DEVSQ(B:B)+DEVSQ(C:C) -> 349.60825
A44: 5 | B44: 3 | C44: 1
A45: 5 | B45: 4 | C45: 2
A46: 1 | B46: 2 | C46: 3 | E46: Calculo gl DENTRO (Grados de libertad dentro)
A47: 2 | B47: 3 | C47: 2 | E47: N = total de datos | F47: =COUNT(A:A,B:B,C:C,#REF!) -> 291
A48: 3 | B48: 3 | C48: 3 | E48: k (Numero de grupos) | F48: =F21 -> 3
A49: 4 | B49: 2 | C49: 4
A50: 3 | B50: 5 | C50: 4
A51: 4 | B51: 3 | C51: 4
A52: 4 | B52: 4 | C52: 3
A53: 5 | B53: 3 | C53: 3 | E53: gl dentro | F53: =F47-F48 -> 288
A54: 3 | B54: 3 | C54: 4
A55: 3 | B55: 2 | C55: 1
A56: 4 | B56: 1 | C56: 1 | E56: Calculo MC DENTRO (Media Cuadrática Dentro)
A57: 2 | B57: 3 | C57: 3 | E57: Es el promedio de la variación interna
A58: 3 | B58: 3 | C58: 4
A59: 2 | B59: 2 | C59: 4
A60: 2 | B60: 3 | C60: 2
A61: 3 | B61: 4 | C61: 3
A62: 2 | B62: 2 | C62: 3
A63: 3 | B63: 4 | C63: 3 | E63: MC dentro | F63: =F43/F53 -> 1.2139175
A64: 5 | B64: 1 | C64: 2
A65: 2 | B65: 2 | C65: 2
A66: 1 | B66: 4 | C66: 4 | E66: Calculo F Calculado
A67: 2 | B67: 4 | C67: 4 | E67: El F calculado es un valor numérico que obtienes al aplicar la fórmula de ANOVA.
A68: 4 | B68: 3 | C68: 1 | E68: Sirve para decidir si hay diferencias significativas entre grupos.
A69: 3 | B69: 1 | C69: 4
A70: 3 | B70: 3 | C70: 2
A71: 3 | B71: 5 | C71: 3
A72: 4 | B72: 3 | C72: 3
A73: 5 | B73: 3 | C73: 4 | E73: F calculado | F73: =F33/F63 -> 0.58881812
A74: 3 | B74: 4 | C74: 3
A75: 3 | B75: 3 | C75: 5
A76: 3 | B76: 3 | C76: 3 | E76: Calculo F critico (Tabla) y P valor
A77: 4 | B77: 3 | C77: 2
A78: 3 | B78: 3 | C78: 3 | E78: α El mas comun 5% | F78: 0.05
A79: 3 | B79: 1 | C79: 2 | E79: gl entre | F79: =F24 -> 2
A80: 2 | B80: 3 | C80: 3 | E80: gl dentro | F80: =F53 -> 288
A81: 2 | B81: 4 | C81: 2 | E81: F critico (Tabla) | F81: =FINV(F78, F79, F80) -> 3.0271106
A82: 3 | B82: 4 | C82: 3 | E82: P valor | F82: =_xlfn.F.DIST.RT(F73, F79, F80) -> 0.55564952
A83: 3 | B83: 3 | C83: 4
A84: 3 | B84: 3 | C84: 2 | E84: Interpretación:
A85: 2 | B85: 1 | C85: 3
A86: 1 | B86: 5 | C86: 3 | E86: hipotesis nula Ho = No hay diferencias significativa
A87: 5 | B87: 4 | C87: 2 | E87: hipotesis alternativa H1 = Si hay diferencia significativa
A88: 3 | B88: 2 | C88: 3
A89: 3 | B89: 1 | C89: 2 | E89: ="Si F calculado ("&F73&") > F critico ("&F81&") ---> Se rechaza la hipotesis nula" -> Si F calculado (0.58881811748054) > F critico (3.02711064343263) ---> Se rechaza la hipotesis nula
A90: 3 | B90: 3 | C90: 4 | E90: ="Si p-valor ("&F82&") < α Nivel Significancia ("&F78&") ---> Se rechaza la hipotesis nula" -> Si p-valor (0.555649518353864) < α Nivel Significancia (0.05) ---> Se rechaza la hipotesis nula
A91: 1 | B91: 3 | C91: 3
A92: 4 | B92: 3 | C92: 3
A93: 1 | B93: 1 | C93: 2
A94: 2 | B94: 3 | C94: 3
A95: 3 | B95: 3 | C95: 4
A96: 1 | B96: 4 | C96: 3
A97: 3 | B97: 5 | C97: 3
A98: 4 | B98: 3 | C98: 3

Sheet Comprensión
A1: Grupo Control Pre Test Sin intervención | B1: Grupo Control Post Test Sin intervención | C1: Grupo Experimental Pre Test Sin intervención
A2: 3 | B2: 3 | C2: 5 | E2: Datos Generales
A3: 3 | B3: 5 | C3: 3 | E3: Tamano Grupos | F3: =COUNT(A:A) -> 97
A4: 1 | B4: 2 | C4: 4 | E4: Promedio Grupo A | F4: =AVERAGE(A:A) -> 3.1340206
A5: 3 | B5: 3 | C5: 3 | E5: Promedio Grupo B | F5: =AVERAGE(B:B) -> 3.0618557
A6: 3 | B6: 3 | C6: 4 | E6: Promedio Grupo C | F6: =AVERAGE(C:C) -> 3.1237113
A7: 3 | B7: 3 | C7: 2 | E7: Promedio Total total | F7: =AVERAGE(F4:F6) -> 3.1065292
A8: 3 | B8: 2 | C8: 3
A9: 4 | B9: 1 | C9: 4
A10: 3 | B10: 3 | C10: 4 | E10: Calculo Suma de Cuadrados Entre Grupos
A11: 5 | B11: 3 | C11: 4 | E11: Mide qué tan diferentes son los grupos entre sí
A12: 1 | B12: 3 | C12: 3 | E12: Compara las medias de cada grupo con la media general
A13: 2 | B13: 2 | C13: 2
A14: 5 | B14: 2 | C14: 3
A15: 2 | B15: 5 | C15: 3
A16: 3 | B16: 4 | C16: 1 | E16: SC Entre Grupos | F16: =F3*((F4-F7)^2+(F5-F7)^2+(F6-F7)^2) -> 0.29553265
A17: 4 | B17: 3 | C17: 3
A18: 4 | B18: 3 | C18: 5
A19: 3 | B19: 5 | C19: 4 | E19: Calculo gl ENTRE (Grados de libertad entre grupos)
A20: 2 | B20: 4 | C20: 2 | E20: Cantidad de grupos independientes que puedes comparar
A21: 4 | B21: 3 | C21: 2 | E21: k (Numero de grupos) | F21: 3
A22: 3 | B22: 1 | C22: 4
A23: 4 | B23: 2 | C23: 4
A24: 5 | B24: 5 | C24: 4 | E24: gl entre | F24: =F21-1 -> 2
A25: 4 | B25: 3 | C25: 5
A26: 4 | B26: 3 | C26: 3
A27: 5 | B27: 3 | C27: 5 | E27: Calculo MC ENTRE (Media Cuadrática Entre)
A28: 3 | B28: 1 | C28: 2 | E28: Es el promedio de la variación entre grupos
A29: 3 | B29: 3 | C29: 4
A30: 2 | B30: 2 | C30: 2
A31: 2 | B31: 2 | C31: 3
A32: 5 | B32: 5 | C32: 3
A33: 3 | B33: 4 | C33: 3 | E33: MC entre | F33: =F16/F24 -> 0.14776632
A34: 4 | B34: 4 | C34: 4
A35: 4 | B35: 5 | C35: 5
A36: 4 | B36: 3 | C36: 3 | E36: Calculo SC DENTRO DE GRUPOS (Suma de Cuadrados Dentro)
A37: 2 | B37: 5 | C37: 2 | E37: Mide la variabilidad interna de cada grupo
A38: 3 | B38: 1 | C38: 5 | E38: Qué tanto varían los datos dentro del mismo grupo
A39: 2 | B39: 4 | C39: 5
A40: 3 | B40: 1 | C40: 2
A41: 3 | B41: 2 | C41: 2
A42: 2 | B42: 5 | C42: 1
A43: 4 | B43: 3 | C43: 3 | E43: SC Dentro Grupos | F43: =DEVSQ(A:A)+DEVSQ(B:B)+DEVSQ(C:C) -> 405.40206
A44: 3 | B44: 2 | C44: 3
A45: 5 | B45: 5 | C45: 4
A46: 3 | B46: 4 | C46: 3 | E46: Calculo gl DENTRO (Grados de libertad dentro)
A47: 2 | B47: 4 | C47: 2 | E47: N = total de datos | F47: =COUNT(A:A,B:B,C:C,#REF!) -> 291
A48: 1 | B48: 2 | C48: 2 | E48: k (Numero de grupos) | F48: =F21 -> 3
A49: 3 | B49: 3 | C49: 2
A50: 3 | B50: 2 | C50: 3
A51: 2 | B51: 3 | C51: 2
A52: 4 | B52: 3 | C52: 4
A53: 4 | B53: 1 | C53: 5 | E53: gl dentro | F53: =F47-F48 -> 288
A54: 2 | B54: 5 | C54: 3
A55: 5 | B55: 3 | C55: 3
A56: 1 | B56: 2 | C56: 3 | E56: Calculo MC DENTRO (Media Cuadrática Dentro)
A57: 1 | B57: 3 | C57: 3 | E57: Es el promedio de la variación interna
A58: 4 | B58: 2 | C58: 3
A59: 4 | B59: 1 | C59: 5
A60: 2 | B60: 5 | C60: 5
A61: 1 | B61: 4 | C61: 2
A62: 5 | B62: 2 | C62: 5
A63: 5 | B63: 2 | C63: 3 | E63: MC dentro | F63: =F43/F53 -> 1.407646
A64: 4 | B64: 2 | C64: 4
A65: 1 | B65: 2 | C65: 2
A66: 5 | B66: 3 | C66: 3 | E66: Calculo F Calculado
A67: 5 | B67: 2 | C67: 3 | E67: El F calculado es un valor numérico que obtienes al aplicar la fórmula de ANOVA.
A68: 3 | B68: 5 | C68: 4 | E68: Sirve para decidir si hay diferencias significativas entre grupos.
A69: 1 | B69: 3 | C69: 2
A70: 5 | B70: 2 | C70: 3
A71: 1 | B71: 3 | C71: 2
A72: 4 | B72: 1 | C72: 1
A73: 5 | B73: 3 | C73: 4 | E73: F calculado | F73: =F33/F63 -> 0.10497406
A74: 1 | B74: 2 | C74: 3
A75: 3 | B75: 3 | C75: 3
A76: 3 | B76: 5 | C76: 4 | E76: Calculo F critico (Tabla) y P valor
A77: 4 | B77: 3 | C77: 2
A78: 3 | B78: 3 | C78: 4 | E78: α El mas comun 5% | F78: 0.05
A79: 4 | B79: 3 | C79: 3 | E79: gl entre | F79: =F24 -> 2
A80: 3 | B80: 3 | C80: 3 | E80: gl dentro | F80: =F53 -> 288
A81: 3 | B81: 4 | C81: 5 | E81: F critico (Tabla) | F81: =FINV(F78, F79, F80) -> 3.0271106
A82: 2 | B82: 3 | C82: 2 | E82: P valor | F82: =_xlfn.F.DIST.RT(F73, F79, F80) -> 0.90038231
A83: 1 | B83: 5 | C83: 2
A84: 3 | B84: 2 | C84: 1 | E84: Interpretación:
A85: 3 | B85: 3 | C85: 3
A86: 3 | B86: 3 | C86: 3 | E86: hipotesis nula Ho = No hay diferencias significativa
A87: 2 | B87: 4 | C87: 1 | E87: hipotesis alternativa H1 = Si hay diferencia significativa
A88: 5 | B88: 3 | C88: 2
A89: 3 | B89: 1 | C89: 4 | E89: ="Si F calculado ("&F73&") > F critico ("&F81&") ---> Se rechaza la hipotesis nula" -> Si F calculado (0.104974061641746) > F critico (3.02711064343263) ---> Se rechaza la hipotesis nula
A90: 5 | B90: 5 | C90: 3 | E90: ="Si p-valor ("&F82&") < α Nivel Significancia ("&F78&") ---> Se rechaza la hipotesis nula" -> Si p-valor (0.900382309170213) < α Nivel Significancia (0.05) ---> Se rechaza la hipotesis nula
A91: 2 | B91: 4 | C91: 4
A92: 1 | B92: 2 | C92: 3
A93: 3 | B93: 5 | C93: 2
A94: 4 | B94: 2 | C94: 3
A95: 3 | B95: 3 | C95: 5
A96: 3 | B96: 5 | C96: 2
A97: 5 | B97: 3 | C97: 1
A98: 3 | B98: 5 | C98: 4

Sheet Habilidades
A1: Grupo Control Pre Test Sin intervención | B1: Grupo Control Post Test Sin intervención | C1: Grupo Experimental Pre Test Sin intervención
A2: 4 | B2: 4 | C2: 3 | E2: Datos Generales
A3: 4 | B3: 4 | C3: 3 | E3: Tamano Grupos | F3: =COUNT(A:A) -> 97
A4: 3 | B4: 4 | C4: 5 | E4: Promedio Grupo A | F4: =AVERAGE(A:A) -> 3.1546392
A5: 3 | B5: 2 | C5: 3 | E5: Promedio Grupo B | F5: =AVERAGE(B:B) -> 3.0927835
A6: 5 | B6: 1 | C6: 4 | E6: Promedio Grupo C | F6: =AVERAGE(C:C) -> 2.9587629
A7: 3 | B7: 5 | C7: 2 | E7: Promedio Total total | F7: =AVERAGE(F4:F6) -> 3.0687285
A8: 4 | B8: 4 | C8: 4
A9: 3 | B9: 2 | C9: 3
A10: 5 | B10: 1 | C10: 2 | E10: Calculo Suma de Cuadrados Entre Grupos
A11: 4 | B11: 4 | C11: 4 | E11: Mide qué tan diferentes son los grupos entre sí
A12: 3 | B12: 2 | C12: 2 | E12: Compara las medias de cada grupo con la media general
A13: 3 | B13: 3 | C13: 2
A14: 3 | B14: 5 | C14: 5
A15: 1 | B15: 2 | C15: 5
A16: 3 | B16: 3 | C16: 5 | E16: SC Entre Grupos | F16: =F3*((F4-F7)^2+(F5-F7)^2+(F6-F7)^2) -> 1.9450172
A17: 1 | B17: 4 | C17: 5
A18: 5 | B18: 4 | C18: 3
A19: 1 | B19: 3 | C19: 1 | E19: Calculo gl ENTRE (Grados de libertad entre grupos)
A20: 4 | B20: 3 | C20: 3 | E20: Cantidad de grupos independientes que puedes comparar
A21: 4 | B21: 3 | C21: 1 | E21: k (Numero de grupos) | F21: 3
A22: 2 | B22: 2 | C22: 5
A23: 2 | B23: 5 | C23: 4
A24: 4 | B24: 3 | C24: 3 | E24: gl entre | F24: =F21-1 -> 2
A25: 3 | B25: 3 | C25: 2
A26: 4 | B26: 4 | C26: 1
A27: 4 | B27: 1 | C27: 3 | E27: Calculo MC ENTRE (Media Cuadrática Entre)
A28: 2 | B28: 5 | C28: 3 | E28: Es el promedio de la variación entre grupos
A29: 2 | B29: 5 | C29: 2
A30: 3 | B30: 1 | C30: 5
A31: 3 | B31: 2 | C31: 1
A32: 5 | B32: 3 | C32: 3
A33: 3 | B33: 3 | C33: 3 | E33: MC entre | F33: =F16/F24 -> 0.97250859
A34: 4 | B34: 2 | C34: 5
A35: 3 | B35: 4 | C35: 3
A36: 3 | B36: 4 | C36: 4 | E36: Calculo SC DENTRO DE GRUPOS (Suma de Cuadrados Dentro)
A37: 4 | B37: 4 | C37: 3 | E37: Mide la variabilidad interna de cada grupo
A38: 2 | B38: 4 | C38: 4 | E38: Qué tanto varían los datos dentro del mismo grupo
A39: 2 | B39: 2 | C39: 2
A40: 5 | B40: 5 | C40: 4
A41: 3 | B41: 2 | C41: 5
A42: 4 | B42: 4 | C42: 1
A43: 2 | B43: 3 | C43: 3 | E43: SC Dentro Grupos | F43: =DEVSQ(A:A)+DEVSQ(B:B)+DEVSQ(C:C) -> 372.68041
A44: 2 | B44: 2 | C44: 3
A45: 4 | B45: 1 | C45: 4
A46: 2 | B46: 4 | C46: 3 | E46: Calculo gl DENTRO (Grados de libertad dentro)
A47: 4 | B47: 3 | C47: 3 | E47: N = total de datos | F47: =COUNT(A:A,B:B,C:C,#REF!) -> 291
A48: 1 | B48: 3 | C48: 5 | E48: k (Numero de grupos) | F48: =F21 -> 3
A49: 2 | B49: 4 | C49: 3
A50: 3 | B50: 2 | C50: 3
A51: 2 | B51: 2 | C51: 4
A52: 2 | B52: 4 | C52: 2
A53: 2 | B53: 4 | C53: 3 | E53: gl dentro | F53: =F47-F48 -> 288
A54: 3 | B54: 1 | C54: 2
A55: 3 | B55: 3 | C55: 3
A56: 4 | B56: 2 | C56: 3 | E56: Calculo MC DENTRO (Media Cuadrática Dentro)
A57: 2 | B57: 5 | C57: 3 | E57: Es el promedio de la variación interna
A58: 2 | B58: 2 | C58: 2
A59: 2 | B59: 3 | C59: 1
A60: 5 | B60: 3 | C60: 1
A61: 5 | B61: 4 | C61: 2
A62: 5 | B62: 3 | C62: 2
A63: 4 | B63: 3 | C63: 3 | E63: MC dentro | F63: =F43/F53 -> 1.2940292
A64: 3 | B64: 2 | C64: 4
A65: 3 | B65: 4 | C65: 2
A66: 2 | B66: 2 | C66: 2 | E66: Calculo F Calculado
A67: 5 | B67: 3 | C67: 2 | E67: El F calculado es un valor numérico que obtienes al aplicar la fórmula de ANOVA.
A68: 3 | B68: 2 | C68: 4 | E68: Sirve para decidir si hay diferencias significativas entre grupos.
A69: 3 | B69: 4 | C69: 2
A70: 2 | B70: 4 | C70: 1
A71: 2 | B71: 5 | C71: 3
A72: 3 | B72: 2 | C72: 4
A73: 5 | B73: 4 | C73: 3 | E73: F calculado | F73: =F33/F63 -> 0.75153527
A74: 5 | B74: 3 | C74: 2
A75: 3 | B75: 5 | C75: 3
A76: 2 | B76: 3 | C76: 3 | E76: Calculo F critico (Tabla) y P valor
A77: 3 | B77: 4 | C77: 2
A78: 3 | B78: 3 | C78: 3 | E78: α El mas comun 5% | F78: 0.05
A79: 4 | B79: 5 | C79: 4 | E79: gl entre | F79: =F24 -> 2
A80: 5 | B80: 3 | C80: 4 | E80: gl dentro | F80: =F53 -> 288
A81: 2 | B81: 1 | C81: 3 | E81: F critico (Tabla) | F81: =FINV(F78, F79, F80) -> 3.0271106
A82: 4 | B82: 2 | C82: 2 | E82: P valor | F82: =_xlfn.F.DIST.RT(F73, F79, F80) -> 0.47256455
A83: 2 | B83: 2 | C83: 5
A84: 3 | B84: 5 | C84: 3 | E84: Interpretación:
A85: 1 | B85: 3 | C85: 3
A86: 1 | B86: 3 | C86: 4 | E86: hipotesis nula Ho = No hay diferencias significativa
A87: 4 | B87: 4 | C87: 3 | E87: hipotesis alternativa H1 = Si hay diferencia significativa
A88: 4 | B88: 3 | C88: 1
A89: 4 | B89: 2 | C89: 3 | E89: ="Si F calculado ("&F73&") > F critico ("&F81&") ---> Se rechaza la hipotesis nula" -> Si F calculado (0.751535269709542) > F critico (3.02711064343263) ---> Se rechaza la hipotesis nula
A90: 3 | B90: 3 | C90: 3 | E90: ="Si p-valor ("&F82&") < α Nivel Significancia ("&F78&") ---> Se rechaza la hipotesis nula" -> Si p-valor (0.472564545498782) < α Nivel Significancia (0.05) ---> Se rechaza la hipotesis nula
A91: 4 | B91: 5 | C91: 1
A92: 5 | B92: 3 | C92: 3
A93: 4 | B93: 2 | C93: 2
A94: 3 | B94: 2 | C94: 3
A95: 3 | B95: 5 | C95: 2
A96: 3 | B96: 2 | C96: 4
A97: 3 | B97: 2 | C97: 2
A98: 3 | B98: 1 | C98: 3

Sheet Resolución-autónoma
A1: Grupo Control Pre Test Sin intervención | B1: Grupo Control Post Test Sin intervención | C1: Grupo Experimental Pre Test Sin intervención
A2: 3 | B2: 3 | C2: 1 | E2: Datos Generales
A3: 4 | B3: 2 | C3: 1 | E3: Tamano Grupos | F3: =COUNT(A:A) -> 97
A4: 3 | B4: 5 | C4: 3 | E4: Promedio Grupo A | F4: =AVERAGE(A:A) -> 2.9793814
A5: 3 | B5: 5 | C5: 3 | E5: Promedio Grupo B | F5: =AVERAGE(B:B) -> 2.9587629
A6: 3 | B6: 4 | C6: 1 | E6: Promedio Grupo C | F6: =AVERAGE(C:C) -> 3.0206186
A7: 3 | B7: 2 | C7: 3 | E7: Promedio Total total | F7: =AVERAGE(F4:F6) -> 2.9862543
A8: 3 | B8: 4 | C8: 4
A9: 3 | B9: 3 | C9: 1
A10: 4 | B10: 3 | C10: 4 | E10: Calculo Suma de Cuadrados Entre Grupos
A11: 3 | B11: 3 | C11: 4 | E11: Mide qué tan diferentes son los grupos entre sí
A12: 5 | B12: 5 | C12: 3 | E12: Compara las medias de cada grupo con la media general
A13: 3 | B13: 5 | C13: 2
A14: 1 | B14: 4 | C14: 3
A15: 2 | B15: 3 | C15: 1
A16: 2 | B16: 3 | C16: 3 | E16: SC Entre Grupos | F16: =F3*((F4-F7)^2+(F5-F7)^2+(F6-F7)^2) -> 0.19243986
A17: 3 | B17: 3 | C17: 5
A18: 2 | B18: 3 | C18: 3
A19: 3 | B19: 4 | C19: 3 | E19: Calculo gl ENTRE (Grados de libertad entre grupos)
A20: 4 | B20: 3 | C20: 3 | E20: Cantidad de grupos independientes que puedes comparar
A21: 5 | B21: 4 | C21: 5 | E21: k (Numero de grupos) | F21: 3
A22: 2 | B22: 2 | C22: 3
A23: 3 | B23: 5 | C23: 5
A24: 3 | B24: 4 | C24: 3 | E24: gl entre | F24: =F21-1 -> 2
A25: 4 | B25: 2 | C25: 4
A26: 5 | B26: 4 | C26: 3
A27: 2 | B27: 3 | C27: 3 | E27: Calculo MC ENTRE (Media Cuadrática Entre)
A28: 2 | B28: 3 | C28: 3 | E28: Es el promedio de la variación entre grupos
A29: 2 | B29: 3 | C29: 4
A30: 2 | B30: 1 | C30: 3
A31: 4 | B31: 3 | C31: 3
A32: 3 | B32: 1 | C32: 4
A33: 4 | B33: 3 | C33: 3 | E33: MC entre | F33: =F16/F24 -> 0.096219931
A34: 3 | B34: 3 | C34: 2
A35: 3 | B35: 3 | C35: 3
A36: 2 | B36: 3 | C36: 3 | E36: Calculo SC DENTRO DE GRUPOS (Suma de Cuadrados Dentro)
A37: 1 | B37: 4 | C37: 2 | E37: Mide la variabilidad interna de cada grupo
A38: 3 | B38: 3 | C38: 5 | E38: Qué tanto varían los datos dentro del mismo grupo
A39: 3 | B39: 2 | C39: 3
A40: 2 | B40: 2 | C40: 2
A41: 4 | B41: 3 | C41: 1
A42: 2 | B42: 5 | C42: 2
A43: 2 | B43: 1 | C43: 4 | E43: SC Dentro Grupos | F43: =DEVSQ(A:A)+DEVSQ(B:B)+DEVSQ(C:C) -> 331.75258
A44: 2 | B44: 2 | C44: 1
A45: 5 | B45: 2 | C45: 4
A46: 3 | B46: 2 | C46: 3 | E46: Calculo gl DENTRO (Grados de libertad dentro)
A47: 2 | B47: 2 | C47: 5 | E47: N = total de datos | F47: =COUNT(A:A,B:B,C:C,#REF!) -> 291
A48: 3 | B48: 4 | C48: 3 | E48: k (Numero de grupos) | F48: =F21 -> 3
A49: 2 | B49: 2 | C49: 4
A50: 2 | B50: 2 | C50: 2
A51: 4 | B51: 1 | C51: 4
A52: 3 | B52: 1 | C52: 1
A53: 2 | B53: 5 | C53: 3 | E53: gl dentro | F53: =F47-F48 -> 288
A54: 3 | B54: 3 | C54: 4
A55: 3 | B55: 2 | C55: 5
A56: 1 | B56: 3 | C56: 2 | E56: Calculo MC DENTRO (Media Cuadrática Dentro)
A57: 2 | B57: 3 | C57: 2 | E57: Es el promedio de la variación interna
A58: 3 | B58: 3 | C58: 3
A59: 2 | B59: 3 | C59: 3
A60: 3 | B60: 4 | C60: 3
A61: 4 | B61: 2 | C61: 2
A62: 1 | B62: 3 | C62: 4
A63: 3 | B63: 4 | C63: 3 | E63: MC dentro | F63: =F43/F53 -> 1.1519187
A64: 2 | B64: 2 | C64: 3
A65: 1 | B65: 2 | C65: 2
A66: 2 | B66: 2 | C66: 2 | E66: Calculo F Calculado
A67: 4 | B67: 3 | C67: 2 | E67: El F calculado es un valor numérico que obtienes al aplicar la fórmula de ANOVA.
A68: 3 | B68: 1 | C68: 2 | E68: Sirve para decidir si hay diferencias significativas entre grupos.
A69: 2 | B69: 3 | C69: 3
A70: 3 | B70: 3 | C70: 3
A71: 2 | B71: 1 | C71: 3
A72: 5 | B72: 3 | C72: 4
A73: 5 | B73: 4 | C73: 4 | E73: F calculado | F73: =F33/F63 -> 0.083530143
A74: 1 | B74: 2 | C74: 3
A75: 2 | B75: 3 | C75: 3
A76: 3 | B76: 4 | C76: 5 | E76: Calculo F critico (Tabla) y P valor
A77: 4 | B77: 1 | C77: 3
A78: 3 | B78: 4 | C78: 4 | E78: α El mas comun 5% | F78: 0.05
A79: 3 | B79: 5 | C79: 3 | E79: gl entre | F79: =F24 -> 2
A80: 3 | B80: 3 | C80: 5 | E80: gl dentro | F80: =F53 -> 288
A81: 2 | B81: 5 | C81: 2 | E81: F critico (Tabla) | F81: =FINV(F78, F79, F80) -> 3.0271106
A82: 4 | B82: 3 | C82: 5 | E82: P valor | F82: =_xlfn.F.DIST.RT(F73, F79, F80) -> 0.91988564
A83: 4 | B83: 3 | C83: 4
A84: 3 | B84: 4 | C84: 4 | E84: Interpretación:
A85: 3 | B85: 3 | C85: 4
A86: 3 | B86: 3 | C86: 3 | E86: hipotesis nula Ho = No hay diferencias significativa
A87: 5 | B87: 4 | C87: 2 | E87: hipotesis alternativa H1 = Si hay diferencia significativa
A88: 4 | B88: 1 | C88: 2
A89: 3 | B89: 2 | C89: 4 | E89: ="Si F calculado ("&F73&") > F critico ("&F81&") ---> Se rechaza la hipotesis nula" -> Si F calculado (0.0835301429459285) > F critico (3.02711064343263) ---> Se rechaza la hipotesis nula
A90: 3 | B90: 3 | C90: 4 | E90: ="Si p-valor ("&F82&") < α Nivel Significancia ("&F78&") ---> Se rechaza la hipotesis nula" -> Si p-valor (0.919885635755579) < α Nivel Significancia (0.05) ---> Se rechaza la hipotesis nula
A91: 5 | B91: 2 | C91: 1
A92: 4 | B92: 2 | C92: 3
A93: 5 | B93: 2 | C93: 2
A94: 4 | B94: 3 | C94: 2
A95: 3 | B95: 4 | C95: 4
A96: 2 | B96: 2 | C96: 3
A97: 5 | B97: 4 | C97: 2
A98: 3 | B98: 4 | C98: 3

Sheet Motivación
A1: Grupo Control Pre Test Sin intervención | B1: Grupo Control Post Test Sin intervención | C1: Grupo Experimental Pre Test Sin intervención
A2: 4 | B2: 3 | C2: 3 | E2: Datos Generales
A3: 4 | B3: 3 | C3: 4 | E3: Tamano Grupos | F3: =COUNT(A:A) -> 97
A4: 2 | B4: 5 | C4: 2 | E4: Promedio Grupo A | F4: =AVERAGE(A:A) -> 3.0309278
A5: 3 | B5: 5 | C5: 1 | E5: Promedio Grupo B | F5: =AVERAGE(B:B) -> 2.9278351
A6: 3 | B6: 2 | C6: 3 | E6: Promedio Grupo C | F6: =AVERAGE(C:C) -> 2.9484536
A7: 2 | B7: 3 | C7: 3 | E7: Promedio Total total | F7: =AVERAGE(F4:F6) -> 2.9690722
A8: 4 | B8: 3 | C8: 3
A9: 3 | B9: 1 | C9: 2
A10: 3 | B10: 2 | C10: 3 | E10: Calculo Suma de Cuadrados Entre Grupos
A11: 1 | B11: 3 | C11: 3 | E11: Mide qué tan diferentes son los grupos entre sí
A12: 1 | B12: 3 | C12: 2 | E12: Compara las medias de cada grupo con la media general
A13: 4 | B13: 5 | C13: 4
A14: 4 | B14: 4 | C14: 3
A15: 5 | B15: 3 | C15: 5
A16: 5 | B16: 4 | C16: 3 | E16: SC Entre Grupos | F16: =F3*((F4-F7)^2+(F5-F7)^2+(F6-F7)^2) -> 0.57731959
A17: 2 | B17: 4 | C17: 3
A18: 3 | B18: 2 | C18: 3
A19: 3 | B19: 2 | C19: 3 | E19: Calculo gl ENTRE (Grados de libertad entre grupos)
A20: 4 | B20: 3 | C20: 4 | E20: Cantidad de grupos independientes que puedes comparar
A21: 3 | B21: 5 | C21: 2 | E21: k (Numero de grupos) | F21: 3
A22: 2 | B22: 1 | C22: 2
A23: 3 | B23: 2 | C23: 3
A24: 1 | B24: 3 | C24: 4 | E24: gl entre | F24: =F21-1 -> 2
A25: 3 | B25: 3 | C25: 2
A26: 3 | B26: 4 | C26: 4
A27: 4 | B27: 1 | C27: 4 | E27: Calculo MC ENTRE (Media Cuadrática Entre)
A28: 3 | B28: 1 | C28: 1 | E28: Es el promedio de la variación entre grupos
A29: 3 | B29: 4 | C29: 3
A30: 3 | B30: 1 | C30: 1
A31: 3 | B31: 1 | C31: 3
A32: 5 | B32: 4 | C32: 3
A33: 3 | B33: 2 | C33: 5 | E33: MC entre | F33: =F16/F24 -> 0.28865979
A34: 1 | B34: 3 | C34: 3
A35: 5 | B35: 3 | C35: 1
A36: 1 | B36: 5 | C36: 5 | E36: Calculo SC DENTRO DE GRUPOS (Suma de Cuadrados Dentro)
A37: 3 | B37: 2 | C37: 3 | E37: Mide la variabilidad interna de cada grupo
A38: 2 | B38: 5 | C38: 3 | E38: Qué tanto varían los datos dentro del mismo grupo
A39: 2 | B39: 2 | C39: 4
A40: 3 | B40: 5 | C40: 4
A41: 2 | B41: 3 | C41: 2
A42: 4 | B42: 3 | C42: 2
A43: 4 | B43: 1 | C43: 2 | E43: SC Dentro Grupos | F43: =DEVSQ(A:A)+DEVSQ(B:B)+DEVSQ(C:C) -> 344.14433
A44: 3 | B44: 3 | C44: 5
A45: 4 | B45: 5 | C45: 4
A46: 3 | B46: 3 | C46: 4 | E46: Calculo gl DENTRO (Grados de libertad dentro)
A47: 1 | B47: 3 | C47: 3 | E47: N = total de datos | F47: =COUNT(A:A,B:B,C:C,#REF!) -> 291
A48: 2 | B48: 1 | C48: 4 | E48: k (Numero de grupos) | F48: =F21 -> 3
A49: 3 | B49: 2 | C49: 2
A50: 5 | B50: 4 | C50: 3
A51: 3 | B51: 3 | C51: 5
A52: 1 | B52: 4 | C52: 3
A53: 5 | B53: 3 | C53: 3 | E53: gl dentro | F53: =F47-F48 -> 288
A54: 3 | B54: 3 | C54: 4
A55: 3 | B55: 3 | C55: 3
A56: 4 | B56: 3 | C56: 1 | E56: Calculo MC DENTRO (Media Cuadrática Dentro)
A57: 3 | B57: 3 | C57: 3 | E57: Es el promedio de la variación interna
A58: 4 | B58: 3 | C58: 1
A59: 4 | B59: 3 | C59: 5
A60: 3 | B60: 5 | C60: 3
A61: 2 | B61: 2 | C61: 3
A62: 5 | B62: 3 | C62: 3
A63: 2 | B63: 5 | C63: 2 | E63: MC dentro | F63: =F43/F53 -> 1.1949456
A64: 4 | B64: 3 | C64: 3
A65: 5 | B65: 3 | C65: 5
A66: 1 | B66: 3 | C66: 2 | E66: Calculo F Calculado
A67: 3 | B67: 4 | C67: 5 | E67: El F calculado es un valor numérico que obtienes al aplicar la fórmula de ANOVA.
A68: 3 | B68: 5 | C68: 3 | E68: Sirve para decidir si hay diferencias significativas entre grupos.
A69: 2 | B69: 5 | C69: 3
A70: 2 | B70: 4 | C70: 2
A71: 4 | B71: 1 | C71: 3
A72: 3 | B72: 3 | C72: 2
A73: 4 | B73: 3 | C73: 2 | E73: F calculado | F73: =F33/F63 -> 0.24156731
A74: 4 | B74: 1 | C74: 3
A75: 1 | B75: 3 | C75: 3
A76: 2 | B76: 3 | C76: 1 | E76: Calculo F critico (Tabla) y P valor
A77: 4 | B77: 3 | C77: 2
A78: 3 | B78: 2 | C78: 3 | E78: α El mas comun 5% | F78: 0.05
A79: 3 | B79: 2 | C79: 2 | E79: gl entre | F79: =F24 -> 2
A80: 3 | B80: 3 | C80: 4 | E80: gl dentro | F80: =F53 -> 288
A81: 3 | B81: 3 | C81: 4 | E81: F critico (Tabla) | F81: =FINV(F78, F79, F80) -> 3.0271106
A82: 4 | B82: 4 | C82: 3 | E82: P valor | F82: =_xlfn.F.DIST.RT(F73, F79, F80) -> 0.78555491
A83: 4 | B83: 2 | C83: 1
A84: 3 | B84: 1 | C84: 2 | E84: Interpretación:
A85: 2 | B85: 2 | C85: 2
A86: 3 | B86: 1 | C86: 2 | E86: hipotesis nula Ho = No hay diferencias significativa
A87: 3 | B87: 3 | C87: 3 | E87: hipotesis alternativa H1 = Si hay diferencia significativa
A88: 3 | B88: 3 | C88: 1
A89: 2 | B89: 1 | C89: 3 | E89: ="Si F calculado ("&F73&") > F critico ("&F81&") ---> Se rechaza la hipotesis nula" -> Si F calculado (0.241567311724882) > F critico (3.02711064343263) ---> Se rechaza la hipotesis nula
A90: 3 | B90: 3 | C90: 3 | E90: ="Si p-valor ("&F82&") < α Nivel Significancia ("&F78&") ---> Se rechaza la hipotesis nula" -> Si p-valor (0.785554911477896) < α Nivel Significancia (0.05) ---> Se rechaza la hipotesis nula
A91: 3 | B91: 3 | C91: 3
A92: 3 | B92: 3 | C92: 3
A93: 3 | B93: 2 | C93: 3
A94: 2 | B94: 2 | C94: 4
A95: 4 | B95: 4 | C95: 4
A96: 4 | B96: 3 | C96: 3
A97: 2 | B97: 1 | C97: 4
A98: 3 | B98: 4 | C98: 3
