Workbook

Sheet Resumen
A1: Indicador | B1: F Calculado | C1: F Critico Critico | D1: P Valor
A2: Participación activa | B2: =ROUND('Participación-activa'!G74, 4) -> 20.0487 | C2: =ROUND('Participación-activa'!G82, 4) -> 2.6281 | D2: ='Participación-activa'!G83 -> 4.3098479e-12
A3: Comunicación equipo | B3: =ROUND('Comunicación-equipo'!G74, 4) -> 21.1506 | C3: =ROUND('Comunicación-equipo'!G82, 4) -> 2.6281 | D3: ='Comunicación-equipo'!G83 -> 1.0611795e-12
A4: Cumplimiento tareas | B4: =ROUND('Cumplimiento-tareas'!G74, 4) -> 16.293 | C4: =ROUND('Cumplimiento-tareas'!G82, 4) -> 2.6281 | D4: ='Cumplimiento-tareas'!G83 -> 5.484433e-10
A5: Contribución grupo | B5: =ROUND('Contribución-grupo'!G74, 4) -> 28.7624 | C5: =ROUND('Contribución-grupo'!G82, 4) -> 2.6281 | D5: ='Contribución-grupo'!G83 -> 8.5019536e-17
A6: Resolución problemas | B6: =ROUND('Resolución-problemas'!G74, 4) -> 15.3586 | C6: =ROUND('Resolución-problemas'!G82, 4) -> 2.6281 | D6: ='Resolución-problemas'!G83 -> 1.8619809e-09
A7: Conocimientos adquiridos | B7: =ROUND('Conocimientos-adquiridos'!G74, 4) -> 22.5594 | C7: =ROUND('Conocimientos-adquiridos'!G82, 4) -> 2.6281 | D7: ='Conocimientos-adquiridos'!G83 -> 1.7923878e-13
A8: Nota final | B8: =ROUND('Nota-final'!G74, 4) -> 36.1723 | C8: =ROUND('Nota-final'!G82, 4) -> 2.6281 | D8: ='Nota-final'!G83 -> 1.3096309e-20
A9: Comprensión | B9: =ROUND(Comprensión!G74, 4) -> 19.7433 | C9: =ROUND(Comprensión!G82, 4) -> 2.6281 | D9: =Comprensión!G83 -> 6.3658765e-12
A10: Habilidades | B10: =ROUND(Habilidades!G74, 4) -> 19.7569 | C10: =ROUND(Habilidades!G82, 4) -> 2.6281 | D10: =Habilidades!G83 -> 6.2559827e-12
A11: Resolución autónoma | B11: =ROUND('Resolución-autónoma'!G74, 4) -> 34.642 | C11: =ROUND('Resolución-autónoma'!G82, 4) -> 2.6281 | D11: ='Resolución-autónoma'!G83 -> 7.7780568e-20
A12: Motivación | B12: =ROUND(Motivación!G74, 4) -> 19.3722 | C12: =ROUND(Motivación!G82, 4) -> 2.6281 | D12: =Motivación!G83 -> 1.0236147e-11

Sheet Participación-activa
A1: Grupo Control Pre Test Sin intervención | B1: Grupo Control Post Test Sin intervención | C1: Grupo Experimental Pre Test Sin intervención | D1: Grupo Experimental Post Test Con intervención
A2: 2 | B2: 2 | C2: 4 | D2: 4 | F2: Datos Generales
A3: 4 | B3: 2 | C3: 1 | D3: 5 | F3: Tamano Grupos | G3: =COUNT(A:A) -> 97
A4: 2 | B4: 2 | C4: 3 | D4: 2 | F4: Promedio Grupo A | G4: =AVERAGE(A:A) -> 3.185567
A5: 3 | B5: 3 | C5: 2 | D5: 3 | F5: Promedio Grupo B | G5: =AVERAGE(B:B) -> 3
A6: 2 | B6: 4 | C6: 3 | D6: 4 | F6: Promedio Grupo C | G6: =AVERAGE(C:C) -> 3.1134021
A7: 1 | B7: 5 | C7: 5 | D7: 4 | F7: Promedio Grupo D | G7: =AVERAGE(D:D) -> 4.1134021
A8: 5 | B8: 1 | C8: 3 | D8: 5 | F8: Promedio Total total | G8: =AVERAGE(G4:G7) -> 3.3530928
A9: 3 | B9: 2 | C9: 5 | D9: 4
A10: 3 | B10: 3 | C10: 3 | D10: 5
A11: 5 | B11: 3 | C11: 2 | D11: 4 | F11: Calculo Suma de Cuadrados Entre Grupos
A12: 2 | B12: 3 | C12: 4 | D12: 5 | F12: Mide qué tan diferentes son los grupos entre sí
A13: 4 | B13: 5 | C13: 2 | D13: 5 | F13: Compara las medias de cada grupo con la media general
A14: 5 | B14: 4 | C14: 3 | D14: 5
A15: 5 | B15: 5 | C15: 3 | D15: 5
A16: 1 | B16: 2 | C16: 4 | D16: 4
A17: 3 | B17: 4 | C17: 2 | D17: 5 | F17: SC Entre Grupos | G17: =G3*((G4-G8)^2+(G5-G8)^2+(G6-G8)^2+(G7-G8)^2) -> 76.46134
A18: 5 | B18: 3 | C18: 2 | D18: 5
A19: 4 | B19: 5 | C19: 1 | D19: 4
A20: 2 | B20: 4 | C20: 5 | D20: 3 | F20: Calculo gl ENTRE (Grados de libertad entre grupos)
A21: 4 | B21: 3 | C21: 4 | D21: 5 | F21: Cantidad de grupos independientes que puedes comparar
A22: 2 | B22: 2 | C22: 3 | D22: 5 | F22: k (Numero de grupos) | G22: 4
A23: 3 | B23: 2 | C23: 2 | D23: 1
A24: 2 | B24: 1 | C24: 1 | D24: 4
A25: 1 | B25: 2 | C25: 4 | D25: 5 | F25: gl entre | G25: =G22-1 -> 3
A26: 5 | B26: 2 | C26: 3 | D26: 4
A27: 5 | B27: 2 | C27: 4 | D27: 4
A28: 3 | B28: 5 | C28: 5 | D28: 5 | F28: Calculo MC ENTRE (Media Cuadrática Entre)
A29: 3 | B29: 4 | C29: 2 | D29: 4 | F29: Es el promedio de la variación entre grupos
A30: 4 | B30: 4 | C30: 5 | D30: 2
A31: 5 | B31: 3 | C31: 3 | D31: 5
A32: 4 | B32: 3 | C32: 5 | D32: 5
A33: 5 | B33: 4 | C33: 3 | D33: 5
A34: 2 | B34: 4 | C34: 4 | D34: 3 | F34: MC entre | G34: =G17/G25 -> 25.487113
A35: 3 | B35: 5 | C35: 2 | D35: 3
A36: 3 | B36: 2 | C36: 2 | D36: 5
A37: 3 | B37: 4 | C37: 2 | D37: 5 | F37: Calculo SC DENTRO DE GRUPOS (Suma de Cuadrados Dentro)
A38: 3 | B38: 2 | C38: 3 | D38: 5 | F38: Mide la variabilidad interna de cada grupo
A39: 5 | B39: 1 | C39: 3 | D39: 4 | F39: Qué tanto varían los datos dentro del mismo grupo
A40: 5 | B40: 3 | C40: 1 | D40: 5
A41: 4 | B41: 3 | C41: 3 | D41: 4
A42: 3 | B42: 2 | C42: 3 | D42: 5
A43: 3 | B43: 1 | C43: 3 | D43: 3
A44: 3 | B44: 2 | C44: 2 | D44: 5 | F44: SC Dentro Grupos | G44: =DEVSQ(A:A)+DEVSQ(B:B)+DEVSQ(C:C)+DEVSQ(D:D) -> 488.16495
A45: 3 | B45: 3 | C45: 3 | D45: 5
A46: 3 | B46: 3 | C46: 2 | D46: 2
A47: 3 | B47: 1 | C47: 4 | D47: 5 | F47: Calculo gl DENTRO (Grados de libertad dentro)
A48: 2 | B48: 1 | C48: 5 | D48: 5 | F48: N = total de datos | G48: =COUNT(A:A,B:B,C:C,D:D) -> 388
A49: 3 | B49: 3 | C49: 5 | D49: 3 | F49: k (Numero de grupos) | G49: =G22 -> 4
A50: 2 | B50: 3 | C50: 3 | D50: 5
A51: 4 | B51: 3 | C51: 2 | D51: 3
A52: 2 | B52: 2 | C52: 4 | D52: 5
A53: 3 | B53: 3 | C53: 1 | D53: 3
A54: 5 | B54: 2 | C54: 5 | D54: 4 | F54: gl dentro | G54: =G48-G49 -> 384
A55: 4 | B55: 2 | C55: 1 | D55: 5
A56: 2 | B56: 5 | C56: 4 | D56: 5
A57: 5 | B57: 4 | C57: 2 | D57: 4 | F57: Calculo MC DENTRO (Media Cuadrática Dentro)
A58: 3 | B58: 3 | C58: 2 | D58: 3 | F58: Es el promedio de la variación interna
A59: 1 | B59: 3 | C59: 4 | D59: 4
A60: 3 | B60: 4 | C60: 2 | D60: 5
A61: 4 | B61: 2 | C61: 2 | D61: 4
A62: 1 | B62: 1 | C62: 2 | D62: 5
A63: 3 | B63: 3 | C63: 5 | D63: 4
A64: 4 | B64: 3 | C64: 2 | D64: 3 | F64: MC dentro | G64: =G44/G54 -> 1.2712629
A65: 3 | B65: 3 | C65: 4 | D65: 3
A66: 3 | B66: 4 | C66: 3 | D66: 5
A67: 3 | B67: 2 | C67: 3 | D67: 5 | F67: Calculo F Calculado
A68: 3 | B68: 4 | C68: 3 | D68: 5 | F68: El F calculado es un valor numérico que obtienes al aplicar la fórmula de ANOVA.
A69: 4 | B69: 3 | C69: 3 | D69: 4 | F69: Sirve para decidir si hay diferencias significativas entre grupos.
A70: 3 | B70: 3 | C70: 5 | D70: 5
A71: 1 | B71: 5 | C71: 3 | D71: 3
A72: 3 | B72: 3 | C72: 3 | D72: 5
A73: 1 | B73: 4 | C73: 3 | D73: 4
A74: 5 | B74: 4 | C74: 3 | D74: 3 | F74: F calculado | G74: =G34/G64 -> 20.048657
A75: 3 | B75: 2 | C75: 2 | D75: 4
A76: 3 | B76: 5 | C76: 5 | D76: 4
A77: 1 | B77: 3 | C77: 2 | D77: 5 | F77: Calculo F critico (Tabla) y P valor
A78: 3 | B78: 5 | C78: 4 | D78: 3
A79: 4 | B79: 3 | C79: 5 | D79: 3 | F79: α El mas comun 5% | G79: 0.05
A80: 3 | B80: 1 | C80: 2 | D80: 3 | F80: gl entre | G80: =G25 -> 3
A81: 4 | B81: 4 | C81: 4 | D81: 4 | F81: gl dentro | G81: =G54 -> 384
A82: 1 | B82: 3 | C82: 3 | D82: 4 | F82: F critico (Tabla) | G82: =FINV(G79, G80, G81) -> 2.6281487
A83: 2 | B83: 3 | C83: 3 | D83: 3 | F83: P valor | G83: =_xlfn.F.DIST.RT(G74, G80, G81) -> 4.3098479e-12
A84: 4 | B84: 2 | C84: 3 | D84: 4
A85: 3 | B85: 2 | C85: 5 | D85: 5 | F85: Interpretación:
A86: 2 | B86: 3 | C86: 5 | D86: 4
A87: 2 | B87: 3 | C87: 3 | D87: 4 | F87: hipotesis nula Ho = No hay diferencias significativa
A88: 4 | B88: 1 | C88: 1 | D88: 5 | F88: hipotesis alternativa H1 = Si hay diferencia significativa
A89: 3 | B89: 3 | C89: 3 | D89: 1
A90: 1 | B90: 4 | C90: 3 | D90: 5 | F90: ="Si F calculado ("&G74&") > F critico ("&G82&") ---> Se rechaza la hipotesis nula" -> Si F calculado (20.0486568677141) > F critico (2.62814868440389) ---> Se rechaza la hipotesis nula
A91: 5 | B91: 1 | C91: 3 | D91: 4 | F91: ="Si p-valor ("&G83&") < α Nivel Significancia ("&G79&") ---> Se rechaza la hipotesis nula" -> Si p-valor (4.30984793607421E-12) < α Nivel Significancia (0.05) ---> Se rechaza la hipotesis nula
A92: 3 | B92: 5 | C92: 3 | D92: 5
A93: 5 | B93: 3 | C93: 3 | D93: 2
A94: 3 | B94: 4 | C94: 3 | D94: 5 | F94: Nota:
A95: 4 | B95: 4 | C95: 5 | D95: 4 | F95: El ANOVA solo te dice que al menos un grupo difiere de los otros, Pero no te dice que grupo
A96: 4 | B96: 5 | C96: 3 | D96: 4 | F96: Para saber qué grupos son diferentes, necesitas hacer pruebas post-hoc.
A97: 4 | B97: 3 | C97: 3 | D97: 4
A98: 5 | B98: 2 | C98: 4 | D98: 4

Sheet Comunicación-equipo
A1: Grupo Control Pre Test Sin intervención | B1: Grupo Control Post Test Sin intervención | C1: Grupo Experimental Pre Test Sin intervención | D1: Grupo Experimental Post Test Con intervención
A2: 3 | B2: 3 | C2: 2 | D2: 5 | F2: Datos Generales
A3: 4 | B3: 3 | C3: 5 | D3: 5 | F3: Tamano Grupos | G3: =COUNT(A:A) -> 97
A4: 2 | B4: 3 | C4: 1 | D4: 5 | F4: Promedio Grupo A | G4: =AVERAGE(A:A) -> 2.9278351
A5: 5 | B5: 2 | C5: 4 | D5: 4 | F5: Promedio Grupo B | G5: =AVERAGE(B:B) -> 3.1237113
A6: 3 | B6: 1 | C6: 2 | D6: 2 | F6: Promedio Grupo C | G6: =AVERAGE(C:C) -> 3.0412371
A7: 2 | B7: 3 | C7: 2 | D7: 5 | F7: Promedio Grupo D | G7: =AVERAGE(D:D) -> 4.0824742
A8: 3 | B8: 3 | C8: 3 | D8: 3 | F8: Promedio Total total | G8: =AVERAGE(G4:G7) -> 3.2938144
A9: 3 | B9: 4 | C9: 3 | D9: 3
A10: 5 | B10: 1 | C10: 4 | D10: 5
A11: 1 | B11: 4 | C11: 4 | D11: 1 | F11: Calculo Suma de Cuadrados Entre Grupos
A12: 3 | B12: 2 | C12: 3 | D12: 3 | F12: Mide qué tan diferentes son los grupos entre sí
A13: 2 | B13: 3 | C13: 2 | D13: 5 | F13: Compara las medias de cada grupo con la media general
A14: 3 | B14: 2 | C14: 3 | D14: 3
A15: 4 | B15: 2 | C15: 3 | D15: 4
A16: 3 | B16: 5 | C16: 3 | D16: 4
A17: 4 | B17: 1 | C17: 1 | D17: 4 | F17: SC Entre Grupos | G17: =G3*((G4-G8)^2+(G5-G8)^2+(G6-G8)^2+(G7-G8)^2) -> 82.319588
A18: 1 | B18: 5 | C18: 3 | D18: 5
A19: 3 | B19: 4 | C19: 5 | D19: 3
A20: 3 | B20: 3 | C20: 3 | D20: 5 | F20: Calculo gl ENTRE (Grados de libertad entre grupos)
A21: 2 | B21: 3 | C21: 3 | D21: 4 | F21: Cantidad de grupos independientes que puedes comparar
A22: 3 | B22: 3 | C22: 4 | D22: 5 | F22: k (Numero de grupos) | G22: 4
A23: 2 | B23: 4 | C23: 2 | D23: 5
A24: 4 | B24: 1 | C24: 2 | D24: 2
A25: 1 | B25: 4 | C25: 3 | D25: 5 | F25: gl entre | G25: =G22-1 -> 3
A26: 3 | B26: 4 | C26: 2 | D26: 5
A27: 3 | B27: 4 | C27: 1 | D27: 4
A28: 5 | B28: 5 | C28: 3 | D28: 4 | F28: Calculo MC ENTRE (Media Cuadrática Entre)
A29: 4 | B29: 3 | C29: 2 | D29: 4 | F29: Es el promedio de la variación entre grupos
A30: 5 | B30: 1 | C30: 5 | D30: 5
A31: 3 | B31: 5 | C31: 3 | D31: 3
A32: 1 | B32: 1 | C32: 5 | D32: 5
A33: 2 | B33: 4 | C33: 5 | D33: 5
A34: 3 | B34: 1 | C34: 2 | D34: 5 | F34: MC entre | G34: =G17/G25 -> 27.439863
A35: 4 | B35: 2 | C35: 5 | D35: 5
A36: 5 | B36: 5 | C36: 2 | D36: 3
A37: 4 | B37: 3 | C37: 4 | D37: 5 | F37: Calculo SC DENTRO DE GRUPOS (Suma de Cuadrados Dentro)
A38: 3 | B38: 4 | C38: 2 | D38: 3 | F38: Mide la variabilidad interna de cada grupo
A39: 3 | B39: 4 | C39: 3 | D39: 4 | F39: Qué tanto varían los datos dentro del mismo grupo
A40: 3 | B40: 5 | C40: 3 | D40: 3
A41: 4 | B41: 3 | C41: 3 | D41: 4
A42: 3 | B42: 3 | C42: 2 | D42: 5
A43: 4 | B43: 3 | C43: 4 | D43: 5
A44: 4 | B44: 2 | C44: 2 | D44: 5 | F44: SC Dentro Grupos | G44: =DEVSQ(A:A)+DEVSQ(B:B)+DEVSQ(C:C)+DEVSQ(D:D) -> 498.18557
A45: 1 | B45: 3 | C45: 4 | D45: 3
A46: 2 | B46: 1 | C46: 2 | D46: 4
A47: 4 | B47: 3 | C47: 2 | D47: 2 | F47: Calculo gl DENTRO (Grados de libertad dentro)
A48: 3 | B48: 5 | C48: 5 | D48: 4 | F48: N = total de datos | G48: =COUNT(A:A,B:B,C:C,D:D) -> 388
A49: 3 | B49: 2 | C49: 4 | D49: 2 | F49: k (Numero de grupos) | G49: =G22 -> 4
A50: 4 | B50: 4 | C50: 3 | D50: 5
A51: 1 | B51: 4 | C51: 2 | D51: 5
A52: 1 | B52: 4 | C52: 5 | D52: 4
A53: 3 | B53: 5 | C53: 4 | D53: 5
A54: 3 | B54: 2 | C54: 1 | D54: 4 | F54: gl dentro | G54: =G48-G49 -> 384
A55: 2 | B55: 2 | C55: 4 | D55: 5
A56: 3 | B56: 3 | C56: 1 | D56: 5
A57: 2 | B57: 5 | C57: 1 | D57: 2 | F57: Calculo MC DENTRO (Media Cuadrática Dentro)
A58: 3 | B58: 1 | C58: 4 | D58: 4 | F58: Es el promedio de la variación interna
A59: 1 | B59: 3 | C59: 1 | D59: 5
A60: 3 | B60: 1 | C60: 3 | D60: 4
A61: 4 | B61: 3 | C61: 1 | D61: 4
A62: 4 | B62: 3 | C62: 3 | D62: 3
A63: 5 | B63: 1 | C63: 3 | D63: 3
A64: 3 | B64: 2 | C64: 5 | D64: 5 | F64: MC dentro | G64: =G44/G54 -> 1.2973582
A65: 3 | B65: 3 | C65: 3 | D65: 5
A66: 3 | B66: 3 | C66: 3 | D66: 3
A67: 2 | B67: 3 | C67: 2 | D67: 3 | F67: Calculo F Calculado
A68: 3 | B68: 5 | C68: 3 | D68: 5 | F68: El F calculado es un valor numérico que obtienes al aplicar la fórmula de ANOVA.
A69: 3 | B69: 3 | C69: 2 | D69: 4 | F69: Sirve para decidir si hay diferencias significativas entre grupos.
A70: 2 | B70: 5 | C70: 4 | D70: 5
A71: 2 | B71: 3 | C71: 3 | D71: 2
A72: 5 | B72: 5 | C72: 5 | D72: 3
A73: 5 | B73: 2 | C73: 5 | D73: 4
A74: 1 | B74: 5 | C74: 3 | D74: 5 | F74: F calculado | G74: =G34/G64 -> 21.150567
A75: 3 | B75: 2 | C75: 4 | D75: 4
A76: 1 | B76: 2 | C76: 2 | D76: 4
A77: 3 | B77: 3 | C77: 3 | D77: 5 | F77: Calculo F critico (Tabla) y P valor
A78: 3 | B78: 4 | C78: 2 | D78: 5
A79: 3 | B79: 3 | C79: 4 | D79: 3 | F79: α El mas comun 5% | G79: 0.05
A80: 5 | B80: 2 | C80: 2 | D80: 5 | F80: gl entre | G80: =G25 -> 3
A81: 2 | B81: 4 | C81: 4 | D81: 3 | F81: gl dentro | G81: =G54 -> 384
A82: 3 | B82: 3 | C82: 3 | D82: 4 | F82: F critico (Tabla) | G82: =FINV(G79, G80, G81) -> 2.6281487
A83: 4 | B83: 4 | C83: 3 | D83: 5 | F83: P valor | G83: =_xlfn.F.DIST.RT(G74, G80, G81) -> 1.0611795e-12
A84: 3 | B84: 2 | C84: 4 | D84: 4
A85: 3 | B85: 3 | C85: 3 | D85: 3 | F85: Interpretación:
A86: 3 | B86: 5 | C86: 5 | D86: 4
A87: 3 | B87: 5 | C87: 2 | D87: 4 | F87: hipotesis nula Ho = No hay diferencias significativa
A88: 3 | B88: 3 | C88: 1 | D88: 5 | F88: hipotesis alternativa H1 = Si hay diferencia significativa
A89: 4 | B89: 5 | C89: 3 | D89: 5
A90: 1 | B90: 3 | C90: 4 | D90: 4 | F90: ="Si F calculado ("&G74&") > F critico ("&G82&") ---> Se rechaza la hipotesis nula" -> Si F calculado (21.1505670060425) > F critico (2.62814868440389) ---> Se rechaza la hipotesis nula
A91: 1 | B91: 2 | C91: 5 | D91: 4 | F91: ="Si p-valor ("&G83&") < α Nivel Significancia ("&G79&") ---> Se rechaza la hipotesis nula" -> Si p-valor (1.06117947441192E-12) < α Nivel Significancia (0.05) ---> Se rechaza la hipotesis nula
A92: 3 | B92: 5 | C92: 3 | D92: 5
A93: 1 | B93: 3 | C93: 3 | D93: 3
A94: 1 | B94: 3 | C94: 3 | D94: 5 | F94: Nota:
A95: 4 | B95: 1 | C95: 2 | D95: 4 | F95: El ANOVA solo te dice que al menos un grupo difiere de los otros, Pero no te dice que grupo
A96: 3 | B96: 4 | C96: 5 | D96: 4 | F96: Para saber qué grupos son diferentes, necesitas hacer pruebas post-hoc.
A97: 2 | B97: 3 | C97: 2 | D97: 5
A98: 3 | B98: 4 | C98: 4 | D98: 5

Sheet Cumplimiento-tareas
A1: Grupo Control Pre Test Sin intervención | B1: Grupo Control Post Test Sin intervención | C1: Grupo Experimental Pre Test Sin intervención | D1: Grupo Experimental Post Test Con intervención
A2: 3 | B2: 4 | C2: 5 | D2: 4 | F2: Datos Generales
A3: 3 | B3: 3 | C3: 3 | D3: 4 | F3: Tamano Grupos | G3: =COUNT(A:A) -> 97
A4: 5 | B4: 4 | C4: 5 | D4: 2 | F4: Promedio Grupo A | G4: =AVERAGE(A:A) -> 3.2886598
A5: 4 | B5: 3 | C5: 3 | D5: 5 | F5: Promedio Grupo B | G5: =AVERAGE(B:B) -> 3.1237113
A6: 4 | B6: 3 | C6: 2 | D6: 4 | F6: Promedio Grupo C | G6: =AVERAGE(C:C) -> 3.1752577
A7: 2 | B7: 4 | C7: 4 | D7: 5 | F7: Promedio Grupo D | G7: =AVERAGE(D:D) -> 4.0927835
A8: 3 | B8: 3 | C8: 5 | D8: 5 | F8: Promedio Total total | G8: =AVERAGE(G4:G7) -> 3.4201031
A9: 5 | B9: 3 | C9: 3 | D9: 5
A10: 2 | B10: 5 | C10: 3 | D10: 5
A11: 4 | B11: 3 | C11: 4 | D11: 4 | F11: Calculo Suma de Cuadrados Entre Grupos
A12: 1 | B12: 4 | C12: 4 | D12: 5 | F12: Mide qué tan diferentes son los grupos entre sí
A13: 3 | B13: 5 | C13: 2 | D13: 3 | F13: Compara las medias de cada grupo con la media general
A14: 4 | B14: 2 | C14: 2 | D14: 4
A15: 5 | B15: 3 | C15: 4 | D15: 3
A16: 3 | B16: 4 | C16: 3 | D16: 4
A17: 2 | B17: 4 | C17: 3 | D17: 5 | F17: SC Entre Grupos | G17: =G3*((G4-G8)^2+(G5-G8)^2+(G6-G8)^2+(G7-G8)^2) -> 59.904639
A18: 3 | B18: 4 | C18: 3 | D18: 3
A19: 5 | B19: 5 | C19: 5 | D19: 4
A20: 4 | B20: 3 | C20: 4 | D20: 4 | F20: Calculo gl ENTRE (Grados de libertad entre grupos)
A21: 5 | B21: 3 | C21: 4 | D21: 4 | F21: Cantidad de grupos independientes que puedes comparar
A22: 3 | B22: 4 | C22: 2 | D22: 4 | F22: k (Numero de grupos) | G22: 4
A23: 2 | B23: 2 | C23: 4 | D23: 3
A24: 2 | B24: 4 | C24: 4 | D24: 5
A25: 2 | B25: 2 | C25: 3 | D25: 5 | F25: gl entre | G25: =G22-1 -> 3
A26: 2 | B26: 5 | C26: 3 | D26: 2
A27: 4 | B27: 3 | C27: 2 | D27: 3
A28: 3 | B28: 1 | C28: 4 | D28: 3 | F28: Calculo MC ENTRE (Media Cuadrática Entre)
A29: 1 | B29: 3 | C29: 4 | D29: 4 | F29: Es el promedio de la variación entre grupos
A30: 4 | B30: 3 | C30: 3 | D30: 5
A31: 4 | B31: 1 | C31: 5 | D31: 2
A32: 5 | B32: 5 | C32: 4 | D32: 5
A33: 4 | B33: 4 | C33: 2 | D33: 5
A34: 2 | B34: 5 | C34: 4 | D34: 5 | F34: MC entre | G34: =G17/G25 -> 19.968213
A35: 2 | B35: 3 | C35: 3 | D35: 2
A36: 3 | B36: 1 | C36: 1 | D36: 4
A37: 2 | B37: 2 | C37: 3 | D37: 5 | F37: Calculo SC DENTRO DE GRUPOS (Suma de Cuadrados Dentro)
A38: 4 | B38: 4 | C38: 1 | D38: 5 | F38: Mide la variabilidad interna de cada grupo
A39: 5 | B39: 4 | C39: 3 | D39: 5 | F39: Qué tanto varían los datos dentro del mismo grupo
A40: 5 | B40: 4 | C40: 2 | D40: 4
A41: 3 | B41: 1 | C41: 3 | D41: 5
A42: 3 | B42: 5 | C42: 4 | D42: 2
A43: 3 | B43: 1 | C43: 3 | D43: 5
A44: 3 | B44: 3 | C44: 5 | D44: 5 | F44: SC Dentro Grupos | G44: =DEVSQ(A:A)+DEVSQ(B:B)+DEVSQ(C:C)+DEVSQ(D:D) -> 470.61856
A45: 4 | B45: 1 | C45: 2 | D45: 3
A46: 3 | B46: 4 | C46: 4 | D46: 3
A47: 3 | B47: 3 | C47: 3 | D47: 2 | F47: Calculo gl DENTRO (Grados de libertad dentro)
A48: 2 | B48: 5 | C48: 2 | D48: 5 | F48: N = total de datos | G48: =COUNT(A:A,B:B,C:C,D:D) -> 388
A49: 2 | B49: 4 | C49: 3 | D49: 5 | F49: k (Numero de grupos) | G49: =G22 -> 4
A50: 5 | B50: 1 | C50: 2 | D50: 3
A51: 3 | B51: 3 | C51: 3 | D51: 5
A52: 3 | B52: 3 | C52: 5 | D52: 4
A53: 3 | B53: 3 | C53: 2 | D53: 4
A54: 3 | B54: 4 | C54: 3 | D54: 4 | F54: gl dentro | G54: =G48-G49 -> 384
A55: 5 | B55: 2 | C55: 4 | D55: 4
A56: 5 | B56: 2 | C56: 2 | D56: 4
A57: 2 | B57: 4 | C57: 3 | D57: 3 | F57: Calculo MC DENTRO (Media Cuadrática Dentro)
A58: 1 | B58: 3 | C58: 4 | D58: 5 | F58: Es el promedio de la variación interna
A59: 1 | B59: 2 | C59: 5 | D59: 5
A60: 4 | B60: 4 | C60: 2 | D60: 3
A61: 5 | B61: 2 | C61: 2 | D61: 5
A62: 3 | B62: 3 | C62: 3 | D62: 5
A63: 4 | B63: 1 | C63: 3 | D63: 4
A64: 5 | B64: 3 | C64: 2 | D64: 5 | F64: MC dentro | G64: =G44/G54 -> 1.2255692
A65: 4 | B65: 3 | C65: 1 | D65: 4
A66: 3 | B66: 3 | C66: 3 | D66: 5
A67: 5 | B67: 3 | C67: 4 | D67: 5 | F67: Calculo F Calculado
A68: 5 | B68: 2 | C68: 3 | D68: 5 | F68: El F calculado es un valor numérico que obtienes al aplicar la fórmula de ANOVA.
A69: 3 | B69: 3 | C69: 3 | D69: 5 | F69: Sirve para decidir si hay diferencias significativas entre grupos.
A70: 3 | B70: 2 | C70: 3 | D70: 3
A71: 3 | B71: 5 | C71: 4 | D71: 5
A72: 1 | B72: 4 | C72: 2 | D72: 5
A73: 5 | B73: 3 | C73: 1 | D73: 4
A74: 1 | B74: 4 | C74: 3 | D74: 4 | F74: F calculado | G74: =G34/G64 -> 16.293012
A75: 3 | B75: 3 | C75: 4 | D75: 5
A76: 4 | B76: 3 | C76: 5 | D76: 4
A77: 4 | B77: 3 | C77: 3 | D77: 4 | F77: Calculo F critico (Tabla) y P valor
A78: 2 | B78: 2 | C78: 4 | D78: 5
A79: 4 | B79: 3 | C79: 3 | D79: 4 | F79: α El mas comun 5% | G79: 0.05
A80: 3 | B80: 3 | C80: 4 | D80: 4 | F80: gl entre | G80: =G25 -> 3
A81: 2 | B81: 1 | C81: 5 | D81: 4 | F81: gl dentro | G81: =G54 -> 384
A82: 1 | B82: 2 | C82: 4 | D82: 2 | F82: F critico (Tabla) | G82: =FINV(G79, G80, G81) -> 2.6281487
A83: 3 | B83: 5 | C83: 3 | D83: 3 | F83: P valor | G83: =_xlfn.F.DIST.RT(G74, G80, G81) -> 5.484433e-10
A84: 4 | B84: 5 | C84: 2 | D84: 3
A85: 5 | B85: 3 | C85: 1 | D85: 5 | F85: Interpretación:
A86: 3 | B86: 4 | C86: 3 | D86: 4
A87: 5 | B87: 2 | C87: 2 | D87: 4 | F87: hipotesis nula Ho = No hay diferencias significativa
A88: 3 | B88: 3 | C88: 3 | D88: 4 | F88: hipotesis alternativa H1 = Si hay diferencia significativa
A89: 4 | B89: 3 | C89: 3 | D89: 4
A90: 2 | B90: 1 | C90: 4 | D90: 5 | F90: ="Si F calculado ("&G74&") > F critico ("&G82&") ---> Se rechaza la hipotesis nula" -> Si F calculado (16.2930120481928) > F critico (2.62814868440389) ---> Se rechaza la hipotesis nula
A91: 1 | B91: 5 | C91: 3 | D91: 3 | F91: ="Si p-valor ("&G83&") < α Nivel Significancia ("&G79&") ---> Se rechaza la hipotesis nula" -> Si p-valor (5.48443300560897E-10) < α Nivel Significancia (0.05) ---> Se rechaza la hipotesis nula
A92: 2 | B92: 2 | C92: 3 | D92: 2
A93: 4 | B93: 3 | C93: 5 | D93: 5
A94: 4 | B94: 5 | C94: 4 | D94: 5 | F94: Nota:
A95: 4 | B95: 2 | C95: 5 | D95: 4 | F95: El ANOVA solo te dice que al menos un grupo difiere de los otros, Pero no te dice que grupo
A96: 4 | B96: 2 | C96: 2 | D96: 3 | F96: Para saber qué grupos son diferentes, necesitas hacer pruebas post-hoc.
A97: 5 | B97: 5 | C97: 2 | D97: 5
A98: 3 | B98: 2 | C98: 2 | D98: 5

Sheet Contribución-grupo
A1: Grupo Control Pre Test Sin intervención | B1: Grupo Control Post Test Sin intervención | C1: Grupo Experimental Pre Test Sin intervención | D1: Grupo Experimental Post Test Con intervención
A2: 4 | B2: 3 | C2: 3 | D2: 5 | F2: Datos Generales
A3: 2 | B3: 3 | C3: 3 | D3: 5 | F3: Tamano Grupos | G3: =COUNT(A:A) -> 97
A4: 5 | B4: 4 | C4: 3 | D4: 5 | F4: Promedio Grupo A | G4: =AVERAGE(A:A) -> 3.1030928
A5: 3 | B5: 3 | C5: 3 | D5: 4 | F5: Promedio Grupo B | G5: =AVERAGE(B:B) -> 3.1958763
A6: 3 | B6: 4 | C6: 4 | D6: 5 | F6: Promedio Grupo C | G6: =AVERAGE(C:C) -> 3.0103093
A7: 1 | B7: 3 | C7: 3 | D7: 4 | F7: Promedio Grupo D | G7: =AVERAGE(D:D) -> 4.2268041
A8: 3 | B8: 4 | C8: 3 | D8: 5 | F8: Promedio Total total | G8: =AVERAGE(G4:G7) -> 3.3840206
A9: 3 | B9: 2 | C9: 4 | D9: 5
A10: 3 | B10: 3 | C10: 1 | D10: 5
A11: 4 | B11: 3 | C11: 3 | D11: 5 | F11: Calculo Suma de Cuadrados Entre Grupos
A12: 4 | B12: 5 | C12: 3 | D12: 3 | F12: Mide qué tan diferentes son los grupos entre sí
A13: 4 | B13: 4 | C13: 2 | D13: 5 | F13: Compara las medias de cada grupo con la media general
A14: 2 | B14: 5 | C14: 4 | D14: 3
A15: 3 | B15: 5 | C15: 4 | D15: 2
A16: 4 | B16: 4 | C16: 2 | D16: 4
A17: 3 | B17: 5 | C17: 1 | D17: 5 | F17: SC Entre Grupos | G17: =G3*((G4-G8)^2+(G5-G8)^2+(G6-G8)^2+(G7-G8)^2) -> 93.533505
A18: 4 | B18: 3 | C18: 3 | D18: 5
A19: 2 | B19: 2 | C19: 2 | D19: 5
A20: 3 | B20: 3 | C20: 2 | D20: 5 | F20: Calculo gl ENTRE (Grados de libertad entre grupos)
A21: 5 | B21: 1 | C21: 4 | D21: 5 | F21: Cantidad de grupos independientes que puedes comparar
A22: 3 | B22: 4 | C22: 3 | D22: 3 | F22: k (Numero de grupos) | G22: 4
A23: 5 | B23: 3 | C23: 3 | D23: 5
A24: 3 | B24: 4 | C24: 3 | D24: 5
A25: 4 | B25: 1 | C25: 4 | D25: 5 | F25: gl entre | G25: =G22-1 -> 3
A26: 3 | B26: 3 | C26: 2 | D26: 5
A27: 3 | B27: 2 | C27: 3 | D27: 4
A28: 3 | B28: 3 | C28: 5 | D28: 3 | F28: Calculo MC ENTRE (Media Cuadrática Entre)
A29: 3 | B29: 5 | C29: 3 | D29: 4 | F29: Es el promedio de la variación entre grupos
A30: 3 | B30: 4 | C30: 3 | D30: 5
A31: 3 | B31: 3 | C31: 3 | D31: 5
A32: 3 | B32: 2 | C32: 4 | D32: 5
A33: 3 | B33: 3 | C33: 3 | D33: 5
A34: 5 | B34: 2 | C34: 3 | D34: 4 | F34: MC entre | G34: =G17/G25 -> 31.177835
A35: 4 | B35: 5 | C35: 1 | D35: 5
A36: 3 | B36: 3 | C36: 3 | D36: 3
A37: 2 | B37: 3 | C37: 2 | D37: 4 | F37: Calculo SC DENTRO DE GRUPOS (Suma de Cuadrados Dentro)
A38: 5 | B38: 3 | C38: 1 | D38: 5 | F38: Mide la variabilidad interna de cada grupo
A39: 3 | B39: 2 | C39: 1 | D39: 5 | F39: Qué tanto varían los datos dentro del mismo grupo
A40: 4 | B40: 4 | C40: 5 | D40: 5
A41: 3 | B41: 2 | C41: 4 | D41: 3
A42: 5 | B42: 3 | C42: 5 | D42: 5
A43: 4 | B43: 4 | C43: 3 | D43: 4
A44: 2 | B44: 4 | C44: 1 | D44: 5 | F44: SC Dentro Grupos | G44: =DEVSQ(A:A)+DEVSQ(B:B)+DEVSQ(C:C)+DEVSQ(D:D) -> 416.24742
A45: 4 | B45: 4 | C45: 1 | D45: 5
A46: 3 | B46: 5 | C46: 3 | D46: 1
A47: 5 | B47: 3 | C47: 3 | D47: 5 | F47: Calculo gl DENTRO (Grados de libertad dentro)
A48: 3 | B48: 2 | C48: 4 | D48: 5 | F48: N = total de datos | G48: =COUNT(A:A,B:B,C:C,D:D) -> 388
A49: 3 | B49: 4 | C49: 4 | D49: 4 | F49: k (Numero de grupos) | G49: =G22 -> 4
A50: 5 | B50: 2 | C50: 2 | D50: 2
A51: 1 | B51: 3 | C51: 3 | D51: 3
A52: 1 | B52: 3 | C52: 3 | D52: 4
A53: 3 | B53: 3 | C53: 1 | D53: 5
A54: 2 | B54: 4 | C54: 2 | D54: 4 | F54: gl dentro | G54: =G48-G49 -> 384
A55: 3 | B55: 3 | C55: 4 | D55: 5
A56: 4 | B56: 3 | C56: 3 | D56: 3
A57: 3 | B57: 3 | C57: 2 | D57: 4 | F57: Calculo MC DENTRO (Media Cuadrática Dentro)
A58: 2 | B58: 2 | C58: 1 | D58: 5 | F58: Es el promedio de la variación interna
A59: 3 | B59: 5 | C59: 2 | D59: 4
A60: 2 | B60: 4 | C60: 4 | D60: 5
A61: 3 | B61: 2 | C61: 2 | D61: 4
A62: 2 | B62: 3 | C62: 2 | D62: 4
A63: 2 | B63: 3 | C63: 4 | D63: 4
A64: 3 | B64: 2 | C64: 1 | D64: 4 | F64: MC dentro | G64: =G44/G54 -> 1.0839777
A65: 3 | B65: 5 | C65: 4 | D65: 5
A66: 3 | B66: 1 | C66: 3 | D66: 4
A67: 4 | B67: 3 | C67: 1 | D67: 4 | F67: Calculo F Calculado
A68: 4 | B68: 1 | C68: 4 | D68: 5 | F68: El F calculado es un valor numérico que obtienes al aplicar la fórmula de ANOVA.
A69: 3 | B69: 2 | C69: 5 | D69: 4 | F69: Sirve para decidir si hay diferencias significativas entre grupos.
A70: 4 | B70: 4 | C70: 3 | D70: 3
A71: 2 | B71: 3 | C71: 4 | D71: 3
A72: 2 | B72: 4 | C72: 2 | D72: 4
A73: 4 | B73: 2 | C73: 5 | D73: 5
A74: 4 | B74: 3 | C74: 5 | D74: 4 | F74: F calculado | G74: =G34/G64 -> 28.762433
A75: 3 | B75: 2 | C75: 4 | D75: 4
A76: 2 | B76: 2 | C76: 3 | D76: 5
A77: 2 | B77: 4 | C77: 4 | D77: 5 | F77: Calculo F critico (Tabla) y P valor
A78: 1 | B78: 3 | C78: 4 | D78: 3
A79: 2 | B79: 2 | C79: 5 | D79: 3 | F79: α El mas comun 5% | G79: 0.05
A80: 4 | B80: 3 | C80: 3 | D80: 4 | F80: gl entre | G80: =G25 -> 3
A81: 3 | B81: 3 | C81: 5 | D81: 2 | F81: gl dentro | G81: =G54 -> 384
A82: 4 | B82: 5 | C82: 4 | D82: 3 | F82: F critico (Tabla) | G82: =FINV(G79, G80, G81) -> 2.6281487
A83: 2 | B83: 3 | C83: 4 | D83: 5 | F83: P valor | G83: =_xlfn.F.DIST.RT(G74, G80, G81) -> 8.5019536e-17
A84: 4 | B84: 5 | C84: 1 | D84: 3
A85: 4 | B85: 4 | C85: 3 | D85: 4 | F85: Interpretación:
A86: 3 | B86: 2 | C86: 3 | D86: 5
A87: 3 | B87: 3 | C87: 4 | D87: 3 | F87: hipotesis nula Ho = No hay diferencias significativa
A88: 2 | B88: 3 | C88: 2 | D88: 5 | F88: hipotesis alternativa H1 = Si hay diferencia significativa
A89: 1 | B89: 2 | C89: 1 | D89: 5
A90: 2 | B90: 3 | C90: 3 | D90: 3 | F90: ="Si F calculado ("&G74&") > F critico ("&G82&") ---> Se rechaza la hipotesis nula" -> Si F calculado (28.7624331285912) > F critico (2.62814868440389) ---> Se rechaza la hipotesis nula
A91: 3 | B91: 3 | C91: 5 | D91: 3 | F91: ="Si p-valor ("&G83&") < α Nivel Significancia ("&G79&") ---> Se rechaza la hipotesis nula" -> Si p-valor (8.50195357891348E-17) < α Nivel Significancia (0.05) ---> Se rechaza la hipotesis nula
A92: 3 | B92: 4 | C92: 3 | D92: 5
A93: 3 | B93: 4 | C93: 4 | D93: 5
A94: 3 | B94: 5 | C94: 3 | D94: 4 | F94: Nota:
A95: 3 | B95: 1 | C95: 2 | D95: 5 | F95: El ANOVA solo te dice que al menos un grupo difiere de los otros, Pero no te dice que grupo
A96: 3 | B96: 3 | C96: 4 | D96: 4 | F96: Para saber qué grupos son diferentes, necesitas hacer pruebas post-hoc.
A97: 4 | B97: 5 | C97: 1 | D97: 5
A98: 3 | B98: 4 | C98: 5 | D98: 4

Sheet Resolución-problemas
A1: Grupo Control Pre Test Sin intervención | B1: Grupo Control Post Test Sin intervención | C1: Grupo Experimental Pre Test Sin intervención | D1: Grupo Experimental Post Test Con intervención
A2: 2 | B2: 4 | C2: 5 | D2: 2 | F2: Datos Generales
A3: 3 | B3: 3 | C3: 4 | D3: 3 | F3: Tamano Grupos | G3: =COUNT(A:A) -> 97
A4: 4 | B4: 1 | C4: 3 | D4: 4 | F4: Promedio Grupo A | G4: =AVERAGE(A:A) -> 2.9793814
A5: 1 | B5: 3 | C5: 2 | D5: 1 | F5: Promedio Grupo B | G5: =AVERAGE(B:B) -> 3.2886598
A6: 3 | B6: 3 | C6: 2 | D6: 4 | F6: Promedio Grupo C | G6: =AVERAGE(C:C) -> 3.0824742
A7: 4 | B7: 5 | C7: 2 | D7: 4 | F7: Promedio Grupo D | G7: =AVERAGE(D:D) -> 3.9793814
A8: 5 | B8: 3 | C8: 5 | D8: 4 | F8: Promedio Total total | G8: =AVERAGE(G4:G7) -> 3.3324742
A9: 2 | B9: 3 | C9: 2 | D9: 4
A10: 3 | B10: 4 | C10: 3 | D10: 5
A11: 3 | B11: 4 | C11: 2 | D11: 4 | F11: Calculo Suma de Cuadrados Entre Grupos
A12: 3 | B12: 3 | C12: 1 | D12: 5 | F12: Mide qué tan diferentes son los grupos entre sí
A13: 5 | B13: 3 | C13: 2 | D13: 3 | F13: Compara las medias de cada grupo con la media general
A14: 2 | B14: 4 | C14: 2 | D14: 5
A15: 3 | B15: 4 | C15: 4 | D15: 3
A16: 1 | B16: 3 | C16: 2 | D16: 4
A17: 3 | B17: 2 | C17: 5 | D17: 1 | F17: SC Entre Grupos | G17: =G3*((G4-G8)^2+(G5-G8)^2+(G6-G8)^2+(G7-G8)^2) -> 58.935567
A18: 3 | B18: 5 | C18: 3 | D18: 4
A19: 4 | B19: 2 | C19: 3 | D19: 3
A20: 3 | B20: 4 | C20: 3 | D20: 4 | F20: Calculo gl ENTRE (Grados de libertad entre grupos)
A21: 3 | B21: 3 | C21: 2 | D21: 5 | F21: Cantidad de grupos independientes que puedes comparar
A22: 2 | B22: 4 | C22: 2 | D22: 5 | F22: k (Numero de grupos) | G22: 4
A23: 2 | B23: 3 | C23: 3 | D23: 5
A24: 2 | B24: 3 | C24: 4 | D24: 4
A25: 3 | B25: 4 | C25: 2 | D25: 4 | F25: gl entre | G25: =G22-1 -> 3
A26: 5 | B26: 2 | C26: 3 | D26: 3
A27: 1 | B27: 5 | C27: 1 | D27: 4
A28: 3 | B28: 2 | C28: 3 | D28: 3 | F28: Calculo MC ENTRE (Media Cuadrática Entre)
A29: 3 | B29: 1 | C29: 4 | D29: 4 | F29: Es el promedio de la variación entre grupos
A30: 2 | B30: 4 | C30: 5 | D30: 5
A31: 4 | B31: 3 | C31: 3 | D31: 4
A32: 5 | B32: 3 | C32: 3 | D32: 4
A33: 2 | B33: 1 | C33: 2 | D33: 3
A34: 5 | B34: 3 | C34: 4 | D34: 4 | F34: MC entre | G34: =G17/G25 -> 19.645189
A35: 5 | B35: 3 | C35: 2 | D35: 5
A36: 2 | B36: 5 | C36: 4 | D36: 4
A37: 3 | B37: 1 | C37: 5 | D37: 3 | F37: Calculo SC DENTRO DE GRUPOS (Suma de Cuadrados Dentro)
A38: 5 | B38: 4 | C38: 4 | D38: 5 | F38: Mide la variabilidad interna de cada grupo
A39: 1 | B39: 4 | C39: 1 | D39: 5 | F39: Qué tanto varían los datos dentro del mismo grupo
A40: 3 | B40: 3 | C40: 5 | D40: 5
A41: 1 | B41: 2 | C41: 1 | D41: 5
A42: 4 | B42: 5 | C42: 2 | D42: 3
A43: 3 | B43: 3 | C43: 2 | D43: 4
A44: 3 | B44: 3 | C44: 4 | D44: 4 | F44: SC Dentro Grupos | G44: =DEVSQ(A:A)+DEVSQ(B:B)+DEVSQ(C:C)+DEVSQ(D:D) -> 491.17526
A45: 3 | B45: 4 | C45: 4 | D45: 2
A46: 5 | B46: 3 | C46: 3 | D46: 5
A47: 3 | B47: 3 | C47: 2 | D47: 5 | F47: Calculo gl DENTRO (Grados de libertad dentro)
A48: 1 | B48: 3 | C48: 3 | D48: 5 | F48: N = total de datos | G48: =COUNT(A:A,B:B,C:C,D:D) -> 388
A49: 3 | B49: 4 | C49: 4 | D49: 5 | F49: k (Numero de grupos) | G49: =G22 -> 4
A50: 5 | B50: 4 | C50: 4 | D50: 2
A51: 4 | B51: 5 | C51: 2 | D51: 5
A52: 4 | B52: 4 | C52: 2 | D52: 5
A53: 3 | B53: 2 | C53: 3 | D53: 5
A54: 3 | B54: 3 | C54: 1 | D54: 3 | F54: gl dentro | G54: =G48-G49 -> 384
A55: 3 | B55: 4 | C55: 2 | D55: 3
A56: 2 | B56: 3 | C56: 3 | D56: 5
A57: 3 | B57: 4 | C57: 3 | D57: 4 | F57: Calculo MC DENTRO (Media Cuadrática Dentro)
A58: 3 | B58: 4 | C58: 5 | D58: 4 | F58: Es el promedio de la variación interna
A59: 4 | B59: 4 | C59: 4 | D59: 5
A60: 2 | B60: 2 | C60: 4 | D60: 4
A61: 3 | B61: 3 | C61: 5 | D61: 5
A62: 2 | B62: 4 | C62: 1 | D62: 4
A63: 3 | B63: 5 | C63: 3 | D63: 5
A64: 3 | B64: 3 | C64: 4 | D64: 4 | F64: MC dentro | G64: =G44/G54 -> 1.2791022
A65: 3 | B65: 2 | C65: 2 | D65: 4
A66: 3 | B66: 5 | C66: 5 | D66: 5
A67: 1 | B67: 2 | C67: 2 | D67: 4 | F67: Calculo F Calculado
A68: 3 | B68: 4 | C68: 3 | D68: 5 | F68: El F calculado es un valor numérico que obtienes al aplicar la fórmula de ANOVA.
A69: 1 | B69: 4 | C69: 3 | D69: 5 | F69: Sirve para decidir si hay diferencias significativas entre grupos.
A70: 1 | B70: 1 | C70: 3 | D70: 5
A71: 2 | B71: 4 | C71: 3 | D71: 4
A72: 5 | B72: 5 | C72: 3 | D72: 2
A73: 4 | B73: 1 | C73: 2 | D73: 4
A74: 2 | B74: 3 | C74: 5 | D74: 3 | F74: F calculado | G74: =G34/G64 -> 15.358576
A75: 3 | B75: 3 | C75: 2 | D75: 4
A76: 2 | B76: 4 | C76: 2 | D76: 3
A77: 5 | B77: 2 | C77: 1 | D77: 3 | F77: Calculo F critico (Tabla) y P valor
A78: 3 | B78: 3 | C78: 4 | D78: 4
A79: 3 | B79: 3 | C79: 1 | D79: 2 | F79: α El mas comun 5% | G79: 0.05
A80: 4 | B80: 4 | C80: 3 | D80: 4 | F80: gl entre | G80: =G25 -> 3
A81: 3 | B81: 1 | C81: 4 | D81: 5 | F81: gl dentro | G81: =G54 -> 384
A82: 3 | B82: 2 | C82: 3 | D82: 4 | F82: F critico (Tabla) | G82: =FINV(G79, G80, G81) -> 2.6281487
A83: 3 | B83: 3 | C83: 2 | D83: 2 | F83: P valor | G83: =_xlfn.F.DIST.RT(G74, G80, G81) -> 1.8619809e-09
A84: 2 | B84: 2 | C84: 4 | D84: 4
A85: 3 | B85: 4 | C85: 5 | D85: 5 | F85: Interpretación:
A86: 3 | B86: 3 | C86: 5 | D86: 5
A87: 3 | B87: 5 | C87: 4 | D87: 5 | F87: hipotesis nula Ho = No hay diferencias significativa
A88: 3 | B88: 1 | C88: 3 | D88: 3 | F88: hipotesis alternativa H1 = Si hay diferencia significativa
A89: 2 | B89: 4 | C89: 4 | D89: 5
A90: 2 | B90: 3 | C90: 4 | D90: 2 | F90: ="Si F calculado ("&G74&") > F critico ("&G82&") ---> Se rechaza la hipotesis nula" -> Si F calculado (15.3585761061204) > F critico (2.62814868440389) ---> Se rechaza la hipotesis nula
A91: 2 | B91: 5 | C91: 5 | D91: 4 | F91: ="Si p-valor ("&G83&") < α Nivel Significancia ("&G79&") ---> Se rechaza la hipotesis nula" -> Si p-valor (1.86198093655213E-09) < α Nivel Significancia (0.05) ---> Se rechaza la hipotesis nula
A92: 2 | B92: 5 | C92: 1 | D92: 5
A93: 5 | B93: 4 | C93: 1 | D93: 4
A94: 3 | B94: 5 | C94: 5 | D94: 4 | F94: Nota:
A95: 4 | B95: 4 | C95: 5 | D95: 3 | F95: El ANOVA solo te dice que al menos un grupo difiere de los otros, Pero no te dice que grupo
A96: 2 | B96: 5 | C96: 5 | D96: 5 | F96: Para saber qué grupos son diferentes, necesitas hacer pruebas post-hoc.
A97: 3 | B97: 1 | C97: 4 | D97: 4
A98: 5 | B98: 4 | C98: 3 | D98: 4

Sheet Conocimientos-adquiridos
A1: Grupo Control Pre Test Sin intervención | B1: Grupo Control Post Test Sin intervención | C1: Grupo Experimental Pre Test Sin intervención | D1: Grupo Experimental Post Test Con intervención
A2: 2 | B2: 3 | C2: 3 | D2: 4 | F2: Datos Generales
A3: 2 | B3: 4 | C3: 3 | D3: 5 | F3: Tamano Grupos | G3: =COUNT(A:A) -> 97
A4: 5 | B4: 2 | C4: 3 | D4: 5 | F4: Promedio Grupo A | G4: =AVERAGE(A:A) -> 3.2268041
A5: 4 | B5: 2 | C5: 5 | D5: 5 | F5: Promedio Grupo B | G5: =AVERAGE(B:B) -> 3.1340206
A6: 5 | B6: 2 | C6: 4 | D6: 3 | F6: Promedio Grupo C | G6: =AVERAGE(C:C) -> 3.0412371
A7: 5 | B7: 3 | C7: 3 | D7: 3 | F7: Promedio Grupo D | G7: =AVERAGE(D:D) -> 4.2061856
A8: 5 | B8: 3 | C8: 4 | D8: 4 | F8: Promedio Total total | G8: =AVERAGE(G4:G7) -> 3.4020619
A9: 2 | B9: 4 | C9: 3 | D9: 5
A10: 4 | B10: 2 | C10: 4 | D10: 5
A11: 3 | B11: 2 | C11: 2 | D11: 4 | F11: Calculo Suma de Cuadrados Entre Grupos
A12: 3 | B12: 5 | C12: 1 | D12: 5 | F12: Mide qué tan diferentes son los grupos entre sí
A13: 4 | B13: 5 | C13: 3 | D13: 5 | F13: Compara las medias de cada grupo con la media general
A14: 3 | B14: 1 | C14: 5 | D14: 4
A15: 4 | B15: 5 | C15: 5 | D15: 5
A16: 3 | B16: 3 | C16: 2 | D16: 5
A17: 3 | B17: 5 | C17: 3 | D17: 4 | F17: SC Entre Grupos | G17: =G3*((G4-G8)^2+(G5-G8)^2+(G6-G8)^2+(G7-G8)^2) -> 85.298969
A18: 4 | B18: 1 | C18: 3 | D18: 5
A19: 3 | B19: 2 | C19: 4 | D19: 4
A20: 3 | B20: 3 | C20: 2 | D20: 3 | F20: Calculo gl ENTRE (Grados de libertad entre grupos)
A21: 3 | B21: 3 | C21: 5 | D21: 4 | F21: Cantidad de grupos independientes que puedes comparar
A22: 4 | B22: 4 | C22: 1 | D22: 4 | F22: k (Numero de grupos) | G22: 4
A23: 4 | B23: 4 | C23: 4 | D23: 3
A24: 1 | B24: 4 | C24: 5 | D24: 4
A25: 5 | B25: 2 | C25: 3 | D25: 5 | F25: gl entre | G25: =G22-1 -> 3
A26: 5 | B26: 3 | C26: 3 | D26: 4
A27: 4 | B27: 3 | C27: 3 | D27: 4
A28: 4 | B28: 1 | C28: 3 | D28: 5 | F28: Calculo MC ENTRE (Media Cuadrática Entre)
A29: 3 | B29: 3 | C29: 5 | D29: 5 | F29: Es el promedio de la variación entre grupos
A30: 2 | B30: 5 | C30: 5 | D30: 4
A31: 5 | B31: 1 | C31: 2 | D31: 5
A32: 4 | B32: 5 | C32: 1 | D32: 4
A33: 3 | B33: 3 | C33: 3 | D33: 4
A34: 4 | B34: 4 | C34: 3 | D34: 3 | F34: MC entre | G34: =G17/G25 -> 28.43299
A35: 1 | B35: 5 | C35: 2 | D35: 5
A36: 3 | B36: 4 | C36: 3 | D36: 5
A37: 3 | B37: 2 | C37: 2 | D37: 4 | F37: Calculo SC DENTRO DE GRUPOS (Suma de Cuadrados Dentro)
A38: 5 | B38: 3 | C38: 3 | D38: 4 | F38: Mide la variabilidad interna de cada grupo
A39: 3 | B39: 2 | C39: 3 | D39: 2 | F39: Qué tanto varían los datos dentro del mismo grupo
A40: 3 | B40: 4 | C40: 3 | D40: 4
A41: 4 | B41: 5 | C41: 2 | D41: 5
A42: 4 | B42: 5 | C42: 3 | D42: 3
A43: 2 | B43: 2 | C43: 1 | D43: 4
A44: 2 | B44: 3 | C44: 4 | D44: 5 | F44: SC Dentro Grupos | G44: =DEVSQ(A:A)+DEVSQ(B:B)+DEVSQ(C:C)+DEVSQ(D:D) -> 483.97938
A45: 4 | B45: 2 | C45: 3 | D45: 3
A46: 4 | B46: 5 | C46: 3 | D46: 4
A47: 1 | B47: 3 | C47: 5 | D47: 5 | F47: Calculo gl DENTRO (Grados de libertad dentro)
A48: 4 | B48: 2 | C48: 3 | D48: 5 | F48: N = total de datos | G48: =COUNT(A:A,B:B,C:C,D:D) -> 388
A49: 4 | B49: 5 | C49: 3 | D49: 4 | F49: k (Numero de grupos) | G49: =G22 -> 4
A50: 4 | B50: 4 | C50: 4 | D50: 5
A51: 2 | B51: 4 | C51: 5 | D51: 5
A52: 4 | B52: 2 | C52: 3 | D52: 4
A53: 2 | B53: 3 | C53: 4 | D53: 4
A54: 2 | B54: 2 | C54: 1 | D54: 4 | F54: gl dentro | G54: =G48-G49 -> 384
A55: 4 | B55: 4 | C55: 4 | D55: 2
A56: 4 | B56: 4 | C56: 2 | D56: 5
A57: 3 | B57: 1 | C57: 2 | D57: 5 | F57: Calculo MC DENTRO (Media Cuadrática Dentro)
A58: 3 | B58: 5 | C58: 1 | D58: 5 | F58: Es el promedio de la variación interna
A59: 4 | B59: 3 | C59: 3 | D59: 5
A60: 5 | B60: 1 | C60: 4 | D60: 4
A61: 5 | B61: 2 | C61: 1 | D61: 4
A62: 3 | B62: 2 | C62: 3 | D62: 5
A63: 1 | B63: 4 | C63: 4 | D63: 5
A64: 3 | B64: 3 | C64: 5 | D64: 4 | F64: MC dentro | G64: =G44/G54 -> 1.260363
A65: 1 | B65: 4 | C65: 5 | D65: 3
A66: 3 | B66: 2 | C66: 2 | D66: 5
A67: 3 | B67: 1 | C67: 2 | D67: 3 | F67: Calculo F Calculado
A68: 3 | B68: 1 | C68: 3 | D68: 5 | F68: El F calculado es un valor numérico que obtienes al aplicar la fórmula de ANOVA.
A69: 5 | B69: 5 | C69: 5 | D69: 2 | F69: Sirve para decidir si hay diferencias significativas entre grupos.
A70: 3 | B70: 4 | C70: 3 | D70: 5
A71: 5 | B71: 4 | C71: 3 | D71: 4
A72: 2 | B72: 5 | C72: 4 | D72: 3
A73: 3 | B73: 4 | C73: 5 | D73: 4
A74: 1 | B74: 4 | C74: 2 | D74: 4 | F74: F calculado | G74: =G34/G64 -> 22.559366
A75: 1 | B75: 3 | C75: 3 | D75: 4
A76: 3 | B76: 1 | C76: 1 | D76: 2
A77: 4 | B77: 3 | C77: 3 | D77: 4 | F77: Calculo F critico (Tabla) y P valor
A78: 5 | B78: 2 | C78: 3 | D78: 5
A79: 2 | B79: 2 | C79: 3 | D79: 4 | F79: α El mas comun 5% | G79: 0.05
A80: 3 | B80: 4 | C80: 4 | D80: 4 | F80: gl entre | G80: =G25 -> 3
A81: 3 | B81: 4 | C81: 2 | D81: 5 | F81: gl dentro | G81: =G54 -> 384
A82: 1 | B82: 3 | C82: 1 | D82: 4 | F82: F critico (Tabla) | G82: =FINV(G79, G80, G81) -> 2.6281487
A83: 2 | B83: 2 | C83: 3 | D83: 1 | F83: P valor | G83: =_xlfn.F.DIST.RT(G74, G80, G81) -> 1.7923878e-13
A84: 2 | B84: 4 | C84: 5 | D84: 5
A85: 5 | B85: 3 | C85: 1 | D85: 4 | F85: Interpretación:
A86: 3 | B86: 3 | C86: 5 | D86: 5
A87: 4 | B87: 4 | C87: 2 | D87: 5 | F87: hipotesis nula Ho = No hay diferencias significativa
A88: 3 | B88: 5 | C88: 2 | D88: 5 | F88: hipotesis alternativa H1 = Si hay diferencia significativa
A89: 2 | B89: 2 | C89: 2 | D89: 5
A90: 3 | B90: 3 | C90: 1 | D90: 4 | F90: ="Si F calculado ("&G74&") > F critico ("&G82&") ---> Se rechaza la hipotesis nula" -> Si F calculado (22.5593660801772) > F critico (2.62814868440389) ---> Se rechaza la hipotesis nula
A91: 3 | B91: 2 | C91: 3 | D91: 5 | F91: ="Si p-valor ("&G83&") < α Nivel Significancia ("&G79&") ---> Se rechaza la hipotesis nula" -> Si p-valor (1.79238776028702E-13) < α Nivel Significancia (0.05) ---> Se rechaza la hipotesis nula
A92: 3 | B92: 2 | C92: 1 | D92: 4
A93: 3 | B93: 3 | C93: 3 | D93: 2
A94: 3 | B94: 5 | C94: 2 | D94: 5 | F94: Nota:
A95: 3 | B95: 2 | C95: 3 | D95: 5 | F95: El ANOVA solo te dice que al menos un grupo difiere de los otros, Pero no te dice que grupo
A96: 3 | B96: 3 | C96: 4 | D96: 5 | F96: Para saber qué grupos son diferentes, necesitas hacer pruebas post-hoc.
A97: 3 | B97: 4 | C97: 4 | D97: 5
A98: 3 | B98: 3 | C98: 3 | D98: 4

Sheet Nota-final
A1: Grupo Control Pre Test Sin intervención | B1: Grupo Control Post Test Sin intervención | C1: Grupo Experimental Pre Test Sin intervención | D1: Grupo Experimental Post Test Con intervención
A2: 3 | B2: 3 | C2: 3 | D2: 4 | F2: Datos Generales
A3: 4 | B3: 2 | C3: 3 | D3: 3 | F3: Tamano Grupos | G3: =COUNT(A:A) -> 97
A4: 3 | B4: 1 | C4: 3 | D4: 5 | F4: Promedio Grupo A | G4: =AVERAGE(A:A) -> 2.9381443
A5: 3 | B5: 2 | C5: 2 | D5: 3 | F5: Promedio Grupo B | G5: =AVERAGE(B:B) -> 2.7731959
A6: 2 | B6: 5 | C6: 3 | D6: 5 | F6: Promedio Grupo C | G6: =AVERAGE(C:C) -> 2.8969072
A7: 2 | B7: 2 | C7: 3 | D7: 4 | F7: Promedio Grupo D | G7: =AVERAGE(D:D) -> 4.1546392
A8: 3 | B8: 4 | C8: 3 | D8: 2 | F8: Promedio Total total | G8: =AVERAGE(G4:G7) -> 3.1907216
A9: 1 | B9: 4 | C9: 3 | D9: 4
A10: 4 | B10: 2 | C10: 1 | D10: 5
A11: 5 | B11: 2 | C11: 4 | D11: 3 | F11: Calculo Suma de Cuadrados Entre Grupos
A12: 1 | B12: 3 | C12: 1 | D12: 4 | F12: Mide qué tan diferentes son los grupos entre sí
A13: 3 | B13: 5 | C13: 4 | D13: 5 | F13: Compara las medias de cada grupo con la media general
A14: 5 | B14: 3 | C14: 2 | D14: 5
A15: 3 | B15: 1 | C15: 1 | D15: 5
A16: 3 | B16: 1 | C16: 3 | D16: 2
A17: 3 | B17: 3 | C17: 2 | D17: 5 | F17: SC Entre Grupos | G17: =G3*((G4-G8)^2+(G5-G8)^2+(G6-G8)^2+(G7-G8)^2) -> 121.59794
A18: 2 | B18: 3 | C18: 4 | D18: 4
A19: 3 | B19: 2 | C19: 3 | D19: 5
A20: 3 | B20: 4 | C20: 3 | D20: 5 | F20: Calculo gl ENTRE (Grados de libertad entre grupos)
A21: 4 | B21: 2 | C21: 4 | D21: 4 | F21: Cantidad de grupos independientes que puedes comparar
A22: 3 | B22: 3 | C22: 3 | D22: 4 | F22: k (Numero de grupos) | G22: 4
A23: 4 | B23: 1 | C23: 2 | D23: 5
A24: 3 | B24: 4 | C24: 5 | D24: 5
A25: 3 | B25: 3 | C25: 1 | D25: 5 | F25: gl entre | G25: =G22-1 -> 3
A26: 4 | B26: 3 | C26: 5 | D26: 4
A27: 2 | B27: 3 | C27: 2 | D27: 5
A28: 2 | B28: 1 | C28: 5 | D28: 4 | F28: Calculo MC ENTRE (Media Cuadrática Entre)
A29: 2 | B29: 2 | C29: 1 | D29: 3 | F29: Es el promedio de la variación entre grupos
A30: 1 | B30: 3 | C30: 4 | D30: 5
A31: 3 | B31: 1 | C31: 2 | D31: 4
A32: 4 | B32: 1 | C32: 5 | D32: 4
A33: 3 | B33: 3 | C33: 2 | D33: 3
A34: 4 | B34: 5 | C34: 4 | D34: 5 | F34: MC entre | G34: =G17/G25 -> 40.532646
A35: 2 | B35: 5 | C35: 3 | D35: 5
A36: 1 | B36: 1 | C36: 3 | D36: 5
A37: 5 | B37: 3 | C37: 2 | D37: 4 | F37: Calculo SC DENTRO DE GRUPOS (Suma de Cuadrados Dentro)
A38: 2 | B38: 2 | C38: 4 | D38: 4 | F38: Mide la variabilidad interna de cada grupo
A39: 3 | B39: 2 | C39: 1 | D39: 5 | F39: Qué tanto varían los datos dentro del mismo grupo
A40: 3 | B40: 1 | C40: 2 | D40: 4
A41: 1 | B41: 1 | C41: 4 | D41: 5
A42: 3 | B42: 3 | C42: 4 | D42: 4
A43: 4 | B43: 1 | C43: 3 | D43: 5
A44: 5 | B44: 3 | C44: 1 | D44: 5 | F44: SC Dentro Grupos | G44: =DEVSQ(A:A)+DEVSQ(B:B)+DEVSQ(C:C)+DEVSQ(D:D) -> 430.28866
A45: 5 | B45: 4 | C45: 2 | D45: 5
A46: 1 | B46: 2 | C46: 3 | D46: 4
A47: 2 | B47: 3 | C47: 2 | D47: 5 | F47: Calculo gl DENTRO (Grados de libertad dentro)
A48: 3 | B48: 3 | C48: 3 | D48: 4 | F48: N = total de datos | G48: =COUNT(A:A,B:B,C:C,D:D) -> 388
A49: 4 | B49: 2 | C49: 4 | D49: 4 | F49: k (Numero de grupos) | G49: =G22 -> 4
A50: 3 | B50: 5 | C50: 4 | D50: 3
A51: 4 | B51: 3 | C51: 4 | D51: 5
A52: 4 | B52: 4 | C52: 3 | D52: 3
A53: 5 | B53: 3 | C53: 3 | D53: 2
A54: 3 | B54: 3 | C54: 4 | D54: 3 | F54: gl dentro | G54: =G48-G49 -> 384
A55: 3 | B55: 2 | C55: 1 | D55: 5
A56: 4 | B56: 1 | C56: 1 | D56: 2
A57: 2 | B57: 3 | C57: 3 | D57: 5 | F57: Calculo MC DENTRO (Media Cuadrática Dentro)
A58: 3 | B58: 3 | C58: 4 | D58: 3 | F58: Es el promedio de la variación interna
A59: 2 | B59: 2 | C59: 4 | D59: 4
A60: 2 | B60: 3 | C60: 2 | D60: 5
A61: 3 | B61: 4 | C61: 3 | D61: 4
A62: 2 | B62: 2 | C62: 3 | D62: 4
A63: 3 | B63: 4 | C63: 3 | D63: 5
A64: 5 | B64: 1 | C64: 2 | D64: 5 | F64: MC dentro | G64: =G44/G54 -> 1.1205434
A65: 2 | B65: 2 | C65: 2 | D65: 5
A66: 1 | B66: 4 | C66: 4 | D66: 4
A67: 2 | B67: 4 | C67: 4 | D67: 4 | F67: Calculo F Calculado
A68: 4 | B68: 3 | C68: 1 | D68: 5 | F68: El F calculado es un valor numérico que obtienes al aplicar la fórmula de ANOVA.
A69: 3 | B69: 1 | C69: 4 | D69: 3 | F69: Sirve para decidir si hay diferencias significativas entre grupos.
A70: 3 | B70: 3 | C70: 2 | D70: 4
A71: 3 | B71: 5 | C71: 3 | D71: 5
A72: 4 | B72: 3 | C72: 3 | D72: 4
A73: 5 | B73: 3 | C73: 4 | D73: 4
A74: 3 | B74: 4 | C74: 3 | D74: 4 | F74: F calculado | G74: =G34/G64 -> 36.172313
A75: 3 | B75: 3 | C75: 5 | D75: 5
A76: 3 | B76: 3 | C76: 3 | D76: 2
A77: 4 | B77: 3 | C77: 2 | D77: 4 | F77: Calculo F critico (Tabla) y P valor
A78: 3 | B78: 3 | C78: 3 | D78: 4
A79: 3 | B79: 1 | C79: 2 | D79: 5 | F79: α El mas comun 5% | G79: 0.05
A80: 2 | B80: 3 | C80: 3 | D80: 4 | F80: gl entre | G80: =G25 -> 3
A81: 2 | B81: 4 | C81: 2 | D81: 3 | F81: gl dentro | G81: =G54 -> 384
A82: 3 | B82: 4 | C82: 3 | D82: 4 | F82: F critico (Tabla) | G82: =FINV(G79, G80, G81) -> 2.6281487
A83: 3 | B83: 3 | C83: 4 | D83: 5 | F83: P valor | G83: =_xlfn.F.DIST.RT(G74, G80, G81) -> 1.3096309e-20
A84: 3 | B84: 3 | C84: 2 | D84: 5
A85: 2 | B85: 1 | C85: 3 | D85: 2 | F85: Interpretación:
A86: 1 | B86: 5 | C86: 3 | D86: 4
A87: 5 | B87: 4 | C87: 2 | D87: 5 | F87: hipotesis nula Ho = No hay diferencias significativa
A88: 3 | B88: 2 | C88: 3 | D88: 5 | F88: hipotesis alternativa H1 = Si hay diferencia significativa
A89: 3 | B89: 1 | C89: 2 | D89: 4
A90: 3 | B90: 3 | C90: 4 | D90: 4 | F90: ="Si F calculado ("&G74&") > F critico ("&G82&") ---> Se rechaza la hipotesis nula" -> Si F calculado (36.1723130001438) > F critico (2.62814868440389) ---> Se rechaza la hipotesis nula
A91: 1 | B91: 3 | C91: 3 | D91: 5 | F91: ="Si p-valor ("&G83&") < α Nivel Significancia ("&G79&") ---> Se rechaza la hipotesis nula" -> Si p-valor (1.30963087937642E-20) < α Nivel Significancia (0.05) ---> Se rechaza la hipotesis nula
A92: 4 | B92: 3 | C92: 3 | D92: 2
A93: 1 | B93: 1 | C93: 2 | D93: 5
A94: 2 | B94: 3 | C94: 3 | D94: 4 | F94: Nota:
A95: 3 | B95: 3 | C95: 4 | D95: 5 | F95: El ANOVA solo te dice que al menos un grupo difiere de los otros, Pero no te dice que grupo
A96: 1 | B96: 4 | C96: 3 | D96: 3 | F96: Para saber qué grupos son diferentes, necesitas hacer pruebas post-hoc.
A97: 3 | B97: 5 | C97: 3 | D97: 5
A98: 4 | B98: 3 | C98: 3 | D98: 3

Sheet Comprensión
A1: Grupo Control Pre Test Sin intervención | B1: Grupo Control Post Test Sin intervención | C1: Grupo Experimental Pre Test Sin intervención | D1: Grupo Experimental Post Test Con intervención
A2: 3 | B2: 3 | C2: 5 | D2: 4 | F2: Datos Generales
A3: 3 | B3: 5 | C3: 3 | D3: 5 | F3: Tamano Grupos | G3: =COUNT(A:A) -> 97
A4: 1 | B4: 2 | C4: 4 | D4: 4 | F4: Promedio Grupo A | G4: =AVERAGE(A:A) -> 3.1340206
A5: 3 | B5: 3 | C5: 3 | D5: 5 | F5: Promedio Grupo B | G5: =AVERAGE(B:B) -> 3.0618557
A6: 3 | B6: 3 | C6: 4 | D6: 4 | F6: Promedio Grupo C | G6: =AVERAGE(C:C) -> 3.1237113
A7: 3 | B7: 3 | C7: 2 | D7: 5 | F7: Promedio Grupo D | G7: =AVERAGE(D:D) -> 4.1237113
A8: 3 | B8: 2 | C8: 3 | D8: 3 | F8: Promedio Total total | G8: =AVERAGE(G4:G7) -> 3.3608247
A9: 4 | B9: 1 | C9: 4 | D9: 5
A10: 3 | B10: 3 | C10: 4 | D10: 3
A11: 5 | B11: 3 | C11: 4 | D11: 5 | F11: Calculo Suma de Cuadrados Entre Grupos
A12: 1 | B12: 3 | C12: 3 | D12: 5 | F12: Mide qué tan diferentes son los grupos entre sí
A13: 2 | B13: 2 | C13: 2 | D13: 4 | F13: Compara las medias de cada grupo con la media general
A14: 5 | B14: 2 | C14: 3 | D14: 4
A15: 2 | B15: 5 | C15: 3 | D15: 4
A16: 3 | B16: 4 | C16: 1 | D16: 5
A17: 4 | B17: 3 | C17: 3 | D17: 4 | F17: SC Entre Grupos | G17: =G3*((G4-G8)^2+(G5-G8)^2+(G6-G8)^2+(G7-G8)^2) -> 75.56701
A18: 4 | B18: 3 | C18: 5 | D18: 2
A19: 3 | B19: 5 | C19: 4 | D19: 5
A20: 2 | B20: 4 | C20: 2 | D20: 3 | F20: Calculo gl ENTRE (Grados de libertad entre grupos)
A21: 4 | B21: 3 | C21: 2 | D21: 4 | F21: Cantidad de grupos independientes que puedes comparar
A22: 3 | B22: 1 | C22: 4 | D22: 4 | F22: k (Numero de grupos) | G22: 4
A23: 4 | B23: 2 | C23: 4 | D23: 3
A24: 5 | B24: 5 | C24: 4 | D24: 5
A25: 4 | B25: 3 | C25: 5 | D25: 5 | F25: gl entre | G25: =G22-1 -> 3
A26: 4 | B26: 3 | C26: 3 | D26: 5
A27: 5 | B27: 3 | C27: 5 | D27: 5
A28: 3 | B28: 1 | C28: 2 | D28: 5 | F28: Calculo MC ENTRE (Media Cuadrática Entre)
A29: 3 | B29: 3 | C29: 4 | D29: 3 | F29: Es el promedio de la variación entre grupos
A30: 2 | B30: 2 | C30: 2 | D30: 4
A31: 2 | B31: 2 | C31: 3 | D31: 5
A32: 5 | B32: 5 | C32: 3 | D32: 4
A33: 3 | B33: 4 | C33: 3 | D33: 4
A34: 4 | B34: 4 | C34: 4 | D34: 5 | F34: MC entre | G34: =G17/G25 -> 25.189003
A35: 4 | B35: 5 | C35: 5 | D35: 5
A36: 4 | B36: 3 | C36: 3 | D36: 5
A37: 2 | B37: 5 | C37: 2 | D37: 4 | F37: Calculo SC DENTRO DE GRUPOS (Suma de Cuadrados Dentro)
A38: 3 | B38: 1 | C38: 5 | D38: 5 | F38: Mide la variabilidad interna de cada grupo
A39: 2 | B39: 4 | C39: 5 | D39: 1 | F39: Qué tanto varían los datos dentro del mismo grupo
A40: 3 | B40: 1 | C40: 2 | D40: 5
A41: 3 | B41: 2 | C41: 2 | D41: 5
A42: 2 | B42: 5 | C42: 1 | D42: 3
A43: 4 | B43: 3 | C43: 3 | D43: 3
A44: 3 | B44: 2 | C44: 3 | D44: 4 | F44: SC Dentro Grupos | G44: =DEVSQ(A:A)+DEVSQ(B:B)+DEVSQ(C:C)+DEVSQ(D:D) -> 489.91753
A45: 5 | B45: 5 | C45: 4 | D45: 5
A46: 3 | B46: 4 | C46: 3 | D46: 5
A47: 2 | B47: 4 | C47: 2 | D47: 3 | F47: Calculo gl DENTRO (Grados de libertad dentro)
A48: 1 | B48: 2 | C48: 2 | D48: 5 | F48: N = total de datos | G48: =COUNT(A:A,B:B,C:C,D:D) -> 388
A49: 3 | B49: 3 | C49: 2 | D49: 4 | F49: k (Numero de grupos) | G49: =G22 -> 4
A50: 3 | B50: 2 | C50: 3 | D50: 5
A51: 2 | B51: 3 | C51: 2 | D51: 4
A52: 4 | B52: 3 | C52: 4 | D52: 4
A53: 4 | B53: 1 | C53: 5 | D53: 4
A54: 2 | B54: 5 | C54: 3 | D54: 4 | F54: gl dentro | G54: =G48-G49 -> 384
A55: 5 | B55: 3 | C55: 3 | D55: 5
A56: 1 | B56: 2 | C56: 3 | D56: 5
A57: 1 | B57: 3 | C57: 3 | D57: 5 | F57: Calculo MC DENTRO (Media Cuadrática Dentro)
A58: 4 | B58: 2 | C58: 3 | D58: 4 | F58: Es el promedio de la variación interna
A59: 4 | B59: 1 | C59: 5 | D59: 5
A60: 2 | B60: 5 | C60: 5 | D60: 5
A61: 1 | B61: 4 | C61: 2 | D61: 4
A62: 5 | B62: 2 | C62: 5 | D62: 4
A63: 5 | B63: 2 | C63: 3 | D63: 3
A64: 4 | B64: 2 | C64: 4 | D64: 5 | F64: MC dentro | G64: =G44/G54 -> 1.2758269
A65: 1 | B65: 2 | C65: 2 | D65: 4
A66: 5 | B66: 3 | C66: 3 | D66: 4
A67: 5 | B67: 2 | C67: 3 | D67: 5 | F67: Calculo F Calculado
A68: 3 | B68: 5 | C68: 4 | D68: 5 | F68: El F calculado es un valor numérico que obtienes al aplicar la fórmula de ANOVA.
A69: 1 | B69: 3 | C69: 2 | D69: 4 | F69: Sirve para decidir si hay diferencias significativas entre grupos.
A70: 5 | B70: 2 | C70: 3 | D70: 5
A71: 1 | B71: 3 | C71: 2 | D71: 4
A72: 4 | B72: 1 | C72: 1 | D72: 3
A73: 5 | B73: 3 | C73: 4 | D73: 1
A74: 1 | B74: 2 | C74: 3 | D74: 3 | F74: F calculado | G74: =G34/G64 -> 19.743277
A75: 3 | B75: 3 | C75: 3 | D75: 4
A76: 3 | B76: 5 | C76: 4 | D76: 4
A77: 4 | B77: 3 | C77: 2 | D77: 4 | F77: Calculo F critico (Tabla) y P valor
A78: 3 | B78: 3 | C78: 4 | D78: 4
A79: 4 | B79: 3 | C79: 3 | D79: 3 | F79: α El mas comun 5% | G79: 0.05
A80: 3 | B80: 3 | C80: 3 | D80: 5 | F80: gl entre | G80: =G25 -> 3
A81: 3 | B81: 4 | C81: 5 | D81: 4 | F81: gl dentro | G81: =G54 -> 384
A82: 2 | B82: 3 | C82: 2 | D82: 5 | F82: F critico (Tabla) | G82: =FINV(G79, G80, G81) -> 2.6281487
A83: 1 | B83: 5 | C83: 2 | D83: 4 | F83: P valor | G83: =_xlfn.F.DIST.RT(G74, G80, G81) -> 6.3658765e-12
A84: 3 | B84: 2 | C84: 1 | D84: 5
A85: 3 | B85: 3 | C85: 3 | D85: 4 | F85: Interpretación:
A86: 3 | B86: 3 | C86: 3 | D86: 4
A87: 2 | B87: 4 | C87: 1 | D87: 4 | F87: hipotesis nula Ho = No hay diferencias significativa
A88: 5 | B88: 3 | C88: 2 | D88: 5 | F88: hipotesis alternativa H1 = Si hay diferencia significativa
A89: 3 | B89: 1 | C89: 4 | D89: 2
A90: 5 | B90: 5 | C90: 3 | D90: 5 | F90: ="Si F calculado ("&G74&") > F critico ("&G82&") ---> Se rechaza la hipotesis nula" -> Si F calculado (19.7432767981145) > F critico (2.62814868440389) ---> Se rechaza la hipotesis nula
A91: 2 | B91: 4 | C91: 4 | D91: 3 | F91: ="Si p-valor ("&G83&") < α Nivel Significancia ("&G79&") ---> Se rechaza la hipotesis nula" -> Si p-valor (6.36587654884988E-12) < α Nivel Significancia (0.05) ---> Se rechaza la hipotesis nula
A92: 1 | B92: 2 | C92: 3 | D92: 3
A93: 3 | B93: 5 | C93: 2 | D93: 5
A94: 4 | B94: 2 | C94: 3 | D94: 3 | F94: Nota:
A95: 3 | B95: 3 | C95: 5 | D95: 2 | F95: El ANOVA solo te dice que al menos un grupo difiere de los otros, Pero no te dice que grupo
A96: 3 | B96: 5 | C96: 2 | D96: 5 | F96: Para saber qué grupos son diferentes, necesitas hacer pruebas post-hoc.
A97: 5 | B97: 3 | C97: 1 | D97: 3
A98: 3 | B98: 5 | C98: 4 | D98: 4

Sheet Habilidades
A1: Grupo Control Pre Test Sin intervención | B1: Grupo Control Post Test Sin intervención | C1: Grupo Experimental Pre Test Sin intervención | D1: Grupo Experimental Post Test Con intervención
A2: 4 | B2: 4 | C2: 3 | D2: 4 | F2: Datos Generales
A3: 4 | B3: 4 | C3: 3 | D3: 3 | F3: Tamano Grupos | G3: =COUNT(A:A) -> 97
A4: 3 | B4: 4 | C4: 5 | D4: 3 | F4: Promedio Grupo A | G4: =AVERAGE(A:A) -> 3.1546392
A5: 3 | B5: 2 | C5: 3 | D5: 5 | F5: Promedio Grupo B | G5: =AVERAGE(B:B) -> 3.0927835
A6: 5 | B6: 1 | C6: 4 | D6: 3 | F6: Promedio Grupo C | G6: =AVERAGE(C:C) -> 2.9587629
A7: 3 | B7: 5 | C7: 2 | D7: 5 | F7: Promedio Grupo D | G7: =AVERAGE(D:D) -> 4.0721649
A8: 4 | B8: 4 | C8: 4 | D8: 3 | F8: Promedio Total total | G8: =AVERAGE(G4:G7) -> 3.3195876
A9: 3 | B9: 2 | C9: 3 | D9: 4
A10: 5 | B10: 1 | C10: 2 | D10: 5
A11: 4 | B11: 4 | C11: 4 | D11: 1 | F11: Calculo Suma de Cuadrados Entre Grupos
A12: 3 | B12: 2 | C12: 2 | D12: 4 | F12: Mide qué tan diferentes son los grupos entre sí
A13: 3 | B13: 3 | C13: 2 | D13: 4 | F13: Compara las medias de cada grupo con la media general
A14: 3 | B14: 5 | C14: 5 | D14: 5
A15: 1 | B15: 2 | C15: 5 | D15: 5
A16: 3 | B16: 3 | C16: 5 | D16: 3
A17: 1 | B17: 4 | C17: 5 | D17: 4 | F17: SC Entre Grupos | G17: =G3*((G4-G8)^2+(G5-G8)^2+(G6-G8)^2+(G7-G8)^2) -> 75.195876
A18: 5 | B18: 4 | C18: 3 | D18: 5
A19: 1 | B19: 3 | C19: 1 | D19: 5
A20: 4 | B20: 3 | C20: 3 | D20: 2 | F20: Calculo gl ENTRE (Grados de libertad entre grupos)
A21: 4 | B21: 3 | C21: 1 | D21: 4 | F21: Cantidad de grupos independientes que puedes comparar
A22: 2 | B22: 2 | C22: 5 | D22: 5 | F22: k (Numero de grupos) | G22: 4
A23: 2 | B23: 5 | C23: 4 | D23: 3
A24: 4 | B24: 3 | C24: 3 | D24: 4
A25: 3 | B25: 3 | C25: 2 | D25: 5 | F25: gl entre | G25: =G22-1 -> 3
A26: 4 | B26: 4 | C26: 1 | D26: 5
A27: 4 | B27: 1 | C27: 3 | D27: 4
A28: 2 | B28: 5 | C28: 3 | D28: 2 | F28: Calculo MC ENTRE (Media Cuadrática Entre)
A29: 2 | B29: 5 | C29: 2 | D29: 4 | F29: Es el promedio de la variación entre grupos
A30: 3 | B30: 1 | C30: 5 | D30: 4
A31: 3 | B31: 2 | C31: 1 | D31: 5
A32: 5 | B32: 3 | C32: 3 | D32: 5
A33: 3 | B33: 3 | C33: 3 | D33: 4
A34: 4 | B34: 2 | C34: 5 | D34: 5 | F34: MC entre | G34: =G17/G25 -> 25.065292
A35: 3 | B35: 4 | C35: 3 | D35: 5
A36: 3 | B36: 4 | C36: 4 | D36: 5
A37: 4 | B37: 4 | C37: 3 | D37: 4 | F37: Calculo SC DENTRO DE GRUPOS (Suma de Cuadrados Dentro)
A38: 2 | B38: 4 | C38: 4 | D38: 4 | F38: Mide la variabilidad interna de cada grupo
A39: 2 | B39: 2 | C39: 2 | D39: 5 | F39: Qué tanto varían los datos dentro del mismo grupo
A40: 5 | B40: 5 | C40: 4 | D40: 5
A41: 3 | B41: 2 | C41: 5 | D41: 5
A42: 4 | B42: 4 | C42: 1 | D42: 5
A43: 2 | B43: 3 | C43: 3 | D43: 5
A44: 2 | B44: 2 | C44: 3 | D44: 3 | F44: SC Dentro Grupos | G44: =DEVSQ(A:A)+DEVSQ(B:B)+DEVSQ(C:C)+DEVSQ(D:D) -> 487.17526
A45: 4 | B45: 1 | C45: 4 | D45: 3
A46: 2 | B46: 4 | C46: 3 | D46: 4
A47: 4 | B47: 3 | C47: 3 | D47: 4 | F47: Calculo gl DENTRO (Grados de libertad dentro)
A48: 1 | B48: 3 | C48: 5 | D48: 2 | F48: N = total de datos | G48: =COUNT(A:A,B:B,C:C,D:D) -> 388
A49: 2 | B49: 4 | C49: 3 | D49: 4 | F49: k (Numero de grupos) | G49: =G22 -> 4
A50: 3 | B50: 2 | C50: 3 | D50: 3
A51: 2 | B51: 2 | C51: 4 | D51: 5
A52: 2 | B52: 4 | C52: 2 | D52: 5
A53: 2 | B53: 4 | C53: 3 | D53: 5
A54: 3 | B54: 1 | C54: 2 | D54: 2 | F54: gl dentro | G54: =G48-G49 -> 384
A55: 3 | B55: 3 | C55: 3 | D55: 5
A56: 4 | B56: 2 | C56: 3 | D56: 5
A57: 2 | B57: 5 | C57: 3 | D57: 5 | F57: Calculo MC DENTRO (Media Cuadrática Dentro)
A58: 2 | B58: 2 | C58: 2 | D58: 3 | F58: Es el promedio de la variación interna
A59: 2 | B59: 3 | C59: 1 | D59: 3
A60: 5 | B60: 3 | C60: 1 | D60: 5
A61: 5 | B61: 4 | C61: 2 | D61: 4
A62: 5 | B62: 3 | C62: 2 | D62: 5
A63: 4 | B63: 3 | C63: 3 | D63: 5
A64: 3 | B64: 2 | C64: 4 | D64: 4 | F64: MC dentro | G64: =G44/G54 -> 1.2686856
A65: 3 | B65: 4 | C65: 2 | D65: 5
A66: 2 | B66: 2 | C66: 2 | D66: 5
A67: 5 | B67: 3 | C67: 2 | D67: 4 | F67: Calculo F Calculado
A68: 3 | B68: 2 | C68: 4 | D68: 4 | F68: El F calculado es un valor numérico que obtienes al aplicar la fórmula de ANOVA.
A69: 3 | B69: 4 | C69: 2 | D69: 5 | F69: Sirve para decidir si hay diferencias significativas entre grupos.
A70: 2 | B70: 4 | C70: 1 | D70: 3
A71: 2 | B71: 5 | C71: 3 | D71: 2
A72: 3 | B72: 2 | C72: 4 | D72: 3
A73: 5 | B73: 4 | C73: 3 | D73: 5
A74: 5 | B74: 3 | C74: 2 | D74: 5 | F74: F calculado | G74: =G34/G64 -> 19.756899
A75: 3 | B75: 5 | C75: 3 | D75: 4
A76: 2 | B76: 3 | C76: 3 | D76: 5
A77: 3 | B77: 4 | C77: 2 | D77: 5 | F77: Calculo F critico (Tabla) y P valor
A78: 3 | B78: 3 | C78: 3 | D78: 4
A79: 4 | B79: 5 | C79: 4 | D79: 5 | F79: α El mas comun 5% | G79: 0.05
A80: 5 | B80: 3 | C80: 4 | D80: 5 | F80: gl entre | G80: =G25 -> 3
A81: 2 | B81: 1 | C81: 3 | D81: 4 | F81: gl dentro | G81: =G54 -> 384
A82: 4 | B82: 2 | C82: 2 | D82: 1 | F82: F critico (Tabla) | G82: =FINV(G79, G80, G81) -> 2.6281487
A83: 2 | B83: 2 | C83: 5 | D83: 2 | F83: P valor | G83: =_xlfn.F.DIST.RT(G74, G80, G81) -> 6.2559827e-12
A84: 3 | B84: 5 | C84: 3 | D84: 5
A85: 1 | B85: 3 | C85: 3 | D85: 4 | F85: Interpretación:
A86: 1 | B86: 3 | C86: 4 | D86: 4
A87: 4 | B87: 4 | C87: 3 | D87: 3 | F87: hipotesis nula Ho = No hay diferencias significativa
A88: 4 | B88: 3 | C88: 1 | D88: 5 | F88: hipotesis alternativa H1 = Si hay diferencia significativa
A89: 4 | B89: 2 | C89: 3 | D89: 3
A90: 3 | B90: 3 | C90: 3 | D90: 1 | F90: ="Si F calculado ("&G74&") > F critico ("&G82&") ---> Se rechaza la hipotesis nula" -> Si F calculado (19.7568985948874) > F critico (2.62814868440389) ---> Se rechaza la hipotesis nula
A91: 4 | B91: 5 | C91: 1 | D91: 4 | F91: ="Si p-valor ("&G83&") < α Nivel Significancia ("&G79&") ---> Se rechaza la hipotesis nula" -> Si p-valor (6.25598274572428E-12) < α Nivel Significancia (0.05) ---> Se rechaza la hipotesis nula
A92: 5 | B92: 3 | C92: 3 | D92: 4
A93: 4 | B93: 2 | C93: 2 | D93: 5
A94: 3 | B94: 2 | C94: 3 | D94: 2 | F94: Nota:
A95: 3 | B95: 5 | C95: 2 | D95: 5 | F95: El ANOVA solo te dice que al menos un grupo difiere de los otros, Pero no te dice que grupo
A96: 3 | B96: 2 | C96: 4 | D96: 5 | F96: Para saber qué grupos son diferentes, necesitas hacer pruebas post-hoc.
A97: 3 | B97: 2 | C97: 2 | D97: 5
A98: 3 | B98: 1 | C98: 3 | D98: 5

Sheet Resolución-autónoma
A1: Grupo Control Pre Test Sin intervención | B1: Grupo Control Post Test Sin intervención | C1: Grupo Experimental Pre Test Sin intervención | D1: Grupo Experimental Post Test Con intervención
A2: 3 | B2: 3 | C2: 1 | D2: 5 | F2: Datos Generales
A3: 4 | B3: 2 | C3: 1 | D3: 5 | F3: Tamano Grupos | G3: =COUNT(A:A) -> 97
A4: 3 | B4: 5 | C4: 3 | D4: 4 | F4: Promedio Grupo A | G4: =AVERAGE(A:A) -> 2.9793814
A5: 3 | B5: 5 | C5: 3 | D5: 2 | F5: Promedio Grupo B | G5: =AVERAGE(B:B) -> 2.9587629
A6: 3 | B6: 4 | C6: 1 | D6: 3 | F6: Promedio Grupo C | G6: =AVERAGE(C:C) -> 3.0206186
A7: 3 | B7: 2 | C7: 3 | D7: 5 | F7: Promedio Grupo D | G7: =AVERAGE(D:D) -> 4.2371134
A8: 3 | B8: 4 | C8: 4 | D8: 4 | F8: Promedio Total total | G8: =AVERAGE(G4:G7) -> 3.2989691
A9: 3 | B9: 3 | C9: 1 | D9: 5
A10: 4 | B10: 3 | C10: 4 | D10: 4
A11: 3 | B11: 3 | C11: 4 | D11: 5 | F11: Calculo Suma de Cuadrados Entre Grupos
A12: 5 | B12: 5 | C12: 3 | D12: 5 | F12: Mide qué tan diferentes son los grupos entre sí
A13: 3 | B13: 5 | C13: 2 | D13: 5 | F13: Compara las medias de cada grupo con la media general
A14: 1 | B14: 4 | C14: 3 | D14: 1
A15: 2 | B15: 3 | C15: 1 | D15: 4
A16: 2 | B16: 3 | C16: 3 | D16: 4
A17: 3 | B17: 3 | C17: 5 | D17: 4 | F17: SC Entre Grupos | G17: =G3*((G4-G8)^2+(G5-G8)^2+(G6-G8)^2+(G7-G8)^2) -> 114.02062
A18: 2 | B18: 3 | C18: 3 | D18: 4
A19: 3 | B19: 4 | C19: 3 | D19: 5
A20: 4 | B20: 3 | C20: 3 | D20: 5 | F20: Calculo gl ENTRE (Grados de libertad entre grupos)
A21: 5 | B21: 4 | C21: 5 | D21: 3 | F21: Cantidad de grupos independientes que puedes comparar
A22: 2 | B22: 2 | C22: 3 | D22: 4 | F22: k (Numero de grupos) | G22: 4
A23: 3 | B23: 5 | C23: 5 | D23: 5
A24: 3 | B24: 4 | C24: 3 | D24: 5
A25: 4 | B25: 2 | C25: 4 | D25: 5 | F25: gl entre | G25: =G22-1 -> 3
A26: 5 | B26: 4 | C26: 3 | D26: 5
A27: 2 | B27: 3 | C27: 3 | D27: 5
A28: 2 | B28: 3 | C28: 3 | D28: 4 | F28: Calculo MC ENTRE (Media Cuadrática Entre)
A29: 2 | B29: 3 | C29: 4 | D29: 3 | F29: Es el promedio de la variación entre grupos
A30: 2 | B30: 1 | C30: 3 | D30: 5
A31: 4 | B31: 3 | C31: 3 | D31: 5
A32: 3 | B32: 1 | C32: 4 | D32: 5
A33: 4 | B33: 3 | C33: 3 | D33: 5
A34: 3 | B34: 3 | C34: 2 | D34: 4 | F34: MC entre | G34: =G17/G25 -> 38.006873
A35: 3 | B35: 3 | C35: 3 | D35: 5
A36: 2 | B36: 3 | C36: 3 | D36: 5
A37: 1 | B37: 4 | C37: 2 | D37: 3 | F37: Calculo SC DENTRO DE GRUPOS (Suma de Cuadrados Dentro)
A38: 3 | B38: 3 | C38: 5 | D38: 3 | F38: Mide la variabilidad interna de cada grupo
A39: 3 | B39: 2 | C39: 3 | D39: 3 | F39: Qué tanto varían los datos dentro del mismo grupo
A40: 2 | B40: 2 | C40: 2 | D40: 3
A41: 4 | B41: 3 | C41: 1 | D41: 4
A42: 2 | B42: 5 | C42: 2 | D42: 3
A43: 2 | B43: 1 | C43: 4 | D43: 5
A44: 2 | B44: 2 | C44: 1 | D44: 5 | F44: SC Dentro Grupos | G44: =DEVSQ(A:A)+DEVSQ(B:B)+DEVSQ(C:C)+DEVSQ(D:D) -> 421.29897
A45: 5 | B45: 2 | C45: 4 | D45: 4
A46: 3 | B46: 2 | C46: 3 | D46: 5
A47: 2 | B47: 2 | C47: 5 | D47: 4 | F47: Calculo gl DENTRO (Grados de libertad dentro)
A48: 3 | B48: 4 | C48: 3 | D48: 4 | F48: N = total de datos | G48: =COUNT(A:A,B:B,C:C,D:D) -> 388
A49: 2 | B49: 2 | C49: 4 | D49: 5 | F49: k (Numero de grupos) | G49: =G22 -> 4
A50: 2 | B50: 2 | C50: 2 | D50: 5
A51: 4 | B51: 1 | C51: 4 | D51: 5
A52: 3 | B52: 1 | C52: 1 | D52: 4
A53: 2 | B53: 5 | C53: 3 | D53: 4
A54: 3 | B54: 3 | C54: 4 | D54: 4 | F54: gl dentro | G54: =G48-G49 -> 384
A55: 3 | B55: 2 | C55: 5 | D55: 5
A56: 1 | B56: 3 | C56: 2 | D56: 4
A57: 2 | B57: 3 | C57: 2 | D57: 4 | F57: Calculo MC DENTRO (Media Cuadrática Dentro)
A58: 3 | B58: 3 | C58: 3 | D58: 4 | F58: Es el promedio de la variación interna
A59: 2 | B59: 3 | C59: 3 | D59: 4
A60: 3 | B60: 4 | C60: 3 | D60: 5
A61: 4 | B61: 2 | C61: 2 | D61: 5
A62: 1 | B62: 3 | C62: 4 | D62: 5
A63: 3 | B63: 4 | C63: 3 | D63: 4
A64: 2 | B64: 2 | C64: 3 | D64: 4 | F64: MC dentro | G64: =G44/G54 -> 1.0971327
A65: 1 | B65: 2 | C65: 2 | D65: 5
A66: 2 | B66: 2 | C66: 2 | D66: 5
A67: 4 | B67: 3 | C67: 2 | D67: 2 | F67: Calculo F Calculado
A68: 3 | B68: 1 | C68: 2 | D68: 4 | F68: El F calculado es un valor numérico que obtienes al aplicar la fórmula de ANOVA.
A69: 2 | B69: 3 | C69: 3 | D69: 4 | F69: Sirve para decidir si hay diferencias significativas entre grupos.
A70: 3 | B70: 3 | C70: 3 | D70: 4
A71: 2 | B71: 1 | C71: 3 | D71: 5
A72: 5 | B72: 3 | C72: 4 | D72: 5
A73: 5 | B73: 4 | C73: 4 | D73: 5
A74: 1 | B74: 2 | C74: 3 | D74: 5 | F74: F calculado | G74: =G34/G64 -> 34.642001
A75: 2 | B75: 3 | C75: 3 | D75: 5
A76: 3 | B76: 4 | C76: 5 | D76: 4
A77: 4 | B77: 1 | C77: 3 | D77: 5 | F77: Calculo F critico (Tabla) y P valor
A78: 3 | B78: 4 | C78: 4 | D78: 5
A79: 3 | B79: 5 | C79: 3 | D79: 5 | F79: α El mas comun 5% | G79: 0.05
A80: 3 | B80: 3 | C80: 5 | D80: 5 | F80: gl entre | G80: =G25 -> 3
A81: 2 | B81: 5 | C81: 2 | D81: 5 | F81: gl dentro | G81: =G54 -> 384
A82: 4 | B82: 3 | C82: 5 | D82: 1 | F82: F critico (Tabla) | G82: =FINV(G79, G80, G81) -> 2.6281487
A83: 4 | B83: 3 | C83: 4 | D83: 5 | F83: P valor | G83: =_xlfn.F.DIST.RT(G74, G80, G81) -> 7.7780568e-20
A84: 3 | B84: 4 | C84: 4 | D84: 4
A85: 3 | B85: 3 | C85: 4 | D85: 2 | F85: Interpretación:
A86: 3 | B86: 3 | C86: 3 | D86: 5
A87: 5 | B87: 4 | C87: 2 | D87: 5 | F87: hipotesis nula Ho = No hay diferencias significativa
A88: 4 | B88: 1 | C88: 2 | D88: 3 | F88: hipotesis alternativa H1 = Si hay diferencia significativa
A89: 3 | B89: 2 | C89: 4 | D89: 4
A90: 3 | B90: 3 | C90: 4 | D90: 5 | F90: ="Si F calculado ("&G74&") > F critico ("&G82&") ---> Se rechaza la hipotesis nula" -> Si F calculado (34.6420006851661) > F critico (2.62814868440389) ---> Se rechaza la hipotesis nula
A91: 5 | B91: 2 | C91: 1 | D91: 3 | F91: ="Si p-valor ("&G83&") < α Nivel Significancia ("&G79&") ---> Se rechaza la hipotesis nula" -> Si p-valor (7.77805680865268E-20) < α Nivel Significancia (0.05) ---> Se rechaza la hipotesis nula
A92: 4 | B92: 2 | C92: 3 | D92: 5
A93: 5 | B93: 2 | C93: 2 | D93: 3
A94: 4 | B94: 3 | C94: 2 | D94: 2 | F94: Nota:
A95: 3 | B95: 4 | C95: 4 | D95: 5 | F95: El ANOVA solo te dice que al menos un grupo difiere de los otros, Pero no te dice que grupo
A96: 2 | B96: 2 | C96: 3 | D96: 3 | F96: Para saber qué grupos son diferentes, necesitas hacer pruebas post-hoc.
A97: 5 | B97: 4 | C97: 2 | D97: 4
A98: 3 | B98: 4 | C98: 3 | D98: 5

Sheet Motivación
A1: Grupo Control Pre Test Sin intervención | B1: Grupo Control Post Test Sin intervención | C1: Grupo Experimental Pre Test Sin intervención | D1: Grupo Experimental Post Test Con intervención
A2: 4 | B2: 3 | C2: 3 | D2: 5 | F2: Datos Generales
A3: 4 | B3: 3 | C3: 4 | D3: 4 | F3: Tamano Grupos | G3: =COUNT(A:A) -> 97
A4: 2 | B4: 5 | C4: 2 | D4: 4 | F4: Promedio Grupo A | G4: =AVERAGE(A:A) -> 3.0309278
A5: 3 | B5: 5 | C5: 1 | D5: 1 | F5: Promedio Grupo B | G5: =AVERAGE(B:B) -> 2.9278351
A6: 3 | B6: 2 | C6: 3 | D6: 5 | F6: Promedio Grupo C | G6: =AVERAGE(C:C) -> 2.9484536
A7: 2 | B7: 3 | C7: 3 | D7: 4 | F7: Promedio Grupo D | G7: =AVERAGE(D:D) -> 3.9484536
A8: 4 | B8: 3 | C8: 3 | D8: 3 | F8: Promedio Total total | G8: =AVERAGE(G4:G7) -> 3.2139175
A9: 3 | B9: 1 | C9: 2 | D9: 2
A10: 3 | B10: 2 | C10: 3 | D10: 5
A11: 1 | B11: 3 | C11: 3 | D11: 5 | F11: Calculo Suma de Cuadrados Entre Grupos
A12: 1 | B12: 3 | C12: 2 | D12: 3 | F12: Mide qué tan diferentes son los grupos entre sí
A13: 4 | B13: 5 | C13: 4 | D13: 4 | F13: Compara las medias de cada grupo con la media general
A14: 4 | B14: 4 | C14: 3 | D14: 5
A15: 5 | B15: 3 | C15: 5 | D15: 2
A16: 5 | B16: 4 | C16: 3 | D16: 5
A17: 2 | B17: 4 | C17: 3 | D17: 4 | F17: SC Entre Grupos | G17: =G3*((G4-G8)^2+(G5-G8)^2+(G6-G8)^2+(G7-G8)^2) -> 70.358247
A18: 3 | B18: 2 | C18: 3 | D18: 5
A19: 3 | B19: 2 | C19: 3 | D19: 5
A20: 4 | B20: 3 | C20: 4 | D20: 4 | F20: Calculo gl ENTRE (Grados de libertad entre grupos)
A21: 3 | B21: 5 | C21: 2 | D21: 1 | F21: Cantidad de grupos independientes que puedes comparar
A22: 2 | B22: 1 | C22: 2 | D22: 4 | F22: k (Numero de grupos) | G22: 4
A23: 3 | B23: 2 | C23: 3 | D23: 3
A24: 1 | B24: 3 | C24: 4 | D24: 5
A25: 3 | B25: 3 | C25: 2 | D25: 4 | F25: gl entre | G25: =G22-1 -> 3
A26: 3 | B26: 4 | C26: 4 | D26: 3
A27: 4 | B27: 1 | C27: 4 | D27: 4
A28: 3 | B28: 1 | C28: 1 | D28: 5 | F28: Calculo MC ENTRE (Media Cuadrática Entre)
A29: 3 | B29: 4 | C29: 3 | D29: 2 | F29: Es el promedio de la variación entre grupos
A30: 3 | B30: 1 | C30: 1 | D30: 3
A31: 3 | B31: 1 | C31: 3 | D31: 4
A32: 5 | B32: 4 | C32: 3 | D32: 5
A33: 3 | B33: 2 | C33: 5 | D33: 3
A34: 1 | B34: 3 | C34: 3 | D34: 5 | F34: MC entre | G34: =G17/G25 -> 23.452749
A35: 5 | B35: 3 | C35: 1 | D35: 4
A36: 1 | B36: 5 | C36: 5 | D36: 5
A37: 3 | B37: 2 | C37: 3 | D37: 5 | F37: Calculo SC DENTRO DE GRUPOS (Suma de Cuadrados Dentro)
A38: 2 | B38: 5 | C38: 3 | D38: 5 | F38: Mide la variabilidad interna de cada grupo
A39: 2 | B39: 2 | C39: 4 | D39: 4 | F39: Qué tanto varían los datos dentro del mismo grupo
A40: 3 | B40: 5 | C40: 4 | D40: 4
A41: 2 | B41: 3 | C41: 2 | D41: 4
A42: 4 | B42: 3 | C42: 2 | D42: 5
A43: 4 | B43: 1 | C43: 2 | D43: 4
A44: 3 | B44: 3 | C44: 5 | D44: 5 | F44: SC Dentro Grupos | G44: =DEVSQ(A:A)+DEVSQ(B:B)+DEVSQ(C:C)+DEVSQ(D:D) -> 464.8866
A45: 4 | B45: 5 | C45: 4 | D45: 4
A46: 3 | B46: 3 | C46: 4 | D46: 3
A47: 1 | B47: 3 | C47: 3 | D47: 5 | F47: Calculo gl DENTRO (Grados de libertad dentro)
A48: 2 | B48: 1 | C48: 4 | D48: 3 | F48: N = total de datos | G48: =COUNT(A:A,B:B,C:C,D:D) -> 388
A49: 3 | B49: 2 | C49: 2 | D49: 1 | F49: k (Numero de grupos) | G49: =G22 -> 4
A50: 5 | B50: 4 | C50: 3 | D50: 5
A51: 3 | B51: 3 | C51: 5 | D51: 3
A52: 1 | B52: 4 | C52: 3 | D52: 3
A53: 5 | B53: 3 | C53: 3 | D53: 5
A54: 3 | B54: 3 | C54: 4 | D54: 3 | F54: gl dentro | G54: =G48-G49 -> 384
A55: 3 | B55: 3 | C55: 3 | D55: 5
A56: 4 | B56: 3 | C56: 1 | D56: 1
A57: 3 | B57: 3 | C57: 3 | D57: 5 | F57: Calculo MC DENTRO (Media Cuadrática Dentro)
A58: 4 | B58: 3 | C58: 1 | D58: 5 | F58: Es el promedio de la variación interna
A59: 4 | B59: 3 | C59: 5 | D59: 5
A60: 3 | B60: 5 | C60: 3 | D60: 5
A61: 2 | B61: 2 | C61: 3 | D61: 4
A62: 5 | B62: 3 | C62: 3 | D62: 5
A63: 2 | B63: 5 | C63: 2 | D63: 5
A64: 4 | B64: 3 | C64: 3 | D64: 5 | F64: MC dentro | G64: =G44/G54 -> 1.2106422
A65: 5 | B65: 3 | C65: 5 | D65: 2
A66: 1 | B66: 3 | C66: 2 | D66: 4
A67: 3 | B67: 4 | C67: 5 | D67: 5 | F67: Calculo F Calculado
A68: 3 | B68: 5 | C68: 3 | D68: 4 | F68: El F calculado es un valor numérico que obtienes al aplicar la fórmula de ANOVA.
A69: 2 | B69: 5 | C69: 3 | D69: 5 | F69: Sirve para decidir si hay diferencias significativas entre grupos.
A70: 2 | B70: 4 | C70: 2 | D70: 3
A71: 4 | B71: 1 | C71: 3 | D71: 4
A72: 3 | B72: 3 | C72: 2 | D72: 4
A73: 4 | B73: 3 | C73: 2 | D73: 3
A74: 4 | B74: 1 | C74: 3 | D74: 2 | F74: F calculado | G74: =G34/G64 -> 19.372156
A75: 1 | B75: 3 | C75: 3 | D75: 4
A76: 2 | B76: 3 | C76: 1 | D76: 4
A77: 4 | B77: 3 | C77: 2 | D77: 4 | F77: Calculo F critico (Tabla) y P valor
A78: 3 | B78: 2 | C78: 3 | D78: 4
A79: 3 | B79: 2 | C79: 2 | D79: 5 | F79: α El mas comun 5% | G79: 0.05
A80: 3 | B80: 3 | C80: 4 | D80: 3 | F80: gl entre | G80: =G25 -> 3
A81: 3 | B81: 3 | C81: 4 | D81: 3 | F81: gl dentro | G81: =G54 -> 384
A82: 4 | B82: 4 | C82: 3 | D82: 5 | F82: F critico (Tabla) | G82: =FINV(G79, G80, G81) -> 2.6281487
A83: 4 | B83: 2 | C83: 1 | D83: 4 | F83: P valor | G83: =_xlfn.F.DIST.RT(G74, G80, G81) -> 1.0236147e-11
A84: 3 | B84: 1 | C84: 2 | D84: 3
A85: 2 | B85: 2 | C85: 2 | D85: 3 | F85: Interpretación:
A86: 3 | B86: 1 | C86: 2 | D86: 3
A87: 3 | B87: 3 | C87: 3 | D87: 4 | F87: hipotesis nula Ho = No hay diferencias significativa
A88: 3 | B88: 3 | C88: 1 | D88: 5 | F88: hipotesis alternativa H1 = Si hay diferencia significativa
A89: 2 | B89: 1 | C89: 3 | D89: 4
A90: 3 | B90: 3 | C90: 3 | D90: 5 | F90: ="Si F calculado ("&G74&") > F critico ("&G82&") ---> Se rechaza la hipotesis nula" -> Si F calculado (19.3721559409234) > F critico (2.62814868440389) ---> Se rechaza la hipotesis nula
A91: 3 | B91: 3 | C91: 3 | D91: 2 | F91: ="Si p-valor ("&G83&") < α Nivel Significancia ("&G79&") ---> Se rechaza la hipotesis nula" -> Si p-valor (1.02361474882271E-11) < α Nivel Significancia (0.05) ---> Se rechaza la hipotesis nula
A92: 3 | B92: 3 | C92: 3 | D92: 5
A93: 3 | B93: 2 | C93: 3 | D93: 5
A94: 2 | B94: 2 | C94: 4 | D94: 5 | F94: Nota:
A95: 4 | B95: 4 | C95: 4 | D95: 4 | F95: El ANOVA solo te dice que al menos un grupo difiere de los otros, Pero no te dice que grupo
A96: 4 | B96: 3 | C96: 3 | D96: 5 | F96: Para saber qué grupos son diferentes, necesitas hacer pruebas post-hoc.
A97: 2 | B97: 1 | C97: 4 | D97: 2
A98: 3 | B98: 4 | C98: 3 | D98: 5
