Workbook

Sheet Resumen
A1: Indicador | B1: T Calculado | C1: T Critico 2 Colas | D1: T Critico 1 Cola | E1: P valor 2 Colas | F1: P valor 1 Cola
A2: Participo actividades | B2: =ROUND('Participas-actividades'!E29, 4) -> -5.8953 | C2: =ROUND('Participas-actividades'!E52, 4) -> 1.9734 | D2: =ROUND('Participas-actividades'!E53, 4) -> -1.6535 | E2: ='Participas-actividades'!E55 -> 1.7537427e-08 | F2: ='Participas-actividades'!E56 -> 8.7687134e-09
A3: Comprensión contenidos | B3: =ROUND('Comprensión-contenidos'!E29, 4) -> -3.6847 | C3: =ROUND('Comprensión-contenidos'!E52, 4) -> 1.9732 | D3: =ROUND('Comprensión-contenidos'!E53, 4) -> -1.6533 | E3: ='Comprensión-contenidos'!E55 -> 0.00030099252 | F3: ='Comprensión-contenidos'!E56 -> 0.00015049626
A4: Herramientas tecnológicas | B4: =ROUND('Herramientas-tecnológicas'!E29, 4) -> -2.9683 | C4: =ROUND('Herramientas-tecnológicas'!E52, 4) -> 1.973 | D4: =ROUND('Herramientas-tecnológicas'!E53, 4) -> -1.6532 | E4: ='Herramientas-tecnológicas'!E55 -> 0.0033931457 | F4: ='Herramientas-tecnológicas'!E56 -> 0.0016965729
A5: Recursos tecnológicos | B5: =ROUND('Recursos-tecnológicos'!E29, 4) -> -5.6117 | C5: =ROUND('Recursos-tecnológicos'!E52, 4) -> 1.9744 | D5: =ROUND('Recursos-tecnológicos'!E53, 4) -> -1.6541 | E5: ='Recursos-tecnológicos'!E55 -> 7.2717023e-08 | F5: ='Recursos-tecnológicos'!E56 -> 3.6358511e-08
A6: Percepción evaluaciones | B6: =ROUND('Percepción-evaluaciones'!E29, 4) -> -3.8559 | C6: =ROUND('Percepción-evaluaciones'!E52, 4) -> 1.9731 | D6: =ROUND('Percepción-evaluaciones'!E53, 4) -> -1.6533 | E6: ='Percepción-evaluaciones'!E55 -> 0.0001592712 | F6: ='Percepción-evaluaciones'!E56 -> 7.9635601e-05
A7: Retroalimentación oportuna | B7: =ROUND('Retroalimentación-oportuna'!E29, 4) -> -5.5008 | C7: =ROUND('Retroalimentación-oportuna'!E52, 4) -> 1.9743 | D7: =ROUND('Retroalimentación-oportuna'!E53, 4) -> -1.654 | E7: ='Retroalimentación-oportuna'!E55 -> 1.2521552e-07 | F7: ='Retroalimentación-oportuna'!E56 -> 6.2607758e-08
A8: Calificación | B8: =ROUND(Calificación!E29, 4) -> -4.4945 | C8: =ROUND(Calificación!E52, 4) -> 1.9741 | D8: =ROUND(Calificación!E53, 4) -> -1.6539 | E8: =Calificación!E55 -> 1.2304232e-05 | F8: =Calificación!E56 -> 6.1521161e-06
A9: Nivel comprensión | B9: =ROUND('Nivel-comprensión'!E29, 4) -> -6.2061 | C9: =ROUND('Nivel-comprensión'!E52, 4) -> 1.9731 | D9: =ROUND('Nivel-comprensión'!E53, 4) -> -1.6533 | E9: ='Nivel-comprensión'!E55 -> 3.5103966e-09 | F9: ='Nivel-comprensión'!E56 -> 1.7551983e-09
A10: Habilidades tareas | B10: =ROUND('Habilidades-tareas'!E29, 4) -> -4.4019 | C10: =ROUND('Habilidades-tareas'!E52, 4) -> 1.973 | D10: =ROUND('Habilidades-tareas'!E53, 4) -> -1.6532 | E10: ='Habilidades-tareas'!E55 -> 1.8161436e-05 | F10: ='Habilidades-tareas'!E56 -> 9.0807179e-06
A11: Resolución problemas | B11: =ROUND('Resolución-problemas'!E29, 4) -> -5.3094 | C11: =ROUND('Resolución-problemas'!E52, 4) -> 1.9736 | D11: =ROUND('Resolución-problemas'!E53, 4) -> -1.6536 | E11: ='Resolución-problemas'!E55 -> 3.1465116e-07 | F11: ='Resolución-problemas'!E56 -> 1.5732558e-07
A12: Motivación | B12: =ROUND(Motivación!E29, 4) -> -5.1798 | C12: =ROUND(Motivación!E52, 4) -> 1.9733 | D12: =ROUND(Motivación!E53, 4) -> -1.6534 | E12: =Motivación!E55 -> 5.796946e-07 | F12: =Motivación!E56 -> 2.898473e-07

Sheet Participas-actividades
A1: (Sin Innovacion Didactica) Grupo Control - Post-test Participó_activamente a) Siempre = 5 b) Frecuente = 4 c) A veces = 3 d) Raro = 2 e) Nunca = 1 | B1: (Con Innovacion Didactica) Grupo Experimental - Post-test Participó_activamente a) Siempre = 5 b) Frecuente = 4 c) A veces = 3 d) Raro = 2 e) Nunca = 1
A2: 2 | B2: 4 | D2: Media (X1) Grupo Control | E2: =AVERAGE(A:A) -> 3.1397849
A3: 1 | B3: 4 | D3: Mediana (Me1) | E3: =MEDIAN(A:A) -> 3
A4: 4 | B4: 4 | D4: Moda (Mo1) | E4: =MODE(A:A) -> 3
A5: 3 | B5: 4 | D5: Desviacion Tipica o Estandar (S1) | E5: =STDEV(A:A) -> 1.1189222
A6: 4 | B6: 4 | D6: n1 | E6: =COUNT(A:A) -> 93
A7: 1 | B7: 4
A8: 4 | B8: 5 | D8: Media (X2) Grupo Experimental | E8: =AVERAGE(B:B) -> 4.0322581
A9: 1 | B9: 4 | D9: Mediana (Me2) | E9: =MEDIAN(B:B) -> 4
A10: 3 | B10: 5 | D10: Moda (Mo2) | E10: =MODE(B:B) -> 4
A11: 3 | B11: 3 | D11: Desviacion Tipica o Estandar (S2) | E11: =STDEV(B:B) -> 0.93775417
A12: 3 | B12: 4 | D12: n2 | E12: =COUNT(B:B) -> 93
A13: 4 | B13: 4
A14: 4 | B14: 5
A15: 4 | B15: 4
A16: 4 | B16: 5
A17: 3 | B17: 5 | D17: t de student
A18: 4 | B18: 5
A19: 5 | B19: 4
A20: 1 | B20: 5
A21: 2 | B21: 5
A22: 2 | B22: 2
A23: 1 | B23: 5
A24: 4 | B24: 4
A25: 4 | B25: 4
A26: 3 | B26: 5
A27: 3 | B27: 3
A28: 5 | B28: 5
A29: 2 | B29: 4 | D29: Valor de t | E29: =(E2-E8)/SQRT(((E5^2)/E6)+((E11^2)/E12)) -> -5.8953177
A30: 4 | B30: 4
A31: 4 | B31: 4 | D31: df grados de libertad
A32: 3 | B32: 4
A33: 3 | B33: 5
A34: 3 | B34: 5
A35: 5 | B35: 3
A36: 2 | B36: 4
A37: 4 | B37: 3
A38: 5 | B38: 3
A39: 2 | B39: 3
A40: 1 | B40: 4
A41: 2 | B41: 5 | D41: parte 1 | E41: =(((E5^2)/E6)+((E11^2)/E12))^2 -> 0.00052523265
A42: 2 | B42: 3 | D42: parte 2 | E42: =(((E5^2)/E6)^2)/(E6-1) -> 1.9699076e-06
A43: 3 | B43: 4 | D43: parte 3 | E43: =(((E11^2)/E12)^2)/(E12-1) -> 9.7185684e-07
A44: 3 | B44: 5
A45: 5 | B45: 3 | D45: df grados de libertad | E45: =E41/(E42+E43) -> 178.54341 | F45: Buscar Tabla
A46: 4 | B46: 2
A47: 4 | B47: 4 | D47: Nivel de significancia (α) (para dos colas) | E47: 0.05 | F47: Buscar Tabla
A48: 4 | B48: 5
A49: 3 | B49: 5
A50: 3 | B50: 3
A51: 5 | B51: 2
A52: 4 | B52: 5 | D52: valor crítico t (Excel) 2 colas | E52: =_xlfn.T.INV.2T(E47,E45) -> 1.9733809
A53: 3 | B53: 5 | D53: valor crítico t (Excel) 1 cola | E53: =_xlfn.T.INV(E47, E45) -> -1.6534591
A54: 5 | B54: 2
A55: 2 | B55: 5 | D55: P valor, Calculado (Excel) 2 colas | E55: =TTEST(A:A,B:B,2,2) -> 1.7537427e-08
A56: 3 | B56: 4 | D56: P valor, Calculado (Excel) 1 cola | E56: =TTEST(A:A,B:B,1,2) -> 8.7687134e-09
A57: 3 | B57: 2
A58: 3 | B58: 5
A59: 2 | B59: 4 | D59: Hipotesis
A60: 4 | B60: 5
A61: 3 | B61: 5 | D61: hipotesis nula Ho = No hay diferencias significativa
A62: 3 | B62: 3 | D62: hipotesis alternativa H1 = Si hay diferencia significativa
A63: 4 | B63: 4
A64: 2 | B64: 1
A65: 3 | B65: 4
A66: 3 | B66: 5 | D66: Si t calculado > t critico (Tabla)
A67: 2 | B67: 5 | D67: ="Dos Colas: Si t calculado ("&E29&") > a t critico ("&E52&") (de tabla) ---> Se rechaza la hipotesis nula" -> Dos Colas: Si t calculado (-5.89531769992648) > a t critico (1.97338088854882) (de tabla) ---> Se rechaza la hipotesis nula
A68: 2 | B68: 5 | D68: ="Una Cola: Si t calculado ("&E29&") > a t critico ("&E53&") (de tabla) ---> Se rechaza la hipotesis nula" -> Una Cola: Si t calculado (-5.89531769992648) > a t critico (-1.65345912649255) (de tabla) ---> Se rechaza la hipotesis nula
A69: 3 | B69: 5
A70: 2 | B70: 5
A71: 3 | B71: 5
A72: 3 | B72: 4 | D72: Si p valor < Nivel Significancia
A73: 3 | B73: 3 | D73: ="Dos Colas: Si p valor ("&E55&") < Nivel Significancia (0.05) ---> Se rechaza la hipotesis nula" -> Dos Colas: Si p valor (1.75374268976287E-08) < Nivel Significancia (0.05) ---> Se rechaza la hipotesis nula
A74: 3 | B74: 4 | D74: ="Una Cola: Si p valor ("&E56&") < Nivel Significancia (0.05) ---> Se rechaza la hipotesis nula" -> Una Cola: Si p valor (8.76871344881433E-09) < Nivel Significancia (0.05) ---> Se rechaza la hipotesis nula
A75: 5 | B75: 4
A76: 2 | B76: 5
A77: 2 | B77: 5
A78: 5 | B78: 4
A79: 2 | B79: 4
A80: 5 | B80: 5
A81: 4 | B81: 3
A82: 3 | B82: 3
A83: 5 | B83: 4
A84: 2 | B84: 5
A85: 2 | B85: 3
A86: 3 | B86: 4
... A94: 3 | B94: 3

Sheet Comprensión-contenidos
A1: (Sin Innovacion Didactica) Grupo Control - Post-test Comprensión-contenidos a) Siempre = 5 b) Muchas veces = 4 c) A veces = 3 d) Pocas veces = 2 e) Nunca = 1 | B1: (Con Innovacion Didactica) Grupo Experimental - Post-test Comprensión-contenidos a) Siempre = 5 b) Muchas veces = 4 c) A veces = 3 d) Pocas veces = 2 e) Nunca = 1
A2: 4 | B2: 3 | D2: Media (X1) Grupo Control | E2: =AVERAGE(A:A) -> 3.3010753
A3: 3 | B3: 4 | D3: Mediana (Me1) | E3: =MEDIAN(A:A) -> 3
A4: 1 | B4: 4 | D4: Moda (Mo1) | E4: =MODE(A:A) -> 3
A5: 5 | B5: 2 | D5: Desviacion Tipica o Estandar (S1) | E5: =STDEV(A:A) -> 1.2664993
A6: 1 | B6: 4 | D6: n1 | E6: =COUNT(A:A) -> 93
A7: 3 | B7: 4
A8: 5 | B8: 5 | D8: Media (X2) Grupo Experimental | E8: =AVERAGE(B:B) -> 3.9462366
A9: 4 | B9: 4 | D9: Mediana (Me2) | E9: =MEDIAN(B:B) -> 4
A10: 3 | B10: 3 | D10: Moda (Mo2) | E10: =MODE(B:B) -> 5
A11: 5 | B11: 5 | D11: Desviacion Tipica o Estandar (S2) | E11: =STDEV(B:B) -> 1.1167265
A12: 3 | B12: 5 | D12: n2 | E12: =COUNT(B:B) -> 93
A13: 4 | B13: 5
A14: 3 | B14: 5
A15: 5 | B15: 5
A16: 2 | B16: 4
A17: 1 | B17: 2 | D17: t de student
A18: 1 | B18: 4
A19: 3 | B19: 5
A20: 5 | B20: 5
A21: 3 | B21: 3
A22: 5 | B22: 5
A23: 5 | B23: 3
A24: 4 | B24: 4
A25: 3 | B25: 3
A26: 2 | B26: 5
A27: 3 | B27: 3
A28: 3 | B28: 5
A29: 4 | B29: 2 | D29: Valor de t | E29: =(E2-E8)/SQRT(((E5^2)/E6)+((E11^2)/E12)) -> -3.6847129
A30: 1 | B30: 4
A31: 4 | B31: 5 | D31: df grados de libertad
A32: 3 | B32: 5
A33: 5 | B33: 5
A34: 2 | B34: 3
A35: 3 | B35: 5
A36: 4 | B36: 4
A37: 5 | B37: 5
A38: 3 | B38: 4
A39: 3 | B39: 3
A40: 4 | B40: 3
A41: 1 | B41: 3 | D41: parte 1 | E41: =(((E5^2)/E6)+((E11^2)/E12))^2 -> 0.0009398501
A42: 5 | B42: 5 | D42: parte 2 | E42: =(((E5^2)/E6)^2)/(E6-1) -> 3.2334499e-06
A43: 4 | B43: 5 | D43: parte 3 | E43: =(((E11^2)/E12)^2)/(E12-1) -> 1.9544905e-06
A44: 1 | B44: 3
A45: 4 | B45: 5 | D45: df grados de libertad | E45: =E41/(E42+E43) -> 181.16054 | F45: Buscar Tabla
A46: 3 | B46: 4
A47: 4 | B47: 5 | D47: Nivel de significancia (α) (para dos colas) | E47: 0.05 | F47: Buscar Tabla
A48: 4 | B48: 5
A49: 1 | B49: 5
A50: 4 | B50: 2
A51: 2 | B51: 5
A52: 4 | B52: 4 | D52: valor crítico t (Excel) 2 colas | E52: =_xlfn.T.INV.2T(E47,E45) -> 1.973157
A53: 4 | B53: 5 | D53: valor crítico t (Excel) 1 cola | E53: =_xlfn.T.INV(E47, E45) -> -1.6533158
A54: 5 | B54: 4
A55: 3 | B55: 5 | D55: P valor, Calculado (Excel) 2 colas | E55: =TTEST(A:A,B:B,2,2) -> 0.00030099252
A56: 4 | B56: 2 | D56: P valor, Calculado (Excel) 1 cola | E56: =TTEST(A:A,B:B,1,2) -> 0.00015049626
A57: 2 | B57: 2
A58: 3 | B58: 5
A59: 1 | B59: 2 | D59: Hipotesis
A60: 5 | B60: 1
A61: 2 | B61: 3 | D61: hipotesis nula Ho = No hay diferencias significativa
A62: 2 | B62: 3 | D62: hipotesis alternativa H1 = Si hay diferencia significativa
A63: 2 | B63: 5
A64: 2 | B64: 4
A65: 2 | B65: 5
A66: 3 | B66: 5 | D66: Si t calculado > t critico (Tabla)
A67: 5 | B67: 1 | D67: ="Dos Colas: Si t calculado ("&E29&") > a t critico ("&E52&") (de tabla) ---> Se rechaza la hipotesis nula" -> Dos Colas: Si t calculado (-3.68471289589769) > a t critico (1.97315704215916) (de tabla) ---> Se rechaza la hipotesis nula
A68: 5 | B68: 5 | D68: ="Una Cola: Si t calculado ("&E29&") > a t critico ("&E53&") (de tabla) ---> Se rechaza la hipotesis nula" -> Una Cola: Si t calculado (-3.68471289589769) > a t critico (-1.65331575762263) (de tabla) ---> Se rechaza la hipotesis nula
A69: 1 | B69: 3
A70: 3 | B70: 3
A71: 2 | B71: 3
A72: 3 | B72: 1 | D72: Si p valor < Nivel Significancia
A73: 5 | B73: 5 | D73: ="Dos Colas: Si p valor ("&E55&") < Nivel Significancia (0.05) ---> Se rechaza la hipotesis nula" -> Dos Colas: Si p valor (0.000300992522311398) < Nivel Significancia (0.05) ---> Se rechaza la hipotesis nula
A74: 5 | B74: 5 | D74: ="Una Cola: Si p valor ("&E56&") < Nivel Significancia (0.05) ---> Se rechaza la hipotesis nula" -> Una Cola: Si p valor (0.000150496261155699) < Nivel Significancia (0.05) ---> Se rechaza la hipotesis nula
A75: 3 | B75: 4
A76: 4 | B76: 5
A77: 4 | B77: 5
A78: 3 | B78: 5
A79: 5 | B79: 3
A80: 3 | B80: 4
A81: 4 | B81: 5
A82: 2 | B82: 4
A83: 4 | B83: 5
A84: 3 | B84: 5
A85: 5 | B85: 3
A86: 5 | B86: 4
... A94: 5 | B94: 4

Sheet Herramientas-tecnológicas
A1: (Sin Innovacion Didactica) Grupo Control - Post-test Herramientas-tecnológicas a) Siempre = 5 b) Frecuente = 4 c) A veces = 3 d) Raro = 2 e) Nunca = 1 | B1: (Con Innovacion Didactica) Grupo Experimental - Post-test Herramientas-tecnológicas a) Siempre = 5 b) Frecuente = 4 c) A veces = 3 d) Raro = 2 e) Nunca = 1
A2: 3 | B2: 5 | D2: Media (X1) Grupo Control | E2: =AVERAGE(A:A) -> 3.3655914
A3: 3 | B3: 5 | D3: Mediana (Me1) | E3: =MEDIAN(A:A) -> 3
A4: 3 | B4: 4 | D4: Moda (Mo1) | E4: =MODE(A:A) -> 3
A5: 3 | B5: 2 | D5: Desviacion Tipica o Estandar (S1) | E5: =STDEV(A:A) -> 1.1495268
A6: 5 | B6: 2 | D6: n1 | E6: =COUNT(A:A) -> 93
A7: 4 | B7: 5
A8: 3 | B8: 4 | D8: Media (X2) Grupo Experimental | E8: =AVERAGE(B:B) -> 3.8709677
A9: 5 | B9: 5 | D9: Mediana (Me2) | E9: =MEDIAN(B:B) -> 4
A10: 4 | B10: 1 | D10: Moda (Mo2) | E10: =MODE(B:B) -> 5
A11: 5 | B11: 1 | D11: Desviacion Tipica o Estandar (S2) | E11: =STDEV(B:B) -> 1.1723797
A12: 5 | B12: 4 | D12: n2 | E12: =COUNT(B:B) -> 93
A13: 4 | B13: 3
A14: 5 | B14: 4
A15: 3 | B15: 4
A16: 3 | B16: 5
A17: 2 | B17: 4 | D17: t de student
A18: 4 | B18: 4
A19: 5 | B19: 4
A20: 5 | B20: 5
A21: 3 | B21: 2
A22: 3 | B22: 5
A23: 5 | B23: 4
A24: 2 | B24: 4
A25: 5 | B25: 4
A26: 3 | B26: 4
A27: 3 | B27: 5
A28: 2 | B28: 5
A29: 3 | B29: 4 | D29: Valor de t | E29: =(E2-E8)/SQRT(((E5^2)/E6)+((E11^2)/E12)) -> -2.9682852
A30: 2 | B30: 4
A31: 4 | B31: 5 | D31: df grados de libertad
A32: 2 | B32: 4
A33: 5 | B33: 4
A34: 2 | B34: 4
A35: 3 | B35: 3
A36: 2 | B36: 5
A37: 3 | B37: 5
A38: 3 | B38: 3
A39: 3 | B39: 4
A40: 3 | B40: 4
A41: 5 | B41: 3 | D41: parte 1 | E41: =(((E5^2)/E6)+((E11^2)/E12))^2 -> 0.00084030535
A42: 5 | B42: 3 | D42: parte 2 | E42: =(((E5^2)/E6)^2)/(E6-1) -> 2.1944348e-06
A43: 4 | B43: 2 | D43: parte 3 | E43: =(((E11^2)/E12)^2)/(E12-1) -> 2.3742113e-06
A44: 5 | B44: 4
A45: 2 | B45: 4 | D45: df grados de libertad | E45: =E41/(E42+E43) -> 183.92874 | F45: Buscar Tabla
A46: 4 | B46: 4
A47: 1 | B47: 5 | D47: Nivel de significancia (α) (para dos colas) | E47: 0.05 | F47: Buscar Tabla
A48: 4 | B48: 4
A49: 5 | B49: 5
A50: 2 | B50: 2
A51: 3 | B51: 4
A52: 3 | B52: 4 | D52: valor crítico t (Excel) 2 colas | E52: =_xlfn.T.INV.2T(E47,E45) -> 1.9730119
A53: 3 | B53: 5 | D53: valor crítico t (Excel) 1 cola | E53: =_xlfn.T.INV(E47, E45) -> -1.6532228
A54: 3 | B54: 5
A55: 4 | B55: 5 | D55: P valor, Calculado (Excel) 2 colas | E55: =TTEST(A:A,B:B,2,2) -> 0.0033931457
A56: 1 | B56: 4 | D56: P valor, Calculado (Excel) 1 cola | E56: =TTEST(A:A,B:B,1,2) -> 0.0016965729
A57: 1 | B57: 5
A58: 3 | B58: 4
A59: 4 | B59: 3 | D59: Hipotesis
A60: 3 | B60: 3
A61: 5 | B61: 4 | D61: hipotesis nula Ho = No hay diferencias significativa
A62: 5 | B62: 5 | D62: hipotesis alternativa H1 = Si hay diferencia significativa
A63: 4 | B63: 3
A64: 3 | B64: 3
A65: 2 | B65: 5
A66: 3 | B66: 3 | D66: Si t calculado > t critico (Tabla)
A67: 3 | B67: 5 | D67: ="Dos Colas: Si t calculado ("&E29&") > a t critico ("&E52&") (de tabla) ---> Se rechaza la hipotesis nula" -> Dos Colas: Si t calculado (-2.96828520744685) > a t critico (1.97301191513627) (de tabla) ---> Se rechaza la hipotesis nula
A68: 4 | B68: 3 | D68: ="Una Cola: Si t calculado ("&E29&") > a t critico ("&E53&") (de tabla) ---> Se rechaza la hipotesis nula" -> Una Cola: Si t calculado (-2.96828520744685) > a t critico (-1.65322280314572) (de tabla) ---> Se rechaza la hipotesis nula
A69: 4 | B69: 1
A70: 4 | B70: 5
A71: 1 | B71: 3
A72: 5 | B72: 4 | D72: Si p valor < Nivel Significancia
A73: 2 | B73: 1 | D73: ="Dos Colas: Si p valor ("&E55&") < Nivel Significancia (0.05) ---> Se rechaza la hipotesis nula" -> Dos Colas: Si p valor (0.00339314573844337) < Nivel Significancia (0.05) ---> Se rechaza la hipotesis nula
A74: 3 | B74: 4 | D74: ="Una Cola: Si p valor ("&E56&") < Nivel Significancia (0.05) ---> Se rechaza la hipotesis nula" -> Una Cola: Si p valor (0.00169657286922168) < Nivel Significancia (0.05) ---> Se rechaza la hipotesis nula
A75: 4 | B75: 3
A76: 3 | B76: 5
A77: 3 | B77: 5
A78: 2 | B78: 5
A79: 2 | B79: 1
A80: 4 | B80: 3
A81: 4 | B81: 3
A82: 3 | B82: 2
A83: 2 | B83: 5
A84: 4 | B84: 5
A85: 3 | B85: 5
A86: 3 | B86: 5
... A94: 5 | B94: 3

Sheet Recursos-tecnológicos
A1: (Sin Innovacion Didactica) Grupo control - Post-test Recursos-tecnológicos a) Siempre = 5 b) Muchas veces = 4 c) A veces = 3 d) Pocas veces = 2 e) Nunca = 1 | B1: (Con Innovacion Didactica) Grupo Experimental - Post-test Recursos-tecnológicos a) Siempre = 5 b) Muchas veces = 4 c) A veces = 3 d) Pocas veces = 2 e) Nunca = 1
A2: 3 | B2: 5 | D2: Media (X1) Grupo Control | E2: =AVERAGE(A:A) -> 3.311828
A3: 4 | B3: 5 | D3: Mediana (Me1) | E3: =MEDIAN(A:A) -> 3
A4: 3 | B4: 5 | D4: Moda (Mo1) | E4: =MODE(A:A) -> 3
A5: 5 | B5: 5 | D5: Desviacion Tipica o Estandar (S1) | E5: =STDEV(A:A) -> 1.2681594
A6: 4 | B6: 5 | D6: n1 | E6: =COUNT(A:A) -> 93
A7: 1 | B7: 4
A8: 4 | B8: 5 | D8: Media (X2) Grupo Experimental | E8: =AVERAGE(B:B) -> 4.2150538
A9: 3 | B9: 5 | D9: Mediana (Me2) | E9: =MEDIAN(B:B) -> 4
A10: 4 | B10: 3 | D10: Moda (Mo2) | E10: =MODE(B:B) -> 5
A11: 2 | B11: 5 | D11: Desviacion Tipica o Estandar (S2) | E11: =STDEV(B:B) -> 0.89502808
A12: 5 | B12: 5 | D12: n2 | E12: =COUNT(B:B) -> 93
A13: 1 | B13: 3
A14: 4 | B14: 5
A15: 4 | B15: 5
A16: 5 | B16: 4
A17: 5 | B17: 5 | D17: t de student
A18: 3 | B18: 4
A19: 4 | B19: 3
A20: 2 | B20: 5
A21: 4 | B21: 4
A22: 4 | B22: 4
A23: 3 | B23: 5
A24: 3 | B24: 4
A25: 5 | B25: 5
A26: 5 | B26: 4
A27: 5 | B27: 5
A28: 3 | B28: 4
A29: 3 | B29: 5 | D29: Valor de t | E29: =(E2-E8)/SQRT(((E5^2)/E6)+((E11^2)/E12)) -> -5.6116692
A30: 3 | B30: 3
A31: 2 | B31: 5 | D31: df grados de libertad
A32: 2 | B32: 5
A33: 3 | B33: 4
A34: 2 | B34: 4
A35: 4 | B35: 4
A36: 5 | B36: 4
A37: 4 | B37: 3
A38: 5 | B38: 3
A39: 3 | B39: 5
A40: 1 | B40: 4
A41: 5 | B41: 3 | D41: parte 1 | E41: =(((E5^2)/E6)+((E11^2)/E12))^2 -> 0.00067114614
A42: 5 | B42: 2 | D42: parte 2 | E42: =(((E5^2)/E6)^2)/(E6-1) -> 3.2504358e-06
A43: 4 | B43: 3 | D43: parte 3 | E43: =(((E11^2)/E12)^2)/(E12-1) -> 8.0647874e-07
A44: 2 | B44: 5
A45: 4 | B45: 5 | D45: df grados de libertad | E45: =E41/(E42+E43) -> 165.43265 | F45: Buscar Tabla
A46: 3 | B46: 4
A47: 5 | B47: 3 | D47: Nivel de significancia (α) (para dos colas) | E47: 0.05 | F47: Buscar Tabla
A48: 5 | B48: 4
A49: 1 | B49: 4
A50: 1 | B50: 3
A51: 5 | B51: 5
A52: 1 | B52: 3 | D52: valor crítico t (Excel) 2 colas | E52: =_xlfn.T.INV.2T(E47,E45) -> 1.9744456
A53: 3 | B53: 5 | D53: valor crítico t (Excel) 1 cola | E53: =_xlfn.T.INV(E47, E45) -> -1.654141
A54: 2 | B54: 5
A55: 4 | B55: 4 | D55: P valor, Calculado (Excel) 2 colas | E55: =TTEST(A:A,B:B,2,2) -> 7.2717023e-08
A56: 3 | B56: 3 | D56: P valor, Calculado (Excel) 1 cola | E56: =TTEST(A:A,B:B,1,2) -> 3.6358511e-08
A57: 3 | B57: 5
A58: 3 | B58: 5
A59: 5 | B59: 2 | D59: Hipotesis
A60: 5 | B60: 5
A61: 4 | B61: 4 | D61: hipotesis nula Ho = No hay diferencias significativa
A62: 3 | B62: 4 | D62: hipotesis alternativa H1 = Si hay diferencia significativa
A63: 4 | B63: 4
A64: 3 | B64: 4
A65: 1 | B65: 5
A66: 5 | B66: 4 | D66: Si t calculado > t critico (Tabla)
A67: 3 | B67: 5 | D67: ="Dos Colas: Si t calculado ("&E29&") > a t critico ("&E52&") (de tabla) ---> Se rechaza la hipotesis nula" -> Dos Colas: Si t calculado (-5.61166922348027) > a t critico (1.97444563009238) (de tabla) ---> Se rechaza la hipotesis nula
A68: 4 | B68: 4 | D68: ="Una Cola: Si t calculado ("&E29&") > a t critico ("&E53&") (de tabla) ---> Se rechaza la hipotesis nula" -> Una Cola: Si t calculado (-5.61166922348027) > a t critico (-1.65414097629573) (de tabla) ---> Se rechaza la hipotesis nula
A69: 2 | B69: 5
A70: 5 | B70: 4
A71: 3 | B71: 5
A72: 2 | B72: 5 | D72: Si p valor < Nivel Significancia
A73: 1 | B73: 5 | D73: ="Dos Colas: Si p valor ("&E55&") < Nivel Significancia (0.05) ---> Se rechaza la hipotesis nula" -> Dos Colas: Si p valor (7.27170228849294E-08) < Nivel Significancia (0.05) ---> Se rechaza la hipotesis nula
A74: 3 | B74: 5 | D74: ="Una Cola: Si p valor ("&E56&") < Nivel Significancia (0.05) ---> Se rechaza la hipotesis nula" -> Una Cola: Si p valor (3.63585114424647E-08) < Nivel Significancia (0.05) ---> Se rechaza la hipotesis nula
A75: 3 | B75: 3
A76: 3 | B76: 5
A77: 2 | B77: 2
A78: 3 | B78: 2
A79: 5 | B79: 4
A80: 2 | B80: 5
A81: 3 | B81: 5
A82: 3 | B82: 3
A83: 4 | B83: 5
A84: 3 | B84: 5
A85: 4 | B85: 4
A86: 3 | B86: 3
... A94: 2 | B94: 5

Sheet Percepción-evaluaciones
A1: (Sin Innovacion Didactica) Grupo Control - Post-test Percepción-evaluaciones a) Siempre = 5 b) Frecuente = 4 c) A veces = 3 d) Raro = 2 e) Nunca = 1 | B1: (Con Innovacion Didactica) Grupo Experimental - Post-test Percepción-evaluaciones a) Siempre = 5 b) Frecuente = 4 c) A veces = 3 d) Raro = 2 e) Nunca = 1
A2: 3 | B2: 5 | D2: Media (X1) Grupo Control | E2: =AVERAGE(A:A) -> 3.3978495
A3: 2 | B3: 4 | D3: Mediana (Me1) | E3: =MEDIAN(A:A) -> 3
A4: 3 | B4: 5 | D4: Moda (Mo1) | E4: =MODE(A:A) -> 4
A5: 3 | B5: 5 | D5: Desviacion Tipica o Estandar (S1) | E5: =STDEV(A:A) -> 1.0015182
A6: 4 | B6: 4 | D6: n1 | E6: =COUNT(A:A) -> 93
A7: 2 | B7: 2
A8: 5 | B8: 5 | D8: Media (X2) Grupo Experimental | E8: =AVERAGE(B:B) -> 3.9892473
A9: 3 | B9: 5 | D9: Mediana (Me2) | E9: =MEDIAN(B:B) -> 4
A10: 5 | B10: 5 | D10: Moda (Mo2) | E10: =MODE(B:B) -> 5
A11: 4 | B11: 5 | D11: Desviacion Tipica o Estandar (S2) | E11: =STDEV(B:B) -> 1.0884235
A12: 4 | B12: 2 | D12: n2 | E12: =COUNT(B:B) -> 93
A13: 4 | B13: 4
A14: 3 | B14: 4
A15: 4 | B15: 3
A16: 4 | B16: 5
A17: 4 | B17: 4 | D17: t de student
A18: 4 | B18: 4
A19: 4 | B19: 4
A20: 5 | B20: 1
A21: 3 | B21: 3
A22: 3 | B22: 4
A23: 3 | B23: 3
A24: 4 | B24: 5
A25: 4 | B25: 5
A26: 2 | B26: 5
A27: 3 | B27: 5
A28: 3 | B28: 4
A29: 5 | B29: 4 | D29: Valor de t | E29: =(E2-E8)/SQRT(((E5^2)/E6)+((E11^2)/E12)) -> -3.8559099
A30: 4 | B30: 2
A31: 4 | B31: 4 | D31: df grados de libertad
A32: 4 | B32: 4
A33: 3 | B33: 5
A34: 3 | B34: 5
A35: 3 | B35: 4
A36: 3 | B36: 4
A37: 2 | B37: 3
A38: 3 | B38: 5
A39: 1 | B39: 5
A40: 5 | B40: 4
A41: 4 | B41: 5 | D41: parte 1 | E41: =(((E5^2)/E6)+((E11^2)/E12))^2 -> 0.00055336468
A42: 5 | B42: 5 | D42: parte 2 | E42: =(((E5^2)/E6)^2)/(E6-1) -> 1.264392e-06
A43: 3 | B43: 3 | D43: parte 3 | E43: =(((E11^2)/E12)^2)/(E12-1) -> 1.7637537e-06
A44: 2 | B44: 5
A45: 4 | B45: 4 | D45: df grados de libertad | E45: =E41/(E42+E43) -> 182.74044 | F45: Buscar Tabla
A46: 2 | B46: 5
A47: 5 | B47: 5 | D47: Nivel de significancia (α) (para dos colas) | E47: 0.05 | F47: Buscar Tabla
A48: 2 | B48: 4
A49: 4 | B49: 3
A50: 5 | B50: 4
A51: 3 | B51: 3
A52: 4 | B52: 5 | D52: valor crítico t (Excel) 2 colas | E52: =_xlfn.T.INV.2T(E47,E45) -> 1.9730841
A53: 4 | B53: 3 | D53: valor crítico t (Excel) 1 cola | E53: =_xlfn.T.INV(E47, E45) -> -1.653269
A54: 4 | B54: 5
A55: 2 | B55: 4 | D55: P valor, Calculado (Excel) 2 colas | E55: =TTEST(A:A,B:B,2,2) -> 0.0001592712
A56: 3 | B56: 4 | D56: P valor, Calculado (Excel) 1 cola | E56: =TTEST(A:A,B:B,1,2) -> 7.9635601e-05
A57: 4 | B57: 2
A58: 3 | B58: 4
A59: 3 | B59: 5 | D59: Hipotesis
A60: 4 | B60: 5
A61: 4 | B61: 3 | D61: hipotesis nula Ho = No hay diferencias significativa
A62: 5 | B62: 4 | D62: hipotesis alternativa H1 = Si hay diferencia significativa
A63: 4 | B63: 3
A64: 3 | B64: 5
A65: 4 | B65: 5
A66: 3 | B66: 5 | D66: Si t calculado > t critico (Tabla)
A67: 3 | B67: 2 | D67: ="Dos Colas: Si t calculado ("&E29&") > a t critico ("&E52&") (de tabla) ---> Se rechaza la hipotesis nula" -> Dos Colas: Si t calculado (-3.8559099389665) > a t critico (1.9730840773359) (de tabla) ---> Se rechaza la hipotesis nula
A68: 5 | B68: 4 | D68: ="Una Cola: Si t calculado ("&E29&") > a t critico ("&E53&") (de tabla) ---> Se rechaza la hipotesis nula" -> Una Cola: Si t calculado (-3.8559099389665) > a t critico (-1.65326902370546) (de tabla) ---> Se rechaza la hipotesis nula
A69: 3 | B69: 2
A70: 4 | B70: 5
A71: 1 | B71: 4
A72: 3 | B72: 4 | D72: Si p valor < Nivel Significancia
A73: 2 | B73: 5 | D73: ="Dos Colas: Si p valor ("&E55&") < Nivel Significancia (0.05) ---> Se rechaza la hipotesis nula" -> Dos Colas: Si p valor (0.000159271201944789) < Nivel Significancia (0.05) ---> Se rechaza la hipotesis nula
A74: 3 | B74: 3 | D74: ="Una Cola: Si p valor ("&E56&") < Nivel Significancia (0.05) ---> Se rechaza la hipotesis nula" -> Una Cola: Si p valor (7.96356009723944E-05) < Nivel Significancia (0.05) ---> Se rechaza la hipotesis nula
A75: 5 | B75: 2
A76: 3 | B76: 3
A77: 1 | B77: 3
A78: 3 | B78: 5
A79: 2 | B79: 5
A80: 2 | B80: 2
A81: 4 | B81: 5
A82: 4 | B82: 3
A83: 3 | B83: 3
A84: 4 | B84: 4
A85: 2 | B85: 1
A86: 2 | B86: 5
... A94: 5 | B94: 5

Sheet Retroalimentación-oportuna
A1: (Sin Innovacion Didactica) Grupo Control - Post-test Retroalimentación-oportuna a) Siempre = 5 b) Muchas veces = 4 c) A veces = 3 d) Pocas veces = 2 e) Nunca = 1 | B1: (Con Innovacion Didactica) Grupo Experimental - Post-test Retroalimentación-oportuna a) Siempre = 5 b) Muchas veces = 4 c) A veces = 3 d) Pocas veces = 2 e) Nunca = 1
A2: 2 | B2: 4 | D2: Media (X1) Grupo Control | E2: =AVERAGE(A:A) -> 3.3225806
A3: 4 | B3: 5 | D3: Mediana (Me1) | E3: =MEDIAN(A:A) -> 3
A4: 5 | B4: 2 | D4: Moda (Mo1) | E4: =MODE(A:A) -> 3
A5: 5 | B5: 4 | D5: Desviacion Tipica o Estandar (S1) | E5: =STDEV(A:A) -> 1.190189
A6: 3 | B6: 4 | D6: n1 | E6: =COUNT(A:A) -> 93
A7: 3 | B7: 5
A8: 3 | B8: 4 | D8: Media (X2) Grupo Experimental | E8: =AVERAGE(B:B) -> 4.1612903
A9: 4 | B9: 4 | D9: Mediana (Me2) | E9: =MEDIAN(B:B) -> 4
A10: 4 | B10: 4 | D10: Moda (Mo2) | E10: =MODE(B:B) -> 5
A11: 3 | B11: 4 | D11: Desviacion Tipica o Estandar (S2) | E11: =STDEV(B:B) -> 0.86338971
A12: 3 | B12: 4 | D12: n2 | E12: =COUNT(B:B) -> 93
A13: 1 | B13: 3
A14: 5 | B14: 3
A15: 3 | B15: 4
A16: 4 | B16: 5
A17: 4 | B17: 5 | D17: t de student
A18: 3 | B18: 5
A19: 3 | B19: 4
A20: 1 | B20: 5
A21: 5 | B21: 5
A22: 5 | B22: 3
A23: 3 | B23: 3
A24: 3 | B24: 3
A25: 4 | B25: 5
A26: 5 | B26: 4
A27: 5 | B27: 5
A28: 2 | B28: 5
A29: 4 | B29: 5 | D29: Valor de t | E29: =(E2-E8)/SQRT(((E5^2)/E6)+((E11^2)/E12)) -> -5.5008035
A30: 4 | B30: 5
A31: 4 | B31: 5 | D31: df grados de libertad
A32: 4 | B32: 3
A33: 5 | B33: 5
A34: 3 | B34: 4
A35: 5 | B35: 4
A36: 2 | B36: 5
A37: 4 | B37: 4
A38: 3 | B38: 5
A39: 2 | B39: 4
A40: 3 | B40: 4
A41: 3 | B41: 5 | D41: parte 1 | E41: =(((E5^2)/E6)+((E11^2)/E12))^2 -> 0.0005404333
A42: 4 | B42: 5 | D42: parte 2 | E42: =(((E5^2)/E6)^2)/(E6-1) -> 2.5217961e-06
A43: 4 | B43: 4 | D43: parte 3 | E43: =(((E11^2)/E12)^2)/(E12-1) -> 6.9835099e-07
A44: 3 | B44: 3
A45: 1 | B45: 5 | D45: df grados de libertad | E45: =E41/(E42+E43) -> 167.82876 | F45: Buscar Tabla
A46: 3 | B46: 4
A47: 3 | B47: 4 | D47: Nivel de significancia (α) (para dos colas) | E47: 0.05 | F47: Buscar Tabla
A48: 3 | B48: 3
A49: 3 | B49: 3
A50: 5 | B50: 4
A51: 3 | B51: 4
A52: 1 | B52: 3 | D52: valor crítico t (Excel) 2 colas | E52: =_xlfn.T.INV.2T(E47,E45) -> 1.974271
A53: 5 | B53: 5 | D53: valor crítico t (Excel) 1 cola | E53: =_xlfn.T.INV(E47, E45) -> -1.6540291
A54: 3 | B54: 5
A55: 4 | B55: 5 | D55: P valor, Calculado (Excel) 2 colas | E55: =TTEST(A:A,B:B,2,2) -> 1.2521552e-07
A56: 3 | B56: 3 | D56: P valor, Calculado (Excel) 1 cola | E56: =TTEST(A:A,B:B,1,2) -> 6.2607758e-08
A57: 5 | B57: 3
A58: 4 | B58: 5
A59: 3 | B59: 4 | D59: Hipotesis
A60: 4 | B60: 4
A61: 3 | B61: 5 | D61: hipotesis nula Ho = No hay diferencias significativa
A62: 2 | B62: 2 | D62: hipotesis alternativa H1 = Si hay diferencia significativa
A63: 1 | B63: 5
A64: 4 | B64: 5
A65: 4 | B65: 4
A66: 5 | B66: 4 | D66: Si t calculado > t critico (Tabla)
A67: 1 | B67: 5 | D67: ="Dos Colas: Si t calculado ("&E29&") > a t critico ("&E52&") (de tabla) ---> Se rechaza la hipotesis nula" -> Dos Colas: Si t calculado (-5.50080346798384) > a t critico (1.97427095702805) (de tabla) ---> Se rechaza la hipotesis nula
A68: 1 | B68: 4 | D68: ="Una Cola: Si t calculado ("&E29&") > a t critico ("&E53&") (de tabla) ---> Se rechaza la hipotesis nula" -> Una Cola: Si t calculado (-5.50080346798384) > a t critico (-1.65402912813341) (de tabla) ---> Se rechaza la hipotesis nula
A69: 3 | B69: 4
A70: 2 | B70: 5
A71: 3 | B71: 5
A72: 3 | B72: 4 | D72: Si p valor < Nivel Significancia
A73: 5 | B73: 5 | D73: ="Dos Colas: Si p valor ("&E55&") < Nivel Significancia (0.05) ---> Se rechaza la hipotesis nula" -> Dos Colas: Si p valor (1.25215515701274E-07) < Nivel Significancia (0.05) ---> Se rechaza la hipotesis nula
A74: 3 | B74: 3 | D74: ="Una Cola: Si p valor ("&E56&") < Nivel Significancia (0.05) ---> Se rechaza la hipotesis nula" -> Una Cola: Si p valor (6.26077578506372E-08) < Nivel Significancia (0.05) ---> Se rechaza la hipotesis nula
A75: 5 | B75: 3
A76: 2 | B76: 2
A77: 3 | B77: 5
A78: 3 | B78: 2
A79: 5 | B79: 4
A80: 4 | B80: 5
A81: 4 | B81: 5
A82: 4 | B82: 5
A83: 5 | B83: 4
A84: 1 | B84: 4
A85: 3 | B85: 5
A86: 4 | B86: 4
... A94: 2 | B94: 5

Sheet Calificación
A1: (Sin Innovacion Didactica) Grupo Control - Post-test Calificación a) 81 - 100 = 5 b) 61 - 80 = 4 c) 41 - 60 = 3 d) 21 - 40 = 2 e) 0 - 20 = 1 | B1: (Con Innovacion Didactica) Grupo Experimental - Post-test Calificación a) 81 - 100 = 5 b) 61 - 80 = 4 c) 41 - 60 = 3 d) 21 - 40 = 2 e) 0 - 20 = 1
A2: 2 | B2: 4 | D2: Media (X1) Grupo Control | E2: =AVERAGE(A:A) -> 3.4193548
A3: 2 | B3: 3 | D3: Mediana (Me1) | E3: =MEDIAN(A:A) -> 4
A4: 2 | B4: 5 | D4: Moda (Mo1) | E4: =MODE(A:A) -> 4
A5: 2 | B5: 5 | D5: Desviacion Tipica o Estandar (S1) | E5: =STDEV(A:A) -> 1.2451871
A6: 4 | B6: 3 | D6: n1 | E6: =COUNT(A:A) -> 93
A7: 5 | B7: 3
A8: 4 | B8: 5 | D8: Media (X2) Grupo Experimental | E8: =AVERAGE(B:B) -> 4.1397849
A9: 4 | B9: 4 | D9: Mediana (Me2) | E9: =MEDIAN(B:B) -> 4
A10: 3 | B10: 5 | D10: Moda (Mo2) | E10: =MODE(B:B) -> 5
A11: 4 | B11: 3 | D11: Desviacion Tipica o Estandar (S2) | E11: =STDEV(B:B) -> 0.91593855
A12: 1 | B12: 5 | D12: n2 | E12: =COUNT(B:B) -> 93
A13: 3 | B13: 3
A14: 2 | B14: 4
A15: 5 | B15: 4
A16: 2 | B16: 5
A17: 2 | B17: 4 | D17: t de student
A18: 3 | B18: 5
A19: 3 | B19: 5
A20: 3 | B20: 4
A21: 4 | B21: 2
A22: 3 | B22: 4
A23: 4 | B23: 4
A24: 5 | B24: 5
A25: 4 | B25: 5
A26: 5 | B26: 5
A27: 5 | B27: 4
A28: 5 | B28: 2
A29: 1 | B29: 4 | D29: Valor de t | E29: =(E2-E8)/SQRT(((E5^2)/E6)+((E11^2)/E12)) -> -4.4945455
A30: 3 | B30: 5
A31: 1 | B31: 5 | D31: df grados de libertad
A32: 4 | B32: 4
A33: 4 | B33: 5
A34: 3 | B34: 3
A35: 4 | B35: 3
A36: 5 | B36: 4
A37: 3 | B37: 5
A38: 4 | B38: 5
A39: 3 | B39: 5
A40: 3 | B40: 5
A41: 5 | B41: 5 | D41: parte 1 | E41: =(((E5^2)/E6)+((E11^2)/E12))^2 -> 0.00066012214
A42: 5 | B42: 4 | D42: parte 2 | E42: =(((E5^2)/E6)^2)/(E6-1) -> 3.0212364e-06
A43: 2 | B43: 4 | D43: parte 3 | E43: =(((E11^2)/E12)^2)/(E12-1) -> 8.8452809e-07
A44: 4 | B44: 5
A45: 5 | B45: 5 | D45: df grados de libertad | E45: =E41/(E42+E43) -> 169.01227 | F45: Buscar Tabla
A46: 1 | B46: 5
A47: 5 | B47: 5 | D47: Nivel de significancia (α) (para dos colas) | E47: 0.05 | F47: Buscar Tabla
A48: 3 | B48: 3
A49: 1 | B49: 5
A50: 4 | B50: 5
A51: 5 | B51: 5
A52: 5 | B52: 3 | D52: valor crítico t (Excel) 2 colas | E52: =_xlfn.T.INV.2T(E47,E45) -> 1.9741004
A53: 4 | B53: 4 | D53: valor crítico t (Excel) 1 cola | E53: =_xlfn.T.INV(E47, E45) -> -1.6539199
A54: 5 | B54: 5
A55: 3 | B55: 4 | D55: P valor, Calculado (Excel) 2 colas | E55: =TTEST(A:A,B:B,2,2) -> 1.2304232e-05
A56: 5 | B56: 4 | D56: P valor, Calculado (Excel) 1 cola | E56: =TTEST(A:A,B:B,1,2) -> 6.1521161e-06
A57: 3 | B57: 2
A58: 1 | B58: 5
A59: 2 | B59: 3 | D59: Hipotesis
A60: 3 | B60: 3
A61: 4 | B61: 3 | D61: hipotesis nula Ho = No hay diferencias significativa
A62: 3 | B62: 4 | D62: hipotesis alternativa H1 = Si hay diferencia significativa
A63: 3 | B63: 4
A64: 4 | B64: 5
A65: 5 | B65: 4
A66: 2 | B66: 4 | D66: Si t calculado > t critico (Tabla)
A67: 4 | B67: 4 | D67: ="Dos Colas: Si t calculado ("&E29&") > a t critico ("&E52&") (de tabla) ---> Se rechaza la hipotesis nula" -> Dos Colas: Si t calculado (-4.4945454887954) > a t critico (1.97410044739898) (de tabla) ---> Se rechaza la hipotesis nula
A68: 4 | B68: 5 | D68: ="Una Cola: Si t calculado ("&E29&") > a t critico ("&E53&") (de tabla) ---> Se rechaza la hipotesis nula" -> Una Cola: Si t calculado (-4.4945454887954) > a t critico (-1.65391994188201) (de tabla) ---> Se rechaza la hipotesis nula
A69: 4 | B69: 4
A70: 4 | B70: 3
A71: 2 | B71: 5
A72: 3 | B72: 3 | D72: Si p valor < Nivel Significancia
A73: 2 | B73: 4 | D73: ="Dos Colas: Si p valor ("&E55&") < Nivel Significancia (0.05) ---> Se rechaza la hipotesis nula" -> Dos Colas: Si p valor (1.23042322646768E-05) < Nivel Significancia (0.05) ---> Se rechaza la hipotesis nula
A74: 5 | B74: 3 | D74: ="Una Cola: Si p valor ("&E56&") < Nivel Significancia (0.05) ---> Se rechaza la hipotesis nula" -> Una Cola: Si p valor (6.15211613233842E-06) < Nivel Significancia (0.05) ---> Se rechaza la hipotesis nula
A75: 4 | B75: 5
A76: 3 | B76: 5
A77: 5 | B77: 3
A78: 4 | B78: 5
A79: 3 | B79: 3
A80: 5 | B80: 4
A81: 3 | B81: 4
A82: 4 | B82: 5
A83: 5 | B83: 4
A84: 4 | B84: 5
A85: 1 | B85: 5
A86: 2 | B86: 5
... A94: 3 | B94: 3

Sheet Nivel-comprensión
A1: (Sin Innovacion Didactica) Grupo Control - Post-test Nivel-comprensión a) Muy Bueno = 5 b) bueno = 4 c) Regular = 3 d) Malo = 2 e) Muy malo = 1 | B1: (Con Innovacion Didactica) Grupo Experimental - Post-test Nivel-comprensión a) Muy Bueno = 5 b) bueno = 4 c) Regular = 3 d) Malo = 2 e) Muy malo = 1
A2: 4 | B2: 5 | D2: Media (X1) Grupo Control | E2: =AVERAGE(A:A) -> 3.2795699
A3: 3 | B3: 4 | D3: Mediana (Me1) | E3: =MEDIAN(A:A) -> 3
A4: 2 | B4: 4 | D4: Moda (Mo1) | E4: =MODE(A:A) -> 3
A5: 2 | B5: 4 | D5: Desviacion Tipica o Estandar (S1) | E5: =STDEV(A:A) -> 1.1167265
A6: 1 | B6: 5 | D6: n1 | E6: =COUNT(A:A) -> 93
A7: 2 | B7: 2
A8: 4 | B8: 5 | D8: Media (X2) Grupo Experimental | E8: =AVERAGE(B:B) -> 4.2473118
A9: 3 | B9: 4 | D9: Mediana (Me2) | E9: =MEDIAN(B:B) -> 5
A10: 4 | B10: 5 | D10: Moda (Mo2) | E10: =MODE(B:B) -> 5
A11: 4 | B11: 5 | D11: Desviacion Tipica o Estandar (S2) | E11: =STDEV(B:B) -> 1.0071043
A12: 2 | B12: 4 | D12: n2 | E12: =COUNT(B:B) -> 93
A13: 5 | B13: 5
A14: 2 | B14: 5
A15: 3 | B15: 5
A16: 3 | B16: 5
A17: 3 | B17: 3 | D17: t de student
A18: 2 | B18: 3
A19: 3 | B19: 5
A20: 3 | B20: 5
A21: 5 | B21: 5
A22: 3 | B22: 5
A23: 5 | B23: 4
A24: 3 | B24: 4
A25: 3 | B25: 5
A26: 3 | B26: 5
A27: 5 | B27: 5
A28: 5 | B28: 3
A29: 3 | B29: 1 | D29: Valor de t | E29: =(E2-E8)/SQRT(((E5^2)/E6)+((E11^2)/E12)) -> -6.2060945
A30: 5 | B30: 5
A31: 5 | B31: 5 | D31: df grados de libertad
A32: 5 | B32: 3
A33: 1 | B33: 2
A34: 3 | B34: 5
A35: 4 | B35: 5
A36: 4 | B36: 5
A37: 4 | B37: 4
A38: 3 | B38: 5
A39: 3 | B39: 5
A40: 4 | B40: 4
A41: 4 | B41: 5 | D41: parte 1 | E41: =(((E5^2)/E6)+((E11^2)/E12))^2 -> 0.00059124123
A42: 5 | B42: 3 | D42: parte 2 | E42: =(((E5^2)/E6)^2)/(E6-1) -> 1.9544905e-06
A43: 3 | B43: 5 | D43: parte 3 | E43: =(((E11^2)/E12)^2)/(E12-1) -> 1.2928377e-06
A44: 3 | B44: 5
A45: 4 | B45: 4 | D45: df grados de libertad | E45: =E41/(E42+E43) -> 182.07005 | F45: Buscar Tabla
A46: 5 | B46: 5
A47: 5 | B47: 1 | D47: Nivel de significancia (α) (para dos colas) | E47: 0.05 | F47: Buscar Tabla
A48: 1 | B48: 4
A49: 4 | B49: 5
A50: 3 | B50: 4
A51: 3 | B51: 5
A52: 4 | B52: 2 | D52: valor crítico t (Excel) 2 colas | E52: =_xlfn.T.INV.2T(E47,E45) -> 1.9730841
A53: 4 | B53: 5 | D53: valor crítico t (Excel) 1 cola | E53: =_xlfn.T.INV(E47, E45) -> -1.653269
A54: 5 | B54: 4
A55: 3 | B55: 5 | D55: P valor, Calculado (Excel) 2 colas | E55: =TTEST(A:A,B:B,2,2) -> 3.5103966e-09
A56: 3 | B56: 4 | D56: P valor, Calculado (Excel) 1 cola | E56: =TTEST(A:A,B:B,1,2) -> 1.7551983e-09
A57: 3 | B57: 3
A58: 3 | B58: 3
A59: 5 | B59: 5 | D59: Hipotesis
A60: 1 | B60: 5
A61: 2 | B61: 3 | D61: hipotesis nula Ho = No hay diferencias significativa
A62: 4 | B62: 2 | D62: hipotesis alternativa H1 = Si hay diferencia significativa
A63: 1 | B63: 5
A64: 3 | B64: 4
A65: 3 | B65: 5
A66: 3 | B66: 3 | D66: Si t calculado > t critico (Tabla)
A67: 2 | B67: 5 | D67: ="Dos Colas: Si t calculado ("&E29&") > a t critico ("&E52&") (de tabla) ---> Se rechaza la hipotesis nula" -> Dos Colas: Si t calculado (-6.20609449238889) > a t critico (1.9730840773359) (de tabla) ---> Se rechaza la hipotesis nula
A68: 3 | B68: 5 | D68: ="Una Cola: Si t calculado ("&E29&") > a t critico ("&E53&") (de tabla) ---> Se rechaza la hipotesis nula" -> Una Cola: Si t calculado (-6.20609449238889) > a t critico (-1.65326902370546) (de tabla) ---> Se rechaza la hipotesis nula
A69: 5 | B69: 3
A70: 4 | B70: 5
A71: 2 | B71: 4
A72: 4 | B72: 4 | D72: Si p valor < Nivel Significancia
A73: 4 | B73: 5 | D73: ="Dos Colas: Si p valor ("&E55&") < Nivel Significancia (0.05) ---> Se rechaza la hipotesis nula" -> Dos Colas: Si p valor (3.51039663063093E-09) < Nivel Significancia (0.05) ---> Se rechaza la hipotesis nula
A74: 4 | B74: 5 | D74: ="Una Cola: Si p valor ("&E56&") < Nivel Significancia (0.05) ---> Se rechaza la hipotesis nula" -> Una Cola: Si p valor (1.75519831531546E-09) < Nivel Significancia (0.05) ---> Se rechaza la hipotesis nula
A75: 4 | B75: 4
A76: 3 | B76: 5
A77: 1 | B77: 4
A78: 4 | B78: 3
A79: 5 | B79: 3
A80: 4 | B80: 5
A81: 2 | B81: 5
A82: 3 | B82: 5
A83: 4 | B83: 5
A84: 2 | B84: 5
A85: 2 | B85: 4
A86: 2 | B86: 5
... A94: 3 | B94: 3

Sheet Habilidades-tareas
A1: (Sin Innovacion Didactica) Grupo Control - Post-test Habilidades-tareas a) Siempre = 5 b) Muchas veces = 4 c) A veces = 3 d) Pocas veces = 2 e) Nunca = 1 | B1: (Con Innovacion Didactica) Grupo Experimental - Post-test Habilidades-tareas a) Siempre = 5 b) Muchas veces = 4 c) A veces = 3 d) Pocas veces = 2 e) Nunca = 1
A2: 4 | B2: 3 | D2: Media (X1) Grupo Control | E2: =AVERAGE(A:A) -> 3.2903226
A3: 5 | B3: 4 | D3: Mediana (Me1) | E3: =MEDIAN(A:A) -> 3
A4: 3 | B4: 3 | D4: Moda (Mo1) | E4: =MODE(A:A) -> 3
A5: 2 | B5: 5 | D5: Desviacion Tipica o Estandar (S1) | E5: =STDEV(A:A) -> 1.0276677
A6: 4 | B6: 5 | D6: n1 | E6: =COUNT(A:A) -> 93
A7: 3 | B7: 3
A8: 2 | B8: 5 | D8: Media (X2) Grupo Experimental | E8: =AVERAGE(B:B) -> 3.9784946
A9: 3 | B9: 4 | D9: Mediana (Me2) | E9: =MEDIAN(B:B) -> 4
A10: 3 | B10: 5 | D10: Moda (Mo2) | E10: =MODE(B:B) -> 5
A11: 3 | B11: 5 | D11: Desviacion Tipica o Estandar (S2) | E11: =STDEV(B:B) -> 1.1031427
A12: 3 | B12: 1 | D12: n2 | E12: =COUNT(B:B) -> 93
A13: 4 | B13: 5
A14: 3 | B14: 1
A15: 3 | B15: 1
A16: 2 | B16: 3
A17: 3 | B17: 4 | D17: t de student
A18: 3 | B18: 4
A19: 4 | B19: 3
A20: 3 | B20: 5
A21: 5 | B21: 4
A22: 4 | B22: 4
A23: 3 | B23: 5
A24: 1 | B24: 4
A25: 5 | B25: 5
A26: 4 | B26: 4
A27: 2 | B27: 3
A28: 4 | B28: 5
A29: 3 | B29: 2 | D29: Valor de t | E29: =(E2-E8)/SQRT(((E5^2)/E6)+((E11^2)/E12)) -> -4.4018619
A30: 3 | B30: 4
A31: 3 | B31: 3 | D31: df grados de libertad
A32: 4 | B32: 4
A33: 4 | B33: 3
A34: 2 | B34: 5
A35: 3 | B35: 3
A36: 5 | B36: 5
A37: 3 | B37: 3
A38: 5 | B38: 1
A39: 3 | B39: 5
A40: 4 | B40: 5
A41: 1 | B41: 3 | D41: parte 1 | E41: =(((E5^2)/E6)+((E11^2)/E12))^2 -> 0.00059736867
A42: 4 | B42: 5 | D42: parte 2 | E42: =(((E5^2)/E6)^2)/(E6-1) -> 1.4017068e-06
A43: 4 | B43: 3 | D43: parte 3 | E43: =(((E11^2)/E12)^2)/(E12-1) -> 1.8611143e-06
A44: 5 | B44: 5
A45: 4 | B45: 5 | D45: df grados de libertad | E45: =E41/(E42+E43) -> 183.08349 | F45: Buscar Tabla
A46: 2 | B46: 1
A47: 1 | B47: 4 | D47: Nivel de significancia (α) (para dos colas) | E47: 0.05 | F47: Buscar Tabla
A48: 4 | B48: 3
A49: 3 | B49: 5
A50: 3 | B50: 4
A51: 2 | B51: 4
A52: 3 | B52: 4 | D52: valor crítico t (Excel) 2 colas | E52: =_xlfn.T.INV.2T(E47,E45) -> 1.9730119
A53: 4 | B53: 4 | D53: valor crítico t (Excel) 1 cola | E53: =_xlfn.T.INV(E47, E45) -> -1.6532228
A54: 4 | B54: 4
A55: 3 | B55: 4 | D55: P valor, Calculado (Excel) 2 colas | E55: =TTEST(A:A,B:B,2,2) -> 1.8161436e-05
A56: 5 | B56: 5 | D56: P valor, Calculado (Excel) 1 cola | E56: =TTEST(A:A,B:B,1,2) -> 9.0807179e-06
A57: 3 | B57: 3
A58: 4 | B58: 5
A59: 2 | B59: 4 | D59: Hipotesis
A60: 5 | B60: 5
A61: 3 | B61: 4 | D61: hipotesis nula Ho = No hay diferencias significativa
A62: 3 | B62: 3 | D62: hipotesis alternativa H1 = Si hay diferencia significativa
A63: 3 | B63: 5
A64: 5 | B64: 5
A65: 3 | B65: 5
A66: 3 | B66: 4 | D66: Si t calculado > t critico (Tabla)
A67: 3 | B67: 3 | D67: ="Dos Colas: Si t calculado ("&E29&") > a t critico ("&E52&") (de tabla) ---> Se rechaza la hipotesis nula" -> Dos Colas: Si t calculado (-4.40186191486793) > a t critico (1.97301191513627) (de tabla) ---> Se rechaza la hipotesis nula
A68: 3 | B68: 5 | D68: ="Una Cola: Si t calculado ("&E29&") > a t critico ("&E53&") (de tabla) ---> Se rechaza la hipotesis nula" -> Una Cola: Si t calculado (-4.40186191486793) > a t critico (-1.65322280314572) (de tabla) ---> Se rechaza la hipotesis nula
A69: 3 | B69: 3
A70: 2 | B70: 5
A71: 4 | B71: 4
A72: 2 | B72: 2 | D72: Si p valor < Nivel Significancia
A73: 3 | B73: 5 | D73: ="Dos Colas: Si p valor ("&E55&") < Nivel Significancia (0.05) ---> Se rechaza la hipotesis nula" -> Dos Colas: Si p valor (1.81614357054773E-05) < Nivel Significancia (0.05) ---> Se rechaza la hipotesis nula
A74: 5 | B74: 4 | D74: ="Una Cola: Si p valor ("&E56&") < Nivel Significancia (0.05) ---> Se rechaza la hipotesis nula" -> Una Cola: Si p valor (9.08071785273866E-06) < Nivel Significancia (0.05) ---> Se rechaza la hipotesis nula
A75: 5 | B75: 5
A76: 4 | B76: 5
A77: 2 | B77: 5
A78: 3 | B78: 5
A79: 2 | B79: 4
A80: 3 | B80: 4
A81: 3 | B81: 4
A82: 5 | B82: 5
A83: 4 | B83: 5
A84: 4 | B84: 4
A85: 5 | B85: 2
A86: 4 | B86: 5
... A94: 2 | B94: 5

Sheet Resolución-problemas
A1: (Sin Innovacion Didactica) Grupo Control - Post-test Resolución-problemas a) Siempre = 5 b) Frecuente = 4 c) A veces = 3 d) Raro = 2 e) Nunca = 1 | B1: (Con Innovacion Didactica) Grupo Experimental - Post-test Resolución-problemas a) Siempre = 5 b) Frecuente = 4 c) A veces = 3 d) Raro = 2 e) Nunca = 1
A2: 3 | B2: 4 | D2: Media (X1) Grupo Control | E2: =AVERAGE(A:A) -> 3.3978495
A3: 4 | B3: 4 | D3: Mediana (Me1) | E3: =MEDIAN(A:A) -> 3
A4: 4 | B4: 3 | D4: Moda (Mo1) | E4: =MODE(A:A) -> 3
A5: 4 | B5: 3 | D5: Desviacion Tipica o Estandar (S1) | E5: =STDEV(A:A) -> 1.1434101
A6: 5 | B6: 4 | D6: n1 | E6: =COUNT(A:A) -> 93
A7: 5 | B7: 4
A8: 2 | B8: 2 | D8: Media (X2) Grupo Experimental | E8: =AVERAGE(B:B) -> 4.2043011
A9: 4 | B9: 5 | D9: Mediana (Me2) | E9: =MEDIAN(B:B) -> 4
A10: 3 | B10: 5 | D10: Moda (Mo2) | E10: =MODE(B:B) -> 5
A11: 4 | B11: 5 | D11: Desviacion Tipica o Estandar (S2) | E11: =STDEV(B:B) -> 0.91555566
A12: 1 | B12: 5 | D12: n2 | E12: =COUNT(B:B) -> 93
A13: 4 | B13: 4
A14: 4 | B14: 4
A15: 2 | B15: 4
A16: 2 | B16: 5
A17: 4 | B17: 4 | D17: t de student
A18: 2 | B18: 5
A19: 3 | B19: 4
A20: 3 | B20: 4
A21: 5 | B21: 5
A22: 5 | B22: 5
A23: 3 | B23: 5
A24: 3 | B24: 3
A25: 3 | B25: 2
A26: 3 | B26: 4
A27: 3 | B27: 5
A28: 4 | B28: 5
A29: 3 | B29: 4 | D29: Valor de t | E29: =(E2-E8)/SQRT(((E5^2)/E6)+((E11^2)/E12)) -> -5.3093639
A30: 5 | B30: 3
A31: 3 | B31: 5 | D31: df grados de libertad
A32: 3 | B32: 5
A33: 1 | B33: 4
A34: 5 | B34: 5
A35: 5 | B35: 5
A36: 4 | B36: 5
A37: 4 | B37: 4
A38: 4 | B38: 3
A39: 2 | B39: 2
A40: 4 | B40: 4
A41: 4 | B41: 4 | D41: parte 1 | E41: =(((E5^2)/E6)+((E11^2)/E12))^2 -> 0.00053228384
A42: 3 | B42: 5 | D42: parte 2 | E42: =(((E5^2)/E6)^2)/(E6-1) -> 2.1480993e-06
A43: 3 | B43: 4 | D43: parte 3 | E43: =(((E11^2)/E12)^2)/(E12-1) -> 8.8304998e-07
A44: 3 | B44: 5
A45: 5 | B45: 4 | D45: df grados de libertad | E45: =E41/(E42+E43) -> 175.60463 | F45: Buscar Tabla
A46: 3 | B46: 5
A47: 5 | B47: 5 | D47: Nivel de significancia (α) (para dos colas) | E47: 0.05 | F47: Buscar Tabla
A48: 5 | B48: 5
A49: 2 | B49: 5
A50: 5 | B50: 5
A51: 3 | B51: 5
A52: 4 | B52: 2 | D52: valor crítico t (Excel) 2 colas | E52: =_xlfn.T.INV.2T(E47,E45) -> 1.9736125
A53: 4 | B53: 5 | D53: valor crítico t (Excel) 1 cola | E53: =_xlfn.T.INV(E47, E45) -> -1.6536074
A54: 2 | B54: 4
A55: 5 | B55: 3 | D55: P valor, Calculado (Excel) 2 colas | E55: =TTEST(A:A,B:B,2,2) -> 3.1465116e-07
A56: 3 | B56: 1 | D56: P valor, Calculado (Excel) 1 cola | E56: =TTEST(A:A,B:B,1,2) -> 1.5732558e-07
A57: 1 | B57: 4
A58: 3 | B58: 3
A59: 1 | B59: 5 | D59: Hipotesis
A60: 5 | B60: 5
A61: 4 | B61: 5 | D61: hipotesis nula Ho = No hay diferencias significativa
A62: 4 | B62: 4 | D62: hipotesis alternativa H1 = Si hay diferencia significativa
A63: 3 | B63: 4
A64: 1 | B64: 5
A65: 4 | B65: 5
A66: 3 | B66: 4 | D66: Si t calculado > t critico (Tabla)
A67: 4 | B67: 5 | D67: ="Dos Colas: Si t calculado ("&E29&") > a t critico ("&E52&") (de tabla) ---> Se rechaza la hipotesis nula" -> Dos Colas: Si t calculado (-5.30936392090239) > a t critico (1.97361246195438) (de tabla) ---> Se rechaza la hipotesis nula
A68: 3 | B68: 4 | D68: ="Una Cola: Si t calculado ("&E29&") > a t critico ("&E53&") (de tabla) ---> Se rechaza la hipotesis nula" -> Una Cola: Si t calculado (-5.30936392090239) > a t critico (-1.65360743707926) (de tabla) ---> Se rechaza la hipotesis nula
A69: 3 | B69: 4
A70: 1 | B70: 4
A71: 3 | B71: 3
A72: 4 | B72: 3 | D72: Si p valor < Nivel Significancia
A73: 5 | B73: 4 | D73: ="Dos Colas: Si p valor ("&E55&") < Nivel Significancia (0.05) ---> Se rechaza la hipotesis nula" -> Dos Colas: Si p valor (3.14651164067426E-07) < Nivel Significancia (0.05) ---> Se rechaza la hipotesis nula
A74: 5 | B74: 4 | D74: ="Una Cola: Si p valor ("&E56&") < Nivel Significancia (0.05) ---> Se rechaza la hipotesis nula" -> Una Cola: Si p valor (1.57325582033713E-07) < Nivel Significancia (0.05) ---> Se rechaza la hipotesis nula
A75: 4 | B75: 4
A76: 4 | B76: 5
A77: 2 | B77: 5
A78: 3 | B78: 5
A79: 3 | B79: 5
A80: 5 | B80: 4
A81: 2 | B81: 3
A82: 3 | B82: 5
A83: 5 | B83: 5
A84: 3 | B84: 2
A85: 3 | B85: 5
A86: 5 | B86: 4
... A94: 4 | B94: 5

Sheet Motivación
A1: (Sin Innovacion Didactica) Grupo Control - Post-test Motivación a) Muy Alta = 5 b) Alta = 4 c) Regular = 3 d) Baja = 2 e) Muy Baja = 1 | B1: (Con Innovacion Didactica) Grupo Experimental - Post-test Motivación a) Muy Alta = 5 b) Alta = 4 c) Regular = 3 d) Baja = 2 e) Muy Baja = 1
A2: 4 | B2: 5 | D2: Media (X1) Grupo Control | E2: =AVERAGE(A:A) -> 3.2365591
A3: 5 | B3: 5 | D3: Mediana (Me1) | E3: =MEDIAN(A:A) -> 3
A4: 2 | B4: 4 | D4: Moda (Mo1) | E4: =MODE(A:A) -> 3
A5: 4 | B5: 3 | D5: Desviacion Tipica o Estandar (S1) | E5: =STDEV(A:A) -> 1.2014289
A6: 4 | B6: 3 | D6: n1 | E6: =COUNT(A:A) -> 93
A7: 5 | B7: 4
A8: 4 | B8: 4 | D8: Media (X2) Grupo Experimental | E8: =AVERAGE(B:B) -> 4.0860215
A9: 3 | B9: 5 | D9: Mediana (Me2) | E9: =MEDIAN(B:B) -> 4
A10: 3 | B10: 4 | D10: Moda (Mo2) | E10: =MODE(B:B) -> 5
A11: 4 | B11: 4 | D11: Desviacion Tipica o Estandar (S2) | E11: =STDEV(B:B) -> 1.0284635
A12: 2 | B12: 5 | D12: n2 | E12: =COUNT(B:B) -> 93
A13: 2 | B13: 4
A14: 2 | B14: 4
A15: 4 | B15: 5
A16: 4 | B16: 2
A17: 1 | B17: 5 | D17: t de student
A18: 2 | B18: 5
A19: 5 | B19: 5
A20: 5 | B20: 3
A21: 4 | B21: 4
A22: 2 | B22: 5
A23: 3 | B23: 4
A24: 3 | B24: 5
A25: 5 | B25: 3
A26: 3 | B26: 4
A27: 2 | B27: 5
A28: 4 | B28: 2
A29: 2 | B29: 5 | D29: Valor de t | E29: =(E2-E8)/SQRT(((E5^2)/E6)+((E11^2)/E12)) -> -5.1798134
A30: 1 | B30: 5
A31: 4 | B31: 4 | D31: df grados de libertad
A32: 3 | B32: 1
A33: 4 | B33: 5
A34: 2 | B34: 5
A35: 3 | B35: 5
A36: 3 | B36: 4
A37: 2 | B37: 5
A38: 4 | B38: 4
A39: 1 | B39: 1
A40: 3 | B40: 4
A41: 5 | B41: 5 | D41: parte 1 | E41: =(((E5^2)/E6)+((E11^2)/E12))^2 -> 0.00072330272
A42: 3 | B42: 5 | D42: parte 2 | E42: =(((E5^2)/E6)^2)/(E6-1) -> 2.618416e-06
A43: 2 | B43: 5 | D43: parte 3 | E43: =(((E11^2)/E12)^2)/(E12-1) -> 1.4060536e-06
A44: 4 | B44: 3
A45: 2 | B45: 5 | D45: df grados de libertad | E45: =E41/(E42+E43) -> 179.72622 | F45: Buscar Tabla
A46: 2 | B46: 5
A47: 4 | B47: 4 | D47: Nivel de significancia (α) (para dos colas) | E47: 0.05 | F47: Buscar Tabla
A48: 1 | B48: 4
A49: 5 | B49: 4
A50: 4 | B50: 5
A51: 5 | B51: 3
A52: 2 | B52: 2 | D52: valor crítico t (Excel) 2 colas | E52: =_xlfn.T.INV.2T(E47,E45) -> 1.9733054
A53: 3 | B53: 4 | D53: valor crítico t (Excel) 1 cola | E53: =_xlfn.T.INV(E47, E45) -> -1.6534108
A54: 5 | B54: 2
A55: 4 | B55: 5 | D55: P valor, Calculado (Excel) 2 colas | E55: =TTEST(A:A,B:B,2,2) -> 5.796946e-07
A56: 3 | B56: 4 | D56: P valor, Calculado (Excel) 1 cola | E56: =TTEST(A:A,B:B,1,2) -> 2.898473e-07
A57: 5 | B57: 4
A58: 2 | B58: 4
A59: 2 | B59: 5 | D59: Hipotesis
A60: 3 | B60: 5
A61: 1 | B61: 5 | D61: hipotesis nula Ho = No hay diferencias significativa
A62: 4 | B62: 5 | D62: hipotesis alternativa H1 = Si hay diferencia significativa
A63: 1 | B63: 5
A64: 3 | B64: 4
A65: 3 | B65: 5
A66: 5 | B66: 5 | D66: Si t calculado > t critico (Tabla)
A67: 2 | B67: 4 | D67: ="Dos Colas: Si t calculado ("&E29&") > a t critico ("&E52&") (de tabla) ---> Se rechaza la hipotesis nula" -> Dos Colas: Si t calculado (-5.17981344159417) > a t critico (1.97330543384147) (de tabla) ---> Se rechaza la hipotesis nula
A68: 4 | B68: 4 | D68: ="Una Cola: Si t calculado ("&E29&") > a t critico ("&E53&") (de tabla) ---> Se rechaza la hipotesis nula" -> Una Cola: Si t calculado (-5.17981344159417) > a t critico (-1.65341080012341) (de tabla) ---> Se rechaza la hipotesis nula
A69: 5 | B69: 3
A70: 5 | B70: 4
A71: 3 | B71: 5
A72: 3 | B72: 3 | D72: Si p valor < Nivel Significancia
A73: 3 | B73: 4 | D73: ="Dos Colas: Si p valor ("&E55&") < Nivel Significancia (0.05) ---> Se rechaza la hipotesis nula" -> Dos Colas: Si p valor (5.79694604381118E-07) < Nivel Significancia (0.05) ---> Se rechaza la hipotesis nula
A74: 2 | B74: 5 | D74: ="Una Cola: Si p valor ("&E56&") < Nivel Significancia (0.05) ---> Se rechaza la hipotesis nula" -> Una Cola: Si p valor (2.89847302190559E-07) < Nivel Significancia (0.05) ---> Se rechaza la hipotesis nula
A75: 5 | B75: 4
A76: 3 | B76: 2
A77: 5 | B77: 5
A78: 2 | B78: 5
A79: 2 | B79: 5
A80: 3 | B80: 5
A81: 3 | B81: 4
A82: 4 | B82: 4
A83: 3 | B83: 5
A84: 2 | B84: 2
A85: 4 | B85: 3
A86: 4 | B86: 4
... A94: 4 | B94: 2
