Workbook

Sheet Resumen
A1: Indicador | B1: T Calculado | C1: T Critico 2 Colas | D1: T Critico 1 Cola | E1: P valor 2 Colas | F1: P valor 1 Cola
A2: Participación activa | B2: =ROUND('Participación-activa'!E29, 4) -> -7.215 | C2: =ROUND('Participación-activa'!E52, 4) -> 1.9728 | D2: =ROUND('Participación-activa'!E53, 4) -> -1.6531 | E2: ='Participación-activa'!E55 -> 1.2164728e-11 | F2: ='Participación-activa'!E56 -> 6.0823638e-12
A3: Comunicación equipo | B3: =ROUND('Comunicación-equipo'!E29, 4) -> -5.9491 | C3: =ROUND('Comunicación-equipo'!E52, 4) -> 1.9731 | D3: =ROUND('Comunicación-equipo'!E53, 4) -> -1.6533 | E3: ='Comunicación-equipo'!E55 -> 1.2551529e-08 | F3: ='Comunicación-equipo'!E56 -> 6.2757646e-09
A4: Cumplimiento tareas | B4: =ROUND('Cumplimiento-tareas'!E29, 4) -> -6.295 | C4: =ROUND('Cumplimiento-tareas'!E52, 4) -> 1.9729 | D4: =ROUND('Cumplimiento-tareas'!E53, 4) -> -1.6532 | E4: ='Cumplimiento-tareas'!E55 -> 2.0418739e-09 | F4: ='Cumplimiento-tareas'!E56 -> 1.0209369e-09
A5: Contribución grupo | B5: =ROUND('Contribución-grupo'!E29, 4) -> -7.2118 | C5: =ROUND('Contribución-grupo'!E52, 4) -> 1.9727 | D5: =ROUND('Contribución-grupo'!E53, 4) -> -1.653 | E5: ='Contribución-grupo'!E55 -> 1.2395623e-11 | F5: ='Contribución-grupo'!E56 -> 6.1978117e-12
A6: Resolución problemas | B6: =ROUND('Resolución-problemas'!E29, 4) -> -4.4748 | C6: =ROUND('Resolución-problemas'!E52, 4) -> 1.9727 | D6: =ROUND('Resolución-problemas'!E53, 4) -> -1.653 | E6: ='Resolución-problemas'!E55 -> 1.3088744e-05 | F6: ='Resolución-problemas'!E56 -> 6.5443722e-06
A7: Conocimientos adquiridos | B7: =ROUND('Conocimientos-adquiridos'!E29, 4) -> -6.9263 | C7: =ROUND('Conocimientos-adquiridos'!E52, 4) -> 1.9736 | D7: =ROUND('Conocimientos-adquiridos'!E53, 4) -> -1.6536 | E7: ='Conocimientos-adquiridos'!E55 -> 6.3390533e-11 | F7: ='Conocimientos-adquiridos'!E56 -> 3.1695267e-11
A8: Nota final | B8: =ROUND('Nota-final'!E29, 4) -> -9.1623 | C8: =ROUND('Nota-final'!E52, 4) -> 1.9732 | D8: =ROUND('Nota-final'!E53, 4) -> -1.6533 | E8: ='Nota-final'!E55 -> 7.7758254e-17 | F8: ='Nota-final'!E56 -> 3.8879127e-17
A9: Comprensión | B9: =ROUND(Comprensión!E29, 4) -> -6.8139 | C9: =ROUND(Comprensión!E52, 4) -> 1.9732 | D9: =ROUND(Comprensión!E53, 4) -> -1.6534 | E9: =Comprensión!E55 -> 1.1930592e-10 | F9: =Comprensión!E56 -> 5.9652961e-11
A10: Habilidades | B10: =ROUND(Habilidades!E29, 4) -> -6.0176 | C10: =ROUND(Habilidades!E52, 4) -> 1.9725 | D10: =ROUND(Habilidades!E53, 4) -> -1.6529 | E10: =Habilidades!E55 -> 8.8064005e-09 | F10: =Habilidades!E56 -> 4.4032003e-09
A11: Resolución autónoma | B11: =ROUND('Resolución-autónoma'!E29, 4) -> -8.65 | C11: =ROUND('Resolución-autónoma'!E52, 4) -> 1.9726 | D11: =ROUND('Resolución-autónoma'!E53, 4) -> -1.653 | E11: ='Resolución-autónoma'!E55 -> 2.0409501e-15 | F11: ='Resolución-autónoma'!E56 -> 1.020475e-15
A12: Motivación | B12: =ROUND(Motivación!E29, 4) -> -6.189 | C12: =ROUND(Motivación!E52, 4) -> 1.9725 | D12: =ROUND(Motivación!E53, 4) -> -1.6529 | E12: =Motivación!E55 -> 3.5865188e-09 | F12: =Motivación!E56 -> 1.7932594e-09

Sheet Participación-activa
A1: (Sin Aprendizaje Colaborativo) Grupo Control - Post-test Participación-activa | B1: (Con Aprendizaje Colaborativo) Grupo Experimental - Post-test Participación-activa
A2: 2 | B2: 4 | D2: Media (X1) Grupo Control | E2: =AVERAGE(A:A) -> 3
A3: 2 | B3: 5 | D3: Mediana (Me1) | E3: =MEDIAN(A:A) -> 3
A4: 2 | B4: 2 | D4: Moda (Mo1) | E4: =MODE(A:A) -> 3
A5: 3 | B5: 3 | D5: Desviacion Tipica o Estandar (S1) | E5: =STDEV(A:A) -> 1.1636867
A6: 4 | B6: 4 | D6: n1 | E6: =COUNT(A:A) -> 97
A7: 5 | B7: 4
A8: 1 | B8: 5 | D8: Media (X2) Grupo Experimental | E8: =AVERAGE(B:B) -> 4.1134021
A9: 2 | B9: 4 | D9: Mediana (Me2) | E9: =MEDIAN(B:B) -> 4
A10: 3 | B10: 5 | D10: Moda (Mo2) | E10: =MODE(B:B) -> 5
A11: 3 | B11: 4 | D11: Desviacion Tipica o Estandar (S2) | E11: =STDEV(B:B) -> 0.97762775
A12: 3 | B12: 5 | D12: n2 | E12: =COUNT(B:B) -> 97
A13: 5 | B13: 5
A14: 4 | B14: 5
A15: 5 | B15: 5
A16: 2 | B16: 4
A17: 4 | B17: 5 | D17: t de student
A18: 3 | B18: 5
A19: 5 | B19: 4
A20: 4 | B20: 3
A21: 3 | B21: 5
A22: 2 | B22: 5
A23: 2 | B23: 1
A24: 1 | B24: 4
A25: 2 | B25: 5
A26: 2 | B26: 4
A27: 2 | B27: 4
A28: 5 | B28: 5
A29: 4 | B29: 4 | D29: Valor de t | E29: =(E2-E8)/SQRT(((E5^2)/E6)+((E11^2)/E12)) -> -7.215047
A30: 4 | B30: 2
A31: 3 | B31: 5 | D31: df grados de libertad
A32: 3 | B32: 5
A33: 4 | B33: 5
A34: 4 | B34: 3
A35: 5 | B35: 3
A36: 2 | B36: 5
A37: 4 | B37: 5
A38: 2 | B38: 5
A39: 1 | B39: 4
A40: 3 | B40: 5
A41: 3 | B41: 4 | D41: parte 1 | E41: =(((E5^2)/E6)+((E11^2)/E12))^2 -> 0.00056708925
A42: 2 | B42: 5 | D42: parte 2 | E42: =(((E5^2)/E6)^2)/(E6-1) -> 2.0301566e-06
A43: 1 | B43: 3 | D43: parte 3 | E43: =(((E11^2)/E12)^2)/(E12-1) -> 1.0112985e-06
A44: 2 | B44: 5
A45: 3 | B45: 5 | D45: df grados de libertad | E45: =E41/(E42+E43) -> 186.45327 | F45: Buscar Tabla
A46: 3 | B46: 2
A47: 1 | B47: 5 | D47: Nivel de significancia (α) (para dos colas) | E47: 0.05 | F47: Buscar Tabla
A48: 1 | B48: 5
A49: 3 | B49: 3
A50: 3 | B50: 5
A51: 3 | B51: 3
A52: 2 | B52: 5 | D52: valor crítico t (Excel) 2 colas | E52: =_xlfn.T.INV.2T(E47,E45) -> 1.9728001
A53: 3 | B53: 3 | D53: valor crítico t (Excel) 1 cola | E53: =_xlfn.T.INV(E47, E45) -> -1.6530871
A54: 2 | B54: 4
A55: 2 | B55: 5 | D55: P valor, Calculado (Excel) 2 colas | E55: =TTEST(A:A,B:B,2,2) -> 1.2164728e-11
A56: 5 | B56: 5 | D56: P valor, Calculado (Excel) 1 cola | E56: =TTEST(A:A,B:B,1,2) -> 6.0823638e-12
A57: 4 | B57: 4
A58: 3 | B58: 3
A59: 3 | B59: 4 | D59: Hipotesis
A60: 4 | B60: 5
A61: 2 | B61: 4 | D61: hipotesis nula Ho = No hay diferencias significativa
A62: 1 | B62: 5 | D62: hipotesis alternativa H1 = Si hay diferencia significativa
A63: 3 | B63: 4
A64: 3 | B64: 3
A65: 3 | B65: 3
A66: 4 | B66: 5 | D66: Si t calculado > t critico (Tabla)
A67: 2 | B67: 5 | D67: ="Dos Colas: Si t calculado ("&E29&") > a t critico ("&E52&") (de tabla) ---> Se rechaza la hipotesis nula" -> Dos Colas: Si t calculado (-7.21504703835605) > a t critico (1.97280011399544) (de tabla) ---> Se rechaza la hipotesis nula
A68: 4 | B68: 5 | D68: ="Una Cola: Si t calculado ("&E29&") > a t critico ("&E53&") (de tabla) ---> Se rechaza la hipotesis nula" -> Una Cola: Si t calculado (-7.21504703835605) > a t critico (-1.65308713839664) (de tabla) ---> Se rechaza la hipotesis nula
A69: 3 | B69: 4
A70: 3 | B70: 5
A71: 5 | B71: 3
A72: 3 | B72: 5 | D72: Si p valor < Nivel Significancia
A73: 4 | B73: 4 | D73: ="Dos Colas: Si p valor ("&E55&") < Nivel Significancia (0.05) ---> Se rechaza la hipotesis nula" -> Dos Colas: Si p valor (1.21647275335806E-11) < Nivel Significancia (0.05) ---> Se rechaza la hipotesis nula
A74: 4 | B74: 3 | D74: ="Una Cola: Si p valor ("&E56&") < Nivel Significancia (0.05) ---> Se rechaza la hipotesis nula" -> Una Cola: Si p valor (6.08236376679031E-12) < Nivel Significancia (0.05) ---> Se rechaza la hipotesis nula
A75: 2 | B75: 4
A76: 5 | B76: 4
A77: 3 | B77: 5
A78: 5 | B78: 3
A79: 3 | B79: 3
A80: 1 | B80: 3
A81: 4 | B81: 4
A82: 3 | B82: 4
A83: 3 | B83: 3
A84: 2 | B84: 4
A85: 2 | B85: 5
A86: 3 | B86: 4
... A98: 2 | B98: 4

Sheet Comunicación-equipo
A1: (Sin Aprendizaje Colaborativo) Grupo Control - Post-test Comunicación-equipo | B1: (Con Aprendizaje Colaborativo) Grupo Experimental - Post-test Comprensión-contenidos
A2: 3 | B2: 5 | D2: Media (X1) Grupo Control | E2: =AVERAGE(A:A) -> 3.1237113
A3: 3 | B3: 5 | D3: Mediana (Me1) | E3: =MEDIAN(A:A) -> 3
A4: 3 | B4: 5 | D4: Moda (Mo1) | E4: =MODE(A:A) -> 3
A5: 2 | B5: 4 | D5: Desviacion Tipica o Estandar (S1) | E5: =STDEV(A:A) -> 1.2437991
A6: 1 | B6: 2 | D6: n1 | E6: =COUNT(A:A) -> 97
A7: 3 | B7: 5
A8: 3 | B8: 3 | D8: Media (X2) Grupo Experimental | E8: =AVERAGE(B:B) -> 4.0824742
A9: 4 | B9: 3 | D9: Mediana (Me2) | E9: =MEDIAN(B:B) -> 4
A10: 1 | B10: 5 | D10: Moda (Mo2) | E10: =MODE(B:B) -> 5
A11: 4 | B11: 1 | D11: Desviacion Tipica o Estandar (S2) | E11: =STDEV(B:B) -> 0.9860496
A12: 2 | B12: 3 | D12: n2 | E12: =COUNT(B:B) -> 97
A13: 3 | B13: 5
A14: 2 | B14: 3
A15: 2 | B15: 4
A16: 5 | B16: 4
A17: 1 | B17: 4 | D17: t de student
A18: 5 | B18: 5
A19: 4 | B19: 3
A20: 3 | B20: 5
A21: 3 | B21: 4
A22: 3 | B22: 5
A23: 4 | B23: 5
A24: 1 | B24: 2
A25: 4 | B25: 5
A26: 4 | B26: 5
A27: 4 | B27: 4
A28: 5 | B28: 4
A29: 3 | B29: 4 | D29: Valor de t | E29: =(E2-E8)/SQRT(((E5^2)/E6)+((E11^2)/E12)) -> -5.9491451
A30: 1 | B30: 5
A31: 5 | B31: 3 | D31: df grados de libertad
A32: 1 | B32: 5
A33: 4 | B33: 5
A34: 1 | B34: 5
A35: 2 | B35: 5
A36: 5 | B36: 3
A37: 3 | B37: 5
A38: 4 | B38: 3
A39: 4 | B39: 4
A40: 5 | B40: 3
A41: 3 | B41: 4 | D41: parte 1 | E41: =(((E5^2)/E6)+((E11^2)/E12))^2 -> 0.00067456936
A42: 3 | B42: 5 | D42: parte 2 | E42: =(((E5^2)/E6)^2)/(E6-1) -> 2.6496358e-06
A43: 3 | B43: 5 | D43: parte 3 | E43: =(((E11^2)/E12)^2)/(E12-1) -> 1.0465991e-06
A44: 2 | B44: 5
A45: 3 | B45: 3 | D45: df grados de libertad | E45: =E41/(E42+E43) -> 182.50176 | F45: Buscar Tabla
A46: 1 | B46: 4
A47: 3 | B47: 2 | D47: Nivel de significancia (α) (para dos colas) | E47: 0.05 | F47: Buscar Tabla
A48: 5 | B48: 4
A49: 2 | B49: 2
A50: 4 | B50: 5
A51: 4 | B51: 5
A52: 4 | B52: 4 | D52: valor crítico t (Excel) 2 colas | E52: =_xlfn.T.INV.2T(E47,E45) -> 1.9730841
A53: 5 | B53: 5 | D53: valor crítico t (Excel) 1 cola | E53: =_xlfn.T.INV(E47, E45) -> -1.653269
A54: 2 | B54: 4
A55: 2 | B55: 5 | D55: P valor, Calculado (Excel) 2 colas | E55: =TTEST(A:A,B:B,2,2) -> 1.2551529e-08
A56: 3 | B56: 5 | D56: P valor, Calculado (Excel) 1 cola | E56: =TTEST(A:A,B:B,1,2) -> 6.2757646e-09
A57: 5 | B57: 2
A58: 1 | B58: 4
A59: 3 | B59: 5 | D59: Hipotesis
A60: 1 | B60: 4
A61: 3 | B61: 4 | D61: hipotesis nula Ho = No hay diferencias significativa
A62: 3 | B62: 3 | D62: hipotesis alternativa H1 = Si hay diferencia significativa
A63: 1 | B63: 3
A64: 2 | B64: 5
A65: 3 | B65: 5
A66: 3 | B66: 3 | D66: Si t calculado > t critico (Tabla)
A67: 3 | B67: 3 | D67: ="Dos Colas: Si t calculado ("&E29&") > a t critico ("&E52&") (de tabla) ---> Se rechaza la hipotesis nula" -> Dos Colas: Si t calculado (-5.94914509536697) > a t critico (1.9730840773359) (de tabla) ---> Se rechaza la hipotesis nula
A68: 5 | B68: 5 | D68: ="Una Cola: Si t calculado ("&E29&") > a t critico ("&E53&") (de tabla) ---> Se rechaza la hipotesis nula" -> Una Cola: Si t calculado (-5.94914509536697) > a t critico (-1.65326902370546) (de tabla) ---> Se rechaza la hipotesis nula
A69: 3 | B69: 4
A70: 5 | B70: 5
A71: 3 | B71: 2
A72: 5 | B72: 3 | D72: Si p valor < Nivel Significancia
A73: 2 | B73: 4 | D73: ="Dos Colas: Si p valor ("&E55&") < Nivel Significancia (0.05) ---> Se rechaza la hipotesis nula" -> Dos Colas: Si p valor (1.25515292125375E-08) < Nivel Significancia (0.05) ---> Se rechaza la hipotesis nula
A74: 5 | B74: 5 | D74: ="Una Cola: Si p valor ("&E56&") < Nivel Significancia (0.05) ---> Se rechaza la hipotesis nula" -> Una Cola: Si p valor (6.27576460626874E-09) < Nivel Significancia (0.05) ---> Se rechaza la hipotesis nula
A75: 2 | B75: 4
A76: 2 | B76: 4
A77: 3 | B77: 5
A78: 4 | B78: 5
A79: 3 | B79: 3
A80: 2 | B80: 5
A81: 4 | B81: 3
A82: 3 | B82: 4
A83: 4 | B83: 5
A84: 2 | B84: 4
A85: 3 | B85: 3
A86: 5 | B86: 4
... A98: 4 | B98: 5

Sheet Cumplimiento-tareas
A1: (Sin Aprendizaje Colaborativo) Grupo Control - Post-test Cumplimiento-tareas | B1: (Con Aprendizaje Colaborativo) Grupo Experimental - Post-test Cumplimiento-tareas
A2: 4 | B2: 4 | D2: Media (X1) Grupo Control | E2: =AVERAGE(A:A) -> 3.1237113
A3: 3 | B3: 4 | D3: Mediana (Me1) | E3: =MEDIAN(A:A) -> 3
A4: 4 | B4: 2 | D4: Moda (Mo1) | E4: =MODE(A:A) -> 3
A5: 3 | B5: 5 | D5: Desviacion Tipica o Estandar (S1) | E5: =STDEV(A:A) -> 1.1748912
A6: 3 | B6: 4 | D6: n1 | E6: =COUNT(A:A) -> 97
A7: 4 | B7: 5
A8: 3 | B8: 5 | D8: Media (X2) Grupo Experimental | E8: =AVERAGE(B:B) -> 4.0927835
A9: 3 | B9: 5 | D9: Mediana (Me2) | E9: =MEDIAN(B:B) -> 4
A10: 5 | B10: 5 | D10: Moda (Mo2) | E10: =MODE(B:B) -> 5
A11: 3 | B11: 4 | D11: Desviacion Tipica o Estandar (S2) | E11: =STDEV(B:B) -> 0.958324
A12: 4 | B12: 5 | D12: n2 | E12: =COUNT(B:B) -> 97
A13: 5 | B13: 3
A14: 2 | B14: 4
A15: 3 | B15: 3
A16: 4 | B16: 4
A17: 4 | B17: 5 | D17: t de student
A18: 4 | B18: 3
A19: 5 | B19: 4
A20: 3 | B20: 4
A21: 3 | B21: 4
A22: 4 | B22: 4
A23: 2 | B23: 3
A24: 4 | B24: 5
A25: 2 | B25: 5
A26: 5 | B26: 2
A27: 3 | B27: 3
A28: 1 | B28: 3
A29: 3 | B29: 4 | D29: Valor de t | E29: =(E2-E8)/SQRT(((E5^2)/E6)+((E11^2)/E12)) -> -6.2949996
A30: 3 | B30: 5
A31: 1 | B31: 2 | D31: df grados de libertad
A32: 5 | B32: 5
A33: 4 | B33: 5
A34: 5 | B34: 5
A35: 3 | B35: 2
A36: 1 | B36: 4
A37: 2 | B37: 5
A38: 4 | B38: 5
A39: 4 | B39: 5
A40: 4 | B40: 4
A41: 1 | B41: 5 | D41: parte 1 | E41: =(((E5^2)/E6)+((E11^2)/E12))^2 -> 0.0005616188
A42: 5 | B42: 2 | D42: parte 2 | E42: =(((E5^2)/E6)^2)/(E6-1) -> 2.1094826e-06
A43: 1 | B43: 5 | D43: parte 3 | E43: =(((E11^2)/E12)^2)/(E12-1) -> 9.3375889e-07
A44: 3 | B44: 5
A45: 1 | B45: 3 | D45: df grados de libertad | E45: =E41/(E42+E43) -> 184.54625 | F45: Buscar Tabla
A46: 4 | B46: 3
A47: 3 | B47: 2 | D47: Nivel de significancia (α) (para dos colas) | E47: 0.05 | F47: Buscar Tabla
A48: 5 | B48: 5
A49: 4 | B49: 5
A50: 1 | B50: 3
A51: 3 | B51: 5
A52: 3 | B52: 4 | D52: valor crítico t (Excel) 2 colas | E52: =_xlfn.T.INV.2T(E47,E45) -> 1.9729405
A53: 3 | B53: 4 | D53: valor crítico t (Excel) 1 cola | E53: =_xlfn.T.INV(E47, E45) -> -1.6531771
A54: 4 | B54: 4
A55: 2 | B55: 4 | D55: P valor, Calculado (Excel) 2 colas | E55: =TTEST(A:A,B:B,2,2) -> 2.0418739e-09
A56: 2 | B56: 4 | D56: P valor, Calculado (Excel) 1 cola | E56: =TTEST(A:A,B:B,1,2) -> 1.0209369e-09
A57: 4 | B57: 3
A58: 3 | B58: 5
A59: 2 | B59: 5 | D59: Hipotesis
A60: 4 | B60: 3
A61: 2 | B61: 5 | D61: hipotesis nula Ho = No hay diferencias significativa
A62: 3 | B62: 5 | D62: hipotesis alternativa H1 = Si hay diferencia significativa
A63: 1 | B63: 4
A64: 3 | B64: 5
A65: 3 | B65: 4
A66: 3 | B66: 5 | D66: Si t calculado > t critico (Tabla)
A67: 3 | B67: 5 | D67: ="Dos Colas: Si t calculado ("&E29&") > a t critico ("&E52&") (de tabla) ---> Se rechaza la hipotesis nula" -> Dos Colas: Si t calculado (-6.29499963951967) > a t critico (1.97294054238936) (de tabla) ---> Se rechaza la hipotesis nula
A68: 2 | B68: 5 | D68: ="Una Cola: Si t calculado ("&E29&") > a t critico ("&E53&") (de tabla) ---> Se rechaza la hipotesis nula" -> Una Cola: Si t calculado (-6.29499963951967) > a t critico (-1.65317708753105) (de tabla) ---> Se rechaza la hipotesis nula
A69: 3 | B69: 5
A70: 2 | B70: 3
A71: 5 | B71: 5
A72: 4 | B72: 5 | D72: Si p valor < Nivel Significancia
A73: 3 | B73: 4 | D73: ="Dos Colas: Si p valor ("&E55&") < Nivel Significancia (0.05) ---> Se rechaza la hipotesis nula" -> Dos Colas: Si p valor (2.04187389261692E-09) < Nivel Significancia (0.05) ---> Se rechaza la hipotesis nula
A74: 4 | B74: 4 | D74: ="Una Cola: Si p valor ("&E56&") < Nivel Significancia (0.05) ---> Se rechaza la hipotesis nula" -> Una Cola: Si p valor (1.02093694630846E-09) < Nivel Significancia (0.05) ---> Se rechaza la hipotesis nula
A75: 3 | B75: 5
A76: 3 | B76: 4
A77: 3 | B77: 4
A78: 2 | B78: 5
A79: 3 | B79: 4
A80: 3 | B80: 4
A81: 1 | B81: 4
A82: 2 | B82: 2
A83: 5 | B83: 3
A84: 5 | B84: 3
A85: 3 | B85: 5
A86: 4 | B86: 4
... A98: 2 | B98: 5

Sheet Contribución-grupo
A1: (Sin Aprendizaje Colaborativo) Grupo control - Post-test Contribución-grupo | B1: (Con Aprendizaje Colaborativo) Grupo Experimental - Post-test Contribución-grupo
A2: 3 | B2: 5 | D2: Media (X1) Grupo Control | E2: =AVERAGE(A:A) -> 3.1958763
A3: 3 | B3: 5 | D3: Mediana (Me1) | E3: =MEDIAN(A:A) -> 3
A4: 4 | B4: 5 | D4: Moda (Mo1) | E4: =MODE(A:A) -> 3
A5: 3 | B5: 4 | D5: Desviacion Tipica o Estandar (S1) | E5: =STDEV(A:A) -> 1.066919
A6: 4 | B6: 5 | D6: n1 | E6: =COUNT(A:A) -> 97
A7: 3 | B7: 4
A8: 4 | B8: 5 | D8: Media (X2) Grupo Experimental | E8: =AVERAGE(B:B) -> 4.2268041
A9: 2 | B9: 5 | D9: Mediana (Me2) | E9: =MEDIAN(B:B) -> 4
A10: 3 | B10: 5 | D10: Moda (Mo2) | E10: =MODE(B:B) -> 5
A11: 3 | B11: 5 | D11: Desviacion Tipica o Estandar (S2) | E11: =STDEV(B:B) -> 0.91861711
A12: 5 | B12: 3 | D12: n2 | E12: =COUNT(B:B) -> 97
A13: 4 | B13: 5
A14: 5 | B14: 3
A15: 5 | B15: 2
A16: 4 | B16: 4
A17: 5 | B17: 5 | D17: t de student
A18: 3 | B18: 5
A19: 2 | B19: 5
A20: 3 | B20: 5
A21: 1 | B21: 5
A22: 4 | B22: 3
A23: 3 | B23: 5
A24: 4 | B24: 5
A25: 1 | B25: 5
A26: 3 | B26: 5
A27: 2 | B27: 4
A28: 3 | B28: 3
A29: 5 | B29: 4 | D29: Valor de t | E29: =(E2-E8)/SQRT(((E5^2)/E6)+((E11^2)/E12)) -> -7.2117937
A30: 4 | B30: 5
A31: 3 | B31: 5 | D31: df grados de libertad
A32: 2 | B32: 5
A33: 3 | B33: 5
A34: 2 | B34: 4
A35: 5 | B35: 5
A36: 3 | B36: 3
A37: 3 | B37: 4
A38: 3 | B38: 5
A39: 2 | B39: 5
A40: 4 | B40: 5
A41: 2 | B41: 3 | D41: parte 1 | E41: =(((E5^2)/E6)+((E11^2)/E12))^2 -> 0.00041758018
A42: 3 | B42: 5 | D42: parte 2 | E42: =(((E5^2)/E6)^2)/(E6-1) -> 1.4345348e-06
A43: 4 | B43: 4 | D43: parte 3 | E43: =(((E11^2)/E12)^2)/(E12-1) -> 7.8835788e-07
A44: 4 | B44: 5
A45: 4 | B45: 5 | D45: df grados de libertad | E45: =E41/(E42+E43) -> 187.8544 | F45: Buscar Tabla
A46: 5 | B46: 1
A47: 3 | B47: 5 | D47: Nivel de significancia (α) (para dos colas) | E47: 0.05 | F47: Buscar Tabla
A48: 2 | B48: 5
A49: 4 | B49: 4
A50: 2 | B50: 2
A51: 3 | B51: 3
A52: 3 | B52: 4 | D52: valor crítico t (Excel) 2 colas | E52: =_xlfn.T.INV.2T(E47,E45) -> 1.972731
A53: 3 | B53: 5 | D53: valor crítico t (Excel) 1 cola | E53: =_xlfn.T.INV(E47, E45) -> -1.6530429
A54: 4 | B54: 4
A55: 3 | B55: 5 | D55: P valor, Calculado (Excel) 2 colas | E55: =TTEST(A:A,B:B,2,2) -> 1.2395623e-11
A56: 3 | B56: 3 | D56: P valor, Calculado (Excel) 1 cola | E56: =TTEST(A:A,B:B,1,2) -> 6.1978117e-12
A57: 3 | B57: 4
A58: 2 | B58: 5
A59: 5 | B59: 4 | D59: Hipotesis
A60: 4 | B60: 5
A61: 2 | B61: 4 | D61: hipotesis nula Ho = No hay diferencias significativa
A62: 3 | B62: 4 | D62: hipotesis alternativa H1 = Si hay diferencia significativa
A63: 3 | B63: 4
A64: 2 | B64: 4
A65: 5 | B65: 5
A66: 1 | B66: 4 | D66: Si t calculado > t critico (Tabla)
A67: 3 | B67: 4 | D67: ="Dos Colas: Si t calculado ("&E29&") > a t critico ("&E52&") (de tabla) ---> Se rechaza la hipotesis nula" -> Dos Colas: Si t calculado (-7.21179371427876) > a t critico (1.97273103340891) (de tabla) ---> Se rechaza la hipotesis nula
A68: 1 | B68: 5 | D68: ="Una Cola: Si t calculado ("&E29&") > a t critico ("&E53&") (de tabla) ---> Se rechaza la hipotesis nula" -> Una Cola: Si t calculado (-7.21179371427876) > a t critico (-1.65304288894663) (de tabla) ---> Se rechaza la hipotesis nula
A69: 2 | B69: 4
A70: 4 | B70: 3
A71: 3 | B71: 3
A72: 4 | B72: 4 | D72: Si p valor < Nivel Significancia
A73: 2 | B73: 5 | D73: ="Dos Colas: Si p valor ("&E55&") < Nivel Significancia (0.05) ---> Se rechaza la hipotesis nula" -> Dos Colas: Si p valor (1.23956234396321E-11) < Nivel Significancia (0.05) ---> Se rechaza la hipotesis nula
A74: 3 | B74: 4 | D74: ="Una Cola: Si p valor ("&E56&") < Nivel Significancia (0.05) ---> Se rechaza la hipotesis nula" -> Una Cola: Si p valor (6.19781171981604E-12) < Nivel Significancia (0.05) ---> Se rechaza la hipotesis nula
A75: 2 | B75: 4
A76: 2 | B76: 5
A77: 4 | B77: 5
A78: 3 | B78: 3
A79: 2 | B79: 3
A80: 3 | B80: 4
A81: 3 | B81: 2
A82: 5 | B82: 3
A83: 3 | B83: 5
A84: 5 | B84: 3
A85: 4 | B85: 4
A86: 2 | B86: 5
... A98: 4 | B98: 4

Sheet Resolución-problemas
A1: (Sin Aprendizaje Colaborativo) Grupo Control - Post-test Resolución-problemas | B1: (Con Aprendizaje Colaborativo) Grupo Experimental - Post-test Resolución-problemas
A2: 4 | B2: 2 | D2: Media (X1) Grupo Control | E2: =AVERAGE(A:A) -> 3.2886598
A3: 3 | B3: 3 | D3: Mediana (Me1) | E3: =MEDIAN(A:A) -> 3
A4: 1 | B4: 4 | D4: Moda (Mo1) | E4: =MODE(A:A) -> 3
A5: 3 | B5: 1 | D5: Desviacion Tipica o Estandar (S1) | E5: =STDEV(A:A) -> 1.1452689
A6: 3 | B6: 4 | D6: n1 | E6: =COUNT(A:A) -> 97
A7: 5 | B7: 4
A8: 3 | B8: 4 | D8: Media (X2) Grupo Experimental | E8: =AVERAGE(B:B) -> 3.9793814
A9: 3 | B9: 4 | D9: Mediana (Me2) | E9: =MEDIAN(B:B) -> 4
A10: 4 | B10: 5 | D10: Moda (Mo2) | E10: =MODE(B:B) -> 4
A11: 4 | B11: 4 | D11: Desviacion Tipica o Estandar (S2) | E11: =STDEV(B:B) -> 0.9997852
A12: 3 | B12: 5 | D12: n2 | E12: =COUNT(B:B) -> 97
A13: 3 | B13: 3
A14: 4 | B14: 5
A15: 4 | B15: 3
A16: 3 | B16: 4
A17: 2 | B17: 1 | D17: t de student
A18: 5 | B18: 4
A19: 2 | B19: 3
A20: 4 | B20: 4
A21: 3 | B21: 5
A22: 4 | B22: 5
A23: 3 | B23: 5
A24: 3 | B24: 4
A25: 4 | B25: 4
A26: 2 | B26: 3
A27: 5 | B27: 4
A28: 2 | B28: 3
A29: 1 | B29: 4 | D29: Valor de t | E29: =(E2-E8)/SQRT(((E5^2)/E6)+((E11^2)/E12)) -> -4.4747534
A30: 4 | B30: 5
A31: 3 | B31: 4 | D31: df grados de libertad
A32: 3 | B32: 4
A33: 1 | B33: 3
A34: 3 | B34: 4
A35: 3 | B35: 5
A36: 5 | B36: 4
A37: 1 | B37: 3
A38: 4 | B38: 5
A39: 4 | B39: 5
A40: 3 | B40: 5
A41: 2 | B41: 5 | D41: parte 1 | E41: =(((E5^2)/E6)+((E11^2)/E12))^2 -> 0.00056772217
A42: 5 | B42: 3 | D42: parte 2 | E42: =(((E5^2)/E6)^2)/(E6-1) -> 1.9046501e-06
A43: 3 | B43: 4 | D43: parte 3 | E43: =(((E11^2)/E12)^2)/(E12-1) -> 1.1061451e-06
A44: 3 | B44: 4
A45: 4 | B45: 2 | D45: df grados de libertad | E45: =E41/(E42+E43) -> 188.5622 | F45: Buscar Tabla
A46: 3 | B46: 5
A47: 3 | B47: 5 | D47: Nivel de significancia (α) (para dos colas) | E47: 0.05 | F47: Buscar Tabla
A48: 3 | B48: 5
A49: 4 | B49: 5
A50: 4 | B50: 2
A51: 5 | B51: 5
A52: 4 | B52: 5 | D52: valor crítico t (Excel) 2 colas | E52: =_xlfn.T.INV.2T(E47,E45) -> 1.9726627
A53: 2 | B53: 5 | D53: valor crítico t (Excel) 1 cola | E53: =_xlfn.T.INV(E47, E45) -> -1.6529991
A54: 3 | B54: 3
A55: 4 | B55: 3 | D55: P valor, Calculado (Excel) 2 colas | E55: =TTEST(A:A,B:B,2,2) -> 1.3088744e-05
A56: 3 | B56: 5 | D56: P valor, Calculado (Excel) 1 cola | E56: =TTEST(A:A,B:B,1,2) -> 6.5443722e-06
A57: 4 | B57: 4
A58: 4 | B58: 4
A59: 4 | B59: 5 | D59: Hipotesis
A60: 2 | B60: 4
A61: 3 | B61: 5 | D61: hipotesis nula Ho = No hay diferencias significativa
A62: 4 | B62: 4 | D62: hipotesis alternativa H1 = Si hay diferencia significativa
A63: 5 | B63: 5
A64: 3 | B64: 4
A65: 2 | B65: 4
A66: 5 | B66: 5 | D66: Si t calculado > t critico (Tabla)
A67: 2 | B67: 4 | D67: ="Dos Colas: Si t calculado ("&E29&") > a t critico ("&E52&") (de tabla) ---> Se rechaza la hipotesis nula" -> Dos Colas: Si t calculado (-4.4747533896255) > a t critico (1.97266269238131) (de tabla) ---> Se rechaza la hipotesis nula
A68: 4 | B68: 5 | D68: ="Una Cola: Si t calculado ("&E29&") > a t critico ("&E53&") (de tabla) ---> Se rechaza la hipotesis nula" -> Una Cola: Si t calculado (-4.4747533896255) > a t critico (-1.65299911257174) (de tabla) ---> Se rechaza la hipotesis nula
A69: 4 | B69: 5
A70: 1 | B70: 5
A71: 4 | B71: 4
A72: 5 | B72: 2 | D72: Si p valor < Nivel Significancia
A73: 1 | B73: 4 | D73: ="Dos Colas: Si p valor ("&E55&") < Nivel Significancia (0.05) ---> Se rechaza la hipotesis nula" -> Dos Colas: Si p valor (1.30887443013574E-05) < Nivel Significancia (0.05) ---> Se rechaza la hipotesis nula
A74: 3 | B74: 3 | D74: ="Una Cola: Si p valor ("&E56&") < Nivel Significancia (0.05) ---> Se rechaza la hipotesis nula" -> Una Cola: Si p valor (6.54437215067872E-06) < Nivel Significancia (0.05) ---> Se rechaza la hipotesis nula
A75: 3 | B75: 4
A76: 4 | B76: 3
A77: 2 | B77: 3
A78: 3 | B78: 4
A79: 3 | B79: 2
A80: 4 | B80: 4
A81: 1 | B81: 5
A82: 2 | B82: 4
A83: 3 | B83: 2
A84: 2 | B84: 4
A85: 4 | B85: 5
A86: 3 | B86: 5
... A98: 4 | B98: 4

Sheet Conocimientos-adquiridos
A1: (Sin Aprendizaje Colaborativo) Grupo Control - Post-test Conocimientos-adquiridos | B1: (Con Aprendizaje Colaborativo) Grupo Experimental - Post-test Conocimientos-adquiridos
A2: 3 | B2: 4 | D2: Media (X1) Grupo Control | E2: =AVERAGE(A:A) -> 3.1340206
A3: 4 | B3: 5 | D3: Mediana (Me1) | E3: =MEDIAN(A:A) -> 3
A4: 2 | B4: 5 | D4: Moda (Mo1) | E4: =MODE(A:A) -> 3
A5: 2 | B5: 5 | D5: Desviacion Tipica o Estandar (S1) | E5: =STDEV(A:A) -> 1.2300819
A6: 2 | B6: 3 | D6: n1 | E6: =COUNT(A:A) -> 97
A7: 3 | B7: 3
A8: 3 | B8: 4 | D8: Media (X2) Grupo Experimental | E8: =AVERAGE(B:B) -> 4.2061856
A9: 4 | B9: 5 | D9: Mediana (Me2) | E9: =MEDIAN(B:B) -> 4
A10: 2 | B10: 5 | D10: Moda (Mo2) | E10: =MODE(B:B) -> 5
A11: 2 | B11: 4 | D11: Desviacion Tipica o Estandar (S2) | E11: =STDEV(B:B) -> 0.90067272
A12: 5 | B12: 5 | D12: n2 | E12: =COUNT(B:B) -> 97
A13: 5 | B13: 5
A14: 1 | B14: 4
A15: 5 | B15: 5
A16: 3 | B16: 5
A17: 5 | B17: 4 | D17: t de student
A18: 1 | B18: 5
A19: 2 | B19: 4
A20: 3 | B20: 3
A21: 3 | B21: 4
A22: 4 | B22: 4
A23: 4 | B23: 3
A24: 4 | B24: 4
A25: 2 | B25: 5
A26: 3 | B26: 4
A27: 3 | B27: 4
A28: 1 | B28: 5
A29: 3 | B29: 5 | D29: Valor de t | E29: =(E2-E8)/SQRT(((E5^2)/E6)+((E11^2)/E12)) -> -6.9262824
A30: 5 | B30: 4
A31: 1 | B31: 5 | D31: df grados de libertad
A32: 5 | B32: 4
A33: 3 | B33: 4
A34: 4 | B34: 3
A35: 5 | B35: 5
A36: 4 | B36: 5
A37: 2 | B37: 4
A38: 3 | B38: 4
A39: 2 | B39: 2
A40: 4 | B40: 4
A41: 5 | B41: 5 | D41: parte 1 | E41: =(((E5^2)/E6)+((E11^2)/E12))^2 -> 0.00057417681
A42: 5 | B42: 3 | D42: parte 2 | E42: =(((E5^2)/E6)^2)/(E6-1) -> 2.5346696e-06
A43: 2 | B43: 4 | D43: parte 3 | E43: =(((E11^2)/E12)^2)/(E12-1) -> 7.2853987e-07
A44: 3 | B44: 5
A45: 2 | B45: 3 | D45: df grados de libertad | E45: =E41/(E42+E43) -> 175.95463 | F45: Buscar Tabla
A46: 5 | B46: 4
A47: 3 | B47: 5 | D47: Nivel de significancia (α) (para dos colas) | E47: 0.05 | F47: Buscar Tabla
A48: 2 | B48: 5
A49: 5 | B49: 4
A50: 4 | B50: 5
A51: 4 | B51: 5
A52: 2 | B52: 4 | D52: valor crítico t (Excel) 2 colas | E52: =_xlfn.T.INV.2T(E47,E45) -> 1.9736125
A53: 3 | B53: 4 | D53: valor crítico t (Excel) 1 cola | E53: =_xlfn.T.INV(E47, E45) -> -1.6536074
A54: 2 | B54: 4
A55: 4 | B55: 2 | D55: P valor, Calculado (Excel) 2 colas | E55: =TTEST(A:A,B:B,2,2) -> 6.3390533e-11
A56: 4 | B56: 5 | D56: P valor, Calculado (Excel) 1 cola | E56: =TTEST(A:A,B:B,1,2) -> 3.1695267e-11
A57: 1 | B57: 5
A58: 5 | B58: 5
A59: 3 | B59: 5 | D59: Hipotesis
A60: 1 | B60: 4
A61: 2 | B61: 4 | D61: hipotesis nula Ho = No hay diferencias significativa
A62: 2 | B62: 5 | D62: hipotesis alternativa H1 = Si hay diferencia significativa
A63: 4 | B63: 5
A64: 3 | B64: 4
A65: 4 | B65: 3
A66: 2 | B66: 5 | D66: Si t calculado > t critico (Tabla)
A67: 1 | B67: 3 | D67: ="Dos Colas: Si t calculado ("&E29&") > a t critico ("&E52&") (de tabla) ---> Se rechaza la hipotesis nula" -> Dos Colas: Si t calculado (-6.92628237540833) > a t critico (1.97361246195438) (de tabla) ---> Se rechaza la hipotesis nula
A68: 1 | B68: 5 | D68: ="Una Cola: Si t calculado ("&E29&") > a t critico ("&E53&") (de tabla) ---> Se rechaza la hipotesis nula" -> Una Cola: Si t calculado (-6.92628237540833) > a t critico (-1.65360743707926) (de tabla) ---> Se rechaza la hipotesis nula
A69: 5 | B69: 2
A70: 4 | B70: 5
A71: 4 | B71: 4
A72: 5 | B72: 3 | D72: Si p valor < Nivel Significancia
A73: 4 | B73: 4 | D73: ="Dos Colas: Si p valor ("&E55&") < Nivel Significancia (0.05) ---> Se rechaza la hipotesis nula" -> Dos Colas: Si p valor (6.33905333459293E-11) < Nivel Significancia (0.05) ---> Se rechaza la hipotesis nula
A74: 4 | B74: 4 | D74: ="Una Cola: Si p valor ("&E56&") < Nivel Significancia (0.05) ---> Se rechaza la hipotesis nula" -> Una Cola: Si p valor (3.16952666729646E-11) < Nivel Significancia (0.05) ---> Se rechaza la hipotesis nula
A75: 3 | B75: 4
A76: 1 | B76: 2
A77: 3 | B77: 4
A78: 2 | B78: 5
A79: 2 | B79: 4
A80: 4 | B80: 4
A81: 4 | B81: 5
A82: 3 | B82: 4
A83: 2 | B83: 1
A84: 4 | B84: 5
A85: 3 | B85: 4
A86: 3 | B86: 5
... A98: 3 | B98: 4

Sheet Nota-final
A1: (Sin Aprendizaje Colaborativo) Grupo Control - Post-test Nota-final | B1: (Con Aprendizaje Colaborativo) Grupo Experimental - Post-test Nota-final
A2: 3 | B2: 4 | D2: Media (X1) Grupo Control | E2: =AVERAGE(A:A) -> 2.7731959
A3: 2 | B3: 3 | D3: Mediana (Me1) | E3: =MEDIAN(A:A) -> 3
A4: 1 | B4: 5 | D4: Moda (Mo1) | E4: =MODE(A:A) -> 3
A5: 2 | B5: 3 | D5: Desviacion Tipica o Estandar (S1) | E5: =STDEV(A:A) -> 1.1681998
A6: 5 | B6: 5 | D6: n1 | E6: =COUNT(A:A) -> 97
A7: 2 | B7: 4
A8: 4 | B8: 2 | D8: Media (X2) Grupo Experimental | E8: =AVERAGE(B:B) -> 4.1546392
A9: 4 | B9: 4 | D9: Mediana (Me2) | E9: =MEDIAN(B:B) -> 4
A10: 2 | B10: 5 | D10: Moda (Mo2) | E10: =MODE(B:B) -> 5
A11: 2 | B11: 3 | D11: Desviacion Tipica o Estandar (S2) | E11: =STDEV(B:B) -> 0.91674476
A12: 3 | B12: 4 | D12: n2 | E12: =COUNT(B:B) -> 97
A13: 5 | B13: 5
A14: 3 | B14: 5
A15: 1 | B15: 5
A16: 1 | B16: 2
A17: 3 | B17: 5 | D17: t de student
A18: 3 | B18: 4
A19: 2 | B19: 5
A20: 4 | B20: 5
A21: 2 | B21: 4
A22: 3 | B22: 4
A23: 1 | B23: 5
A24: 4 | B24: 5
A25: 3 | B25: 5
A26: 3 | B26: 4
A27: 3 | B27: 5
A28: 1 | B28: 4
A29: 2 | B29: 3 | D29: Valor de t | E29: =(E2-E8)/SQRT(((E5^2)/E6)+((E11^2)/E12)) -> -9.1622816
A30: 3 | B30: 5
A31: 1 | B31: 4 | D31: df grados de libertad
A32: 1 | B32: 4
A33: 3 | B33: 3
A34: 5 | B34: 5
A35: 5 | B35: 5
A36: 1 | B36: 5
A37: 3 | B37: 4
A38: 2 | B38: 4
A39: 2 | B39: 5
A40: 1 | B40: 4
A41: 1 | B41: 5 | D41: parte 1 | E41: =(((E5^2)/E6)+((E11^2)/E12))^2 -> 0.0005167943
A42: 3 | B42: 4 | D42: parte 2 | E42: =(((E5^2)/E6)^2)/(E6-1) -> 2.0618344e-06
A43: 1 | B43: 5 | D43: parte 3 | E43: =(((E11^2)/E12)^2)/(E12-1) -> 7.8195012e-07
A44: 3 | B44: 5
A45: 4 | B45: 5 | D45: df grados de libertad | E45: =E41/(E42+E43) -> 181.72766 | F45: Buscar Tabla
A46: 2 | B46: 4
A47: 3 | B47: 5 | D47: Nivel de significancia (α) (para dos colas) | E47: 0.05 | F47: Buscar Tabla
A48: 3 | B48: 4
A49: 2 | B49: 4
A50: 5 | B50: 3
A51: 3 | B51: 5
A52: 4 | B52: 3 | D52: valor crítico t (Excel) 2 colas | E52: =_xlfn.T.INV.2T(E47,E45) -> 1.973157
A53: 3 | B53: 2 | D53: valor crítico t (Excel) 1 cola | E53: =_xlfn.T.INV(E47, E45) -> -1.6533158
A54: 3 | B54: 3
A55: 2 | B55: 5 | D55: P valor, Calculado (Excel) 2 colas | E55: =TTEST(A:A,B:B,2,2) -> 7.7758254e-17
A56: 1 | B56: 2 | D56: P valor, Calculado (Excel) 1 cola | E56: =TTEST(A:A,B:B,1,2) -> 3.8879127e-17
A57: 3 | B57: 5
A58: 3 | B58: 3
A59: 2 | B59: 4 | D59: Hipotesis
A60: 3 | B60: 5
A61: 4 | B61: 4 | D61: hipotesis nula Ho = No hay diferencias significativa
A62: 2 | B62: 4 | D62: hipotesis alternativa H1 = Si hay diferencia significativa
A63: 4 | B63: 5
A64: 1 | B64: 5
A65: 2 | B65: 5
A66: 4 | B66: 4 | D66: Si t calculado > t critico (Tabla)
A67: 4 | B67: 4 | D67: ="Dos Colas: Si t calculado ("&E29&") > a t critico ("&E52&") (de tabla) ---> Se rechaza la hipotesis nula" -> Dos Colas: Si t calculado (-9.16228161022434) > a t critico (1.97315704215916) (de tabla) ---> Se rechaza la hipotesis nula
A68: 3 | B68: 5 | D68: ="Una Cola: Si t calculado ("&E29&") > a t critico ("&E53&") (de tabla) ---> Se rechaza la hipotesis nula" -> Una Cola: Si t calculado (-9.16228161022434) > a t critico (-1.65331575762263) (de tabla) ---> Se rechaza la hipotesis nula
A69: 1 | B69: 3
A70: 3 | B70: 4
A71: 5 | B71: 5
A72: 3 | B72: 4 | D72: Si p valor < Nivel Significancia
A73: 3 | B73: 4 | D73: ="Dos Colas: Si p valor ("&E55&") < Nivel Significancia (0.05) ---> Se rechaza la hipotesis nula" -> Dos Colas: Si p valor (7.77582540637642E-17) < Nivel Significancia (0.05) ---> Se rechaza la hipotesis nula
A74: 4 | B74: 4 | D74: ="Una Cola: Si p valor ("&E56&") < Nivel Significancia (0.05) ---> Se rechaza la hipotesis nula" -> Una Cola: Si p valor (3.88791270318821E-17) < Nivel Significancia (0.05) ---> Se rechaza la hipotesis nula
A75: 3 | B75: 5
A76: 3 | B76: 2
A77: 3 | B77: 4
A78: 3 | B78: 4
A79: 1 | B79: 5
A80: 3 | B80: 4
A81: 4 | B81: 3
A82: 4 | B82: 4
A83: 3 | B83: 5
A84: 3 | B84: 5
A85: 1 | B85: 2
A86: 5 | B86: 4
... A98: 3 | B98: 3

Sheet Comprensión
A1: (Sin Aprendizaje Colaborativo) Grupo Control - Post-test Comprensión | B1: (Con Aprendizaje Colaborativo) Grupo Experimental - Post-test Comprensión
A2: 3 | B2: 4 | D2: Media (X1) Grupo Control | E2: =AVERAGE(A:A) -> 3.0618557
A3: 5 | B3: 5 | D3: Mediana (Me1) | E3: =MEDIAN(A:A) -> 3
A4: 2 | B4: 4 | D4: Moda (Mo1) | E4: =MODE(A:A) -> 3
A5: 3 | B5: 5 | D5: Desviacion Tipica o Estandar (S1) | E5: =STDEV(A:A) -> 1.2146196
A6: 3 | B6: 4 | D6: n1 | E6: =COUNT(A:A) -> 97
A7: 3 | B7: 5
A8: 2 | B8: 3 | D8: Media (X2) Grupo Experimental | E8: =AVERAGE(B:B) -> 4.1237113
A9: 1 | B9: 5 | D9: Mediana (Me2) | E9: =MEDIAN(B:B) -> 4
A10: 3 | B10: 3 | D10: Moda (Mo2) | E10: =MODE(B:B) -> 5
A11: 3 | B11: 5 | D11: Desviacion Tipica o Estandar (S2) | E11: =STDEV(B:B) -> 0.93828003
A12: 3 | B12: 5 | D12: n2 | E12: =COUNT(B:B) -> 97
A13: 2 | B13: 4
A14: 2 | B14: 4
A15: 5 | B15: 4
A16: 4 | B16: 5
A17: 3 | B17: 4 | D17: t de student
A18: 3 | B18: 2
A19: 5 | B19: 5
A20: 4 | B20: 3
A21: 3 | B21: 4
A22: 1 | B22: 4
A23: 2 | B23: 3
A24: 5 | B24: 5
A25: 3 | B25: 5
A26: 3 | B26: 5
A27: 3 | B27: 5
A28: 1 | B28: 5
A29: 3 | B29: 3 | D29: Valor de t | E29: =(E2-E8)/SQRT(((E5^2)/E6)+((E11^2)/E12)) -> -6.8138744
A30: 2 | B30: 4
A31: 2 | B31: 5 | D31: df grados de libertad
A32: 5 | B32: 4
A33: 4 | B33: 4
A34: 4 | B34: 5
A35: 5 | B35: 5
A36: 3 | B36: 5
A37: 5 | B37: 4
A38: 1 | B38: 5
A39: 4 | B39: 1
A40: 1 | B40: 5
A41: 2 | B41: 5 | D41: parte 1 | E41: =(((E5^2)/E6)+((E11^2)/E12))^2 -> 0.00058977379
A42: 5 | B42: 3 | D42: parte 2 | E42: =(((E5^2)/E6)^2)/(E6-1) -> 2.409608e-06
A43: 3 | B43: 3 | D43: parte 3 | E43: =(((E11^2)/E12)^2)/(E12-1) -> 8.5805513e-07
A44: 2 | B44: 4
A45: 5 | B45: 5 | D45: df grados de libertad | E45: =E41/(E42+E43) -> 180.48795 | F45: Buscar Tabla
A46: 4 | B46: 5
A47: 4 | B47: 3 | D47: Nivel de significancia (α) (para dos colas) | E47: 0.05 | F47: Buscar Tabla
A48: 2 | B48: 5
A49: 3 | B49: 4
A50: 2 | B50: 5
A51: 3 | B51: 4
A52: 3 | B52: 4 | D52: valor crítico t (Excel) 2 colas | E52: =_xlfn.T.INV.2T(E47,E45) -> 1.9732308
A53: 1 | B53: 4 | D53: valor crítico t (Excel) 1 cola | E53: =_xlfn.T.INV(E47, E45) -> -1.653363
A54: 5 | B54: 4
A55: 3 | B55: 5 | D55: P valor, Calculado (Excel) 2 colas | E55: =TTEST(A:A,B:B,2,2) -> 1.1930592e-10
A56: 2 | B56: 5 | D56: P valor, Calculado (Excel) 1 cola | E56: =TTEST(A:A,B:B,1,2) -> 5.9652961e-11
A57: 3 | B57: 5
A58: 2 | B58: 4
A59: 1 | B59: 5 | D59: Hipotesis
A60: 5 | B60: 5
A61: 4 | B61: 4 | D61: hipotesis nula Ho = No hay diferencias significativa
A62: 2 | B62: 4 | D62: hipotesis alternativa H1 = Si hay diferencia significativa
A63: 2 | B63: 3
A64: 2 | B64: 5
A65: 2 | B65: 4
A66: 3 | B66: 4 | D66: Si t calculado > t critico (Tabla)
A67: 2 | B67: 5 | D67: ="Dos Colas: Si t calculado ("&E29&") > a t critico ("&E52&") (de tabla) ---> Se rechaza la hipotesis nula" -> Dos Colas: Si t calculado (-6.81387437705291) > a t critico (1.97323082307155) (de tabla) ---> Se rechaza la hipotesis nula
A68: 5 | B68: 5 | D68: ="Una Cola: Si t calculado ("&E29&") > a t critico ("&E53&") (de tabla) ---> Se rechaza la hipotesis nula" -> Una Cola: Si t calculado (-6.81387437705291) > a t critico (-1.65336301349746) (de tabla) ---> Se rechaza la hipotesis nula
A69: 3 | B69: 4
A70: 2 | B70: 5
A71: 3 | B71: 4
A72: 1 | B72: 3 | D72: Si p valor < Nivel Significancia
A73: 3 | B73: 1 | D73: ="Dos Colas: Si p valor ("&E55&") < Nivel Significancia (0.05) ---> Se rechaza la hipotesis nula" -> Dos Colas: Si p valor (1.19305921348024E-10) < Nivel Significancia (0.05) ---> Se rechaza la hipotesis nula
A74: 2 | B74: 3 | D74: ="Una Cola: Si p valor ("&E56&") < Nivel Significancia (0.05) ---> Se rechaza la hipotesis nula" -> Una Cola: Si p valor (5.96529606740118E-11) < Nivel Significancia (0.05) ---> Se rechaza la hipotesis nula
A75: 3 | B75: 4
A76: 5 | B76: 4
A77: 3 | B77: 4
A78: 3 | B78: 4
A79: 3 | B79: 3
A80: 3 | B80: 5
A81: 4 | B81: 4
A82: 3 | B82: 5
A83: 5 | B83: 4
A84: 2 | B84: 5
A85: 3 | B85: 4
A86: 3 | B86: 4
... A98: 5 | B98: 4

Sheet Habilidades
A1: (Sin Aprendizaje Colaborativo) Grupo Control - Post-test Habilidades | B1: (Con Aprendizaje Colaborativo) Grupo Experimental - Post-test Habilidades
A2: 4 | B2: 4 | D2: Media (X1) Grupo Control | E2: =AVERAGE(A:A) -> 3.0927835
A3: 4 | B3: 3 | D3: Mediana (Me1) | E3: =MEDIAN(A:A) -> 3
A4: 4 | B4: 3 | D4: Moda (Mo1) | E4: =MODE(A:A) -> 3
A5: 2 | B5: 5 | D5: Desviacion Tipica o Estandar (S1) | E5: =STDEV(A:A) -> 1.1733364
A6: 1 | B6: 3 | D6: n1 | E6: =COUNT(A:A) -> 97
A7: 5 | B7: 5
A8: 4 | B8: 3 | D8: Media (X2) Grupo Experimental | E8: =AVERAGE(B:B) -> 4.0721649
A9: 2 | B9: 4 | D9: Mediana (Me2) | E9: =MEDIAN(B:B) -> 4
A10: 1 | B10: 5 | D10: Moda (Mo2) | E10: =MODE(B:B) -> 5
A11: 4 | B11: 1 | D11: Desviacion Tipica o Estandar (S2) | E11: =STDEV(B:B) -> 1.0920873
A12: 2 | B12: 4 | D12: n2 | E12: =COUNT(B:B) -> 97
A13: 3 | B13: 4
A14: 5 | B14: 5
A15: 2 | B15: 5
A16: 3 | B16: 3
A17: 4 | B17: 4 | D17: t de student
A18: 4 | B18: 5
A19: 3 | B19: 5
A20: 3 | B20: 2
A21: 3 | B21: 4
A22: 2 | B22: 5
A23: 5 | B23: 3
A24: 3 | B24: 4
A25: 3 | B25: 5
A26: 4 | B26: 5
A27: 1 | B27: 4
A28: 5 | B28: 2
A29: 5 | B29: 4 | D29: Valor de t | E29: =(E2-E8)/SQRT(((E5^2)/E6)+((E11^2)/E12)) -> -6.0176119
A30: 1 | B30: 4
A31: 2 | B31: 5 | D31: df grados de libertad
A32: 3 | B32: 5
A33: 3 | B33: 4
A34: 2 | B34: 5
A35: 4 | B35: 5
A36: 4 | B36: 5
A37: 4 | B37: 4
A38: 4 | B38: 4
A39: 2 | B39: 5
A40: 5 | B40: 5
A41: 2 | B41: 5 | D41: parte 1 | E41: =(((E5^2)/E6)+((E11^2)/E12))^2 -> 0.00070163427
A42: 4 | B42: 5 | D42: parte 2 | E42: =(((E5^2)/E6)^2)/(E6-1) -> 2.0983378e-06
A43: 3 | B43: 5 | D43: parte 3 | E43: =(((E11^2)/E12)^2)/(E12-1) -> 1.5747612e-06
A44: 2 | B44: 3
A45: 1 | B45: 3 | D45: df grados de libertad | E45: =E41/(E42+E43) -> 191.0197 | F45: Buscar Tabla
A46: 4 | B46: 4
A47: 3 | B47: 4 | D47: Nivel de significancia (α) (para dos colas) | E47: 0.05 | F47: Buscar Tabla
A48: 3 | B48: 2
A49: 4 | B49: 4
A50: 2 | B50: 3
A51: 2 | B51: 5
A52: 4 | B52: 5 | D52: valor crítico t (Excel) 2 colas | E52: =_xlfn.T.INV.2T(E47,E45) -> 1.972462
A53: 4 | B53: 5 | D53: valor crítico t (Excel) 1 cola | E53: =_xlfn.T.INV(E47, E45) -> -1.6528705
A54: 1 | B54: 2
A55: 3 | B55: 5 | D55: P valor, Calculado (Excel) 2 colas | E55: =TTEST(A:A,B:B,2,2) -> 8.8064005e-09
A56: 2 | B56: 5 | D56: P valor, Calculado (Excel) 1 cola | E56: =TTEST(A:A,B:B,1,2) -> 4.4032003e-09
A57: 5 | B57: 5
A58: 2 | B58: 3
A59: 3 | B59: 3 | D59: Hipotesis
A60: 3 | B60: 5
A61: 4 | B61: 4 | D61: hipotesis nula Ho = No hay diferencias significativa
A62: 3 | B62: 5 | D62: hipotesis alternativa H1 = Si hay diferencia significativa
A63: 3 | B63: 5
A64: 2 | B64: 4
A65: 4 | B65: 5
A66: 2 | B66: 5 | D66: Si t calculado > t critico (Tabla)
A67: 3 | B67: 4 | D67: ="Dos Colas: Si t calculado ("&E29&") > a t critico ("&E52&") (de tabla) ---> Se rechaza la hipotesis nula" -> Dos Colas: Si t calculado (-6.01761186813363) > a t critico (1.97246198976721) (de tabla) ---> Se rechaza la hipotesis nula
A68: 2 | B68: 4 | D68: ="Una Cola: Si t calculado ("&E29&") > a t critico ("&E53&") (de tabla) ---> Se rechaza la hipotesis nula" -> Una Cola: Si t calculado (-6.01761186813363) > a t critico (-1.65287054723039) (de tabla) ---> Se rechaza la hipotesis nula
A69: 4 | B69: 5
A70: 4 | B70: 3
A71: 5 | B71: 2
A72: 2 | B72: 3 | D72: Si p valor < Nivel Significancia
A73: 4 | B73: 5 | D73: ="Dos Colas: Si p valor ("&E55&") < Nivel Significancia (0.05) ---> Se rechaza la hipotesis nula" -> Dos Colas: Si p valor (8.80640052685548E-09) < Nivel Significancia (0.05) ---> Se rechaza la hipotesis nula
A74: 3 | B74: 5 | D74: ="Una Cola: Si p valor ("&E56&") < Nivel Significancia (0.05) ---> Se rechaza la hipotesis nula" -> Una Cola: Si p valor (4.40320026342774E-09) < Nivel Significancia (0.05) ---> Se rechaza la hipotesis nula
A75: 5 | B75: 4
A76: 3 | B76: 5
A77: 4 | B77: 5
A78: 3 | B78: 4
A79: 5 | B79: 5
A80: 3 | B80: 5
A81: 1 | B81: 4
A82: 2 | B82: 1
A83: 2 | B83: 2
A84: 5 | B84: 5
A85: 3 | B85: 4
A86: 3 | B86: 4
... A98: 1 | B98: 5

Sheet Resolución-autónoma
A1: (Sin Aprendizaje Colaborativo) Grupo Control - Post-test Resolución-autónoma | B1: (Con Aprendizaje Colaborativo) Grupo Experimental - Post-test Resolución-autónoma
A2: 3 | B2: 5 | D2: Media (X1) Grupo Control | E2: =AVERAGE(A:A) -> 2.9587629
A3: 2 | B3: 5 | D3: Mediana (Me1) | E3: =MEDIAN(A:A) -> 3
A4: 5 | B4: 4 | D4: Moda (Mo1) | E4: =MODE(A:A) -> 3
A5: 5 | B5: 2 | D5: Desviacion Tipica o Estandar (S1) | E5: =STDEV(A:A) -> 1.0889361
A6: 4 | B6: 3 | D6: n1 | E6: =COUNT(A:A) -> 97
A7: 2 | B7: 5
A8: 4 | B8: 4 | D8: Media (X2) Grupo Experimental | E8: =AVERAGE(B:B) -> 4.2371134
A9: 3 | B9: 5 | D9: Mediana (Me2) | E9: =MEDIAN(B:B) -> 5
A10: 3 | B10: 4 | D10: Moda (Mo2) | E10: =MODE(B:B) -> 5
A11: 3 | B11: 5 | D11: Desviacion Tipica o Estandar (S2) | E11: =STDEV(B:B) -> 0.96580273
A12: 5 | B12: 5 | D12: n2 | E12: =COUNT(B:B) -> 97
A13: 5 | B13: 5
A14: 4 | B14: 1
A15: 3 | B15: 4
A16: 3 | B16: 4
A17: 3 | B17: 4 | D17: t de student
A18: 3 | B18: 4
A19: 4 | B19: 5
A20: 3 | B20: 5
A21: 4 | B21: 3
A22: 2 | B22: 4
A23: 5 | B23: 5
A24: 4 | B24: 5
A25: 2 | B25: 5
A26: 4 | B26: 5
A27: 3 | B27: 5
A28: 3 | B28: 4
A29: 3 | B29: 3 | D29: Valor de t | E29: =(E2-E8)/SQRT(((E5^2)/E6)+((E11^2)/E12)) -> -8.6499933
A30: 1 | B30: 5
A31: 3 | B31: 5 | D31: df grados de libertad
A32: 1 | B32: 5
A33: 3 | B33: 5
A34: 3 | B34: 4
A35: 3 | B35: 5
A36: 3 | B36: 5
A37: 4 | B37: 3
A38: 3 | B38: 3
A39: 2 | B39: 3
A40: 2 | B40: 3
A41: 3 | B41: 4 | D41: parte 1 | E41: =(((E5^2)/E6)+((E11^2)/E12))^2 -> 0.00047702014
A42: 5 | B42: 3 | D42: parte 2 | E42: =(((E5^2)/E6)^2)/(E6-1) -> 1.5566639e-06
A43: 1 | B43: 5 | D43: parte 3 | E43: =(((E11^2)/E12)^2)/(E12-1) -> 9.6324999e-07
A44: 2 | B44: 5
A45: 2 | B45: 4 | D45: df grados de libertad | E45: =E41/(E42+E43) -> 189.30018 | F45: Buscar Tabla
A46: 2 | B46: 5
A47: 2 | B47: 4 | D47: Nivel de significancia (α) (para dos colas) | E47: 0.05 | F47: Buscar Tabla
A48: 4 | B48: 4
A49: 2 | B49: 5
A50: 2 | B50: 5
A51: 1 | B51: 5
A52: 1 | B52: 4 | D52: valor crítico t (Excel) 2 colas | E52: =_xlfn.T.INV.2T(E47,E45) -> 1.9725951
A53: 5 | B53: 4 | D53: valor crítico t (Excel) 1 cola | E53: =_xlfn.T.INV(E47, E45) -> -1.6529558
A54: 3 | B54: 4
A55: 2 | B55: 5 | D55: P valor, Calculado (Excel) 2 colas | E55: =TTEST(A:A,B:B,2,2) -> 2.0409501e-15
A56: 3 | B56: 4 | D56: P valor, Calculado (Excel) 1 cola | E56: =TTEST(A:A,B:B,1,2) -> 1.020475e-15
A57: 3 | B57: 4
A58: 3 | B58: 4
A59: 3 | B59: 4 | D59: Hipotesis
A60: 4 | B60: 5
A61: 2 | B61: 5 | D61: hipotesis nula Ho = No hay diferencias significativa
A62: 3 | B62: 5 | D62: hipotesis alternativa H1 = Si hay diferencia significativa
A63: 4 | B63: 4
A64: 2 | B64: 4
A65: 2 | B65: 5
A66: 2 | B66: 5 | D66: Si t calculado > t critico (Tabla)
A67: 3 | B67: 2 | D67: ="Dos Colas: Si t calculado ("&E29&") > a t critico ("&E52&") (de tabla) ---> Se rechaza la hipotesis nula" -> Dos Colas: Si t calculado (-8.64999331954793) > a t critico (1.97259507909966) (de tabla) ---> Se rechaza la hipotesis nula
A68: 1 | B68: 4 | D68: ="Una Cola: Si t calculado ("&E29&") > a t critico ("&E53&") (de tabla) ---> Se rechaza la hipotesis nula" -> Una Cola: Si t calculado (-8.64999331954793) > a t critico (-1.65295580172584) (de tabla) ---> Se rechaza la hipotesis nula
A69: 3 | B69: 4
A70: 3 | B70: 4
A71: 1 | B71: 5
A72: 3 | B72: 5 | D72: Si p valor < Nivel Significancia
A73: 4 | B73: 5 | D73: ="Dos Colas: Si p valor ("&E55&") < Nivel Significancia (0.05) ---> Se rechaza la hipotesis nula" -> Dos Colas: Si p valor (2.04095005907527E-15) < Nivel Significancia (0.05) ---> Se rechaza la hipotesis nula
A74: 2 | B74: 5 | D74: ="Una Cola: Si p valor ("&E56&") < Nivel Significancia (0.05) ---> Se rechaza la hipotesis nula" -> Una Cola: Si p valor (1.02047502953764E-15) < Nivel Significancia (0.05) ---> Se rechaza la hipotesis nula
A75: 3 | B75: 5
A76: 4 | B76: 4
A77: 1 | B77: 5
A78: 4 | B78: 5
A79: 5 | B79: 5
A80: 3 | B80: 5
A81: 5 | B81: 5
A82: 3 | B82: 1
A83: 3 | B83: 5
A84: 4 | B84: 4
A85: 3 | B85: 2
A86: 3 | B86: 5
... A98: 4 | B98: 5

Sheet Motivación
A1: (Sin Aprendizaje Colaborativo) Grupo Control - Post-test Motivación | B1: (Con Aprendizaje Colaborativo) Grupo Experimental - Post-test Motivación
A2: 3 | B2: 5 | D2: Media (X1) Grupo Control | E2: =AVERAGE(A:A) -> 2.9278351
A3: 3 | B3: 4 | D3: Mediana (Me1) | E3: =MEDIAN(A:A) -> 3
A4: 5 | B4: 4 | D4: Moda (Mo1) | E4: =MODE(A:A) -> 3
A5: 5 | B5: 1 | D5: Desviacion Tipica o Estandar (S1) | E5: =STDEV(A:A) -> 1.1747998
A6: 2 | B6: 5 | D6: n1 | E6: =COUNT(A:A) -> 97
A7: 3 | B7: 4
A8: 3 | B8: 3 | D8: Media (X2) Grupo Experimental | E8: =AVERAGE(B:B) -> 3.9484536
A9: 1 | B9: 2 | D9: Mediana (Me2) | E9: =MEDIAN(B:B) -> 4
A10: 2 | B10: 5 | D10: Moda (Mo2) | E10: =MODE(B:B) -> 5
A11: 3 | B11: 5 | D11: Desviacion Tipica o Estandar (S2) | E11: =STDEV(B:B) -> 1.1214865
A12: 3 | B12: 3 | D12: n2 | E12: =COUNT(B:B) -> 97
A13: 5 | B13: 4
A14: 4 | B14: 5
A15: 3 | B15: 2
A16: 4 | B16: 5
A17: 4 | B17: 4 | D17: t de student
A18: 2 | B18: 5
A19: 2 | B19: 5
A20: 3 | B20: 4
A21: 5 | B21: 1
A22: 1 | B22: 4
A23: 2 | B23: 3
A24: 3 | B24: 5
A25: 3 | B25: 4
A26: 4 | B26: 3
A27: 1 | B27: 4
A28: 1 | B28: 5
A29: 4 | B29: 2 | D29: Valor de t | E29: =(E2-E8)/SQRT(((E5^2)/E6)+((E11^2)/E12)) -> -6.1890112
A30: 1 | B30: 3
A31: 1 | B31: 4 | D31: df grados de libertad
A32: 4 | B32: 5
A33: 2 | B33: 3
A34: 3 | B34: 5
A35: 3 | B35: 4
A36: 5 | B36: 5
A37: 2 | B37: 5
A38: 5 | B38: 5
A39: 2 | B39: 4
A40: 5 | B40: 4
A41: 3 | B41: 4 | D41: parte 1 | E41: =(((E5^2)/E6)+((E11^2)/E12))^2 -> 0.0007395521
A42: 3 | B42: 5 | D42: parte 2 | E42: =(((E5^2)/E6)^2)/(E6-1) -> 2.1088262e-06
A43: 1 | B43: 4 | D43: parte 3 | E43: =(((E11^2)/E12)^2)/(E12-1) -> 1.7513038e-06
A44: 3 | B44: 5
A45: 5 | B45: 4 | D45: df grados de libertad | E45: =E41/(E42+E43) -> 191.58735 | F45: Buscar Tabla
A46: 3 | B46: 3
A47: 3 | B47: 5 | D47: Nivel de significancia (α) (para dos colas) | E47: 0.05 | F47: Buscar Tabla
A48: 1 | B48: 3
A49: 2 | B49: 1
A50: 4 | B50: 5
A51: 3 | B51: 3
A52: 4 | B52: 3 | D52: valor crítico t (Excel) 2 colas | E52: =_xlfn.T.INV.2T(E47,E45) -> 1.972462
A53: 3 | B53: 5 | D53: valor crítico t (Excel) 1 cola | E53: =_xlfn.T.INV(E47, E45) -> -1.6528705
A54: 3 | B54: 3
A55: 3 | B55: 5 | D55: P valor, Calculado (Excel) 2 colas | E55: =TTEST(A:A,B:B,2,2) -> 3.5865188e-09
A56: 3 | B56: 1 | D56: P valor, Calculado (Excel) 1 cola | E56: =TTEST(A:A,B:B,1,2) -> 1.7932594e-09
A57: 3 | B57: 5
A58: 3 | B58: 5
A59: 3 | B59: 5 | D59: Hipotesis
A60: 5 | B60: 5
A61: 2 | B61: 4 | D61: hipotesis nula Ho = No hay diferencias significativa
A62: 3 | B62: 5 | D62: hipotesis alternativa H1 = Si hay diferencia significativa
A63: 5 | B63: 5
A64: 3 | B64: 5
A65: 3 | B65: 2
A66: 3 | B66: 4 | D66: Si t calculado > t critico (Tabla)
A67: 4 | B67: 5 | D67: ="Dos Colas: Si t calculado ("&E29&") > a t critico ("&E52&") (de tabla) ---> Se rechaza la hipotesis nula" -> Dos Colas: Si t calculado (-6.18901117354799) > a t critico (1.97246198976721) (de tabla) ---> Se rechaza la hipotesis nula
A68: 5 | B68: 4 | D68: ="Una Cola: Si t calculado ("&E29&") > a t critico ("&E53&") (de tabla) ---> Se rechaza la hipotesis nula" -> Una Cola: Si t calculado (-6.18901117354799) > a t critico (-1.65287054723039) (de tabla) ---> Se rechaza la hipotesis nula
A69: 5 | B69: 5
A70: 4 | B70: 3
A71: 1 | B71: 4
A72: 3 | B72: 4 | D72: Si p valor < Nivel Significancia
A73: 3 | B73: 3 | D73: ="Dos Colas: Si p valor ("&E55&") < Nivel Significancia (0.05) ---> Se rechaza la hipotesis nula" -> Dos Colas: Si p valor (3.58651884197632E-09) < Nivel Significancia (0.05) ---> Se rechaza la hipotesis nula
A74: 1 | B74: 2 | D74: ="Una Cola: Si p valor ("&E56&") < Nivel Significancia (0.05) ---> Se rechaza la hipotesis nula" -> Una Cola: Si p valor (1.79325942098816E-09) < Nivel Significancia (0.05) ---> Se rechaza la hipotesis nula
A75: 3 | B75: 4
A76: 3 | B76: 4
A77: 3 | B77: 4
A78: 2 | B78: 4
A79: 2 | B79: 5
A80: 3 | B80: 3
A81: 3 | B81: 3
A82: 4 | B82: 5
A83: 2 | B83: 4
A84: 1 | B84: 3
A85: 2 | B85: 3
A86: 1 | B86: 3
... A98: 4 | B98: 5
