Workbook

Sheet Resumen
A1: Indicador | B1: T Calculado | C1: T Critico 2 Colas | D1: T Critico 1 Cola | E1: P valor 2 Colas | F1: P valor 1 Cola
A2: Participación activa | B2: =ROUND('Participación-activa'!E29, 4) -> 0.4266 | C2: =ROUND('Participación-activa'!E52, 4) -> 1.9725 | D2: =ROUND('Participación-activa'!E53, 4) -> -1.6529 | E2: =ROUND('Participación-activa'!E55, 4) -> 0.6701 | F2: =ROUND('Participación-activa'!E56, 4) -> 0.3351
A3: Comunicación equipo | B3: =ROUND('Comunicación-equipo'!E29, 4) -> -0.6835 | C3: =ROUND('Comunicación-equipo'!E52, 4) -> 1.9725 | D3: =ROUND('Comunicación-equipo'!E53, 4) -> -1.6529 | E3: =ROUND('Comunicación-equipo'!E55, 4) -> 0.4951 | F3: =ROUND('Comunicación-equipo'!E56, 4) -> 0.2476
A4: Cumplimiento tareas | B4: =ROUND('Cumplimiento-tareas'!E29, 4) -> 0.6922 | C4: =ROUND('Cumplimiento-tareas'!E52, 4) -> 1.9726 | D4: =ROUND('Cumplimiento-tareas'!E53, 4) -> -1.653 | E4: =ROUND('Cumplimiento-tareas'!E55, 4) -> 0.4897 | F4: =ROUND('Cumplimiento-tareas'!E56, 4) -> 0.2448
A5: Contribución grupo | B5: =ROUND('Contribución-grupo'!E29, 4) -> 0.5956 | C5: =ROUND('Contribución-grupo'!E52, 4) -> 1.9729 | D5: =ROUND('Contribución-grupo'!E53, 4) -> -1.6532 | E5: =ROUND('Contribución-grupo'!E55, 4) -> 0.5521 | F5: =ROUND('Contribución-grupo'!E56, 4) -> 0.2761
A6: Resolución problemas | B6: =ROUND('Resolución-problemas'!E29, 4) -> -0.6062 | C6: =ROUND('Resolución-problemas'!E52, 4) -> 1.9726 | D6: =ROUND('Resolución-problemas'!E53, 4) -> -1.653 | E6: =ROUND('Resolución-problemas'!E55, 4) -> 0.5451 | F6: =ROUND('Resolución-problemas'!E56, 4) -> 0.2725
A7: Conocimientos adquiridos | B7: =ROUND('Conocimientos-adquiridos'!E29, 4) -> 1.1087 | C7: =ROUND('Conocimientos-adquiridos'!E52, 4) -> 1.9725 | D7: =ROUND('Conocimientos-adquiridos'!E53, 4) -> -1.6529 | E7: =ROUND('Conocimientos-adquiridos'!E55, 4) -> 0.2689 | F7: =ROUND('Conocimientos-adquiridos'!E56, 4) -> 0.1345
A8: Nota final | B8: =ROUND('Nota-final'!E29, 4) -> 0.2691 | C8: =ROUND('Nota-final'!E52, 4) -> 1.9725 | D8: =ROUND('Nota-final'!E53, 4) -> -1.6529 | E8: =ROUND('Nota-final'!E55, 4) -> 0.7881 | F8: =ROUND('Nota-final'!E56, 4) -> 0.3941
A9: Comprensión | B9: =ROUND(Comprensión!E29, 4) -> 0.0613 | C9: =ROUND(Comprensión!E52, 4) -> 1.9725 | D9: =ROUND(Comprensión!E53, 4) -> -1.6529 | E9: =ROUND(Comprensión!E55, 4) -> 0.9512 | F9: =ROUND(Comprensión!E56, 4) -> 0.4756
A10: Habilidades | B10: =ROUND(Habilidades!E29, 4) -> 1.2188 | C10: =ROUND(Habilidades!E52, 4) -> 1.9725 | D10: =ROUND(Habilidades!E53, 4) -> -1.6529 | E10: =ROUND(Habilidades!E55, 4) -> 0.2244 | F10: =ROUND(Habilidades!E56, 4) -> 0.1122
A11: Resolución autónoma | B11: =ROUND('Resolución-autónoma'!E29, 4) -> -0.2696 | C11: =ROUND('Resolución-autónoma'!E52, 4) -> 1.9725 | D11: =ROUND('Resolución-autónoma'!E53, 4) -> -1.6529 | E11: =ROUND('Resolución-autónoma'!E55, 4) -> 0.7878 | F11: =ROUND('Resolución-autónoma'!E56, 4) -> 0.3939
A12: Motivación | B12: =ROUND(Motivación!E29, 4) -> 0.5471 | C12: =ROUND(Motivación!E52, 4) -> 1.9725 | D12: =ROUND(Motivación!E53, 4) -> -1.6529 | E12: =ROUND(Motivación!E55, 4) -> 0.585 | F12: =ROUND(Motivación!E56, 4) -> 0.2925

Sheet Participación-activa
A1: (Sin Aprendizaje Colaborativo) Grupo Control - Pre-test Participación-activa | B1: (Sin Aprendizaje Colaborativo) Grupo Experimental - Pre-test Participación-activa
A2: 2 | B2: 4 | D2: Media (X1) Grupo Control | E2: =AVERAGE(A:A) -> 3.185567
A3: 4 | B3: 1 | D3: Mediana (Me1) | E3: =MEDIAN(A:A) -> 3
A4: 2 | B4: 3 | D4: Moda (Mo1) | E4: =MODE(A:A) -> 3
A5: 3 | B5: 2 | D5: Desviacion Tipica o Estandar (S1) | E5: =STDEV(A:A) -> 1.2018206
A6: 2 | B6: 3 | D6: n1 | E6: =COUNT(A:A) -> 97
A7: 1 | B7: 5
A8: 5 | B8: 3 | D8: Media (X2) Grupo Experimental | E8: =AVERAGE(B:B) -> 3.1134021
A9: 3 | B9: 5 | D9: Mediana (Me2) | E9: =MEDIAN(B:B) -> 3
A10: 3 | B10: 3 | D10: Moda (Mo2) | E10: =MODE(B:B) -> 3
A11: 5 | B11: 2 | D11: Desviacion Tipica o Estandar (S2) | E11: =STDEV(B:B) -> 1.153584
A12: 2 | B12: 4 | D12: n2 | E12: =COUNT(B:B) -> 97
A13: 4 | B13: 2
A14: 5 | B14: 3
A15: 5 | B15: 3
A16: 1 | B16: 4
A17: 3 | B17: 2 | D17: t de student
A18: 5 | B18: 2
A19: 4 | B19: 1
A20: 2 | B20: 5
A21: 4 | B21: 4
A22: 2 | B22: 3
A23: 3 | B23: 2
A24: 2 | B24: 1
A25: 1 | B25: 4
A26: 5 | B26: 3
A27: 5 | B27: 4
A28: 3 | B28: 5
A29: 3 | B29: 2 | D29: Valor de t | E29: =(E2-E8)/SQRT(((E5^2)/E6)+((E11^2)/E12)) -> 0.42664887
A30: 4 | B30: 5
A31: 5 | B31: 3 | D31: df grados de libertad
A32: 4 | B32: 5
A33: 5 | B33: 3
A34: 2 | B34: 4
A35: 3 | B35: 2
A36: 3 | B36: 2
A37: 3 | B37: 2
A38: 3 | B38: 3
A39: 5 | B39: 3
A40: 5 | B40: 1
A41: 4 | B41: 3 | D41: parte 1 | E41: =(((E5^2)/E6)+((E11^2)/E12))^2 -> 0.00081850784
A42: 3 | B42: 3 | D42: parte 2 | E42: =(((E5^2)/E6)^2)/(E6-1) -> 2.3096381e-06
A43: 3 | B43: 3 | D43: parte 3 | E43: =(((E11^2)/E12)^2)/(E12-1) -> 1.9605692e-06
A44: 3 | B44: 2
A45: 3 | B45: 3 | D45: df grados de libertad | E45: =E41/(E42+E43) -> 191.67871 | F45: Buscar Tabla
A46: 3 | B46: 2
A47: 3 | B47: 4 | D47: Nivel de significancia (α) (para dos colas) | E47: 0.05 | F47: Buscar Tabla
A48: 2 | B48: 5
A49: 3 | B49: 5
A50: 2 | B50: 3
A51: 4 | B51: 2
A52: 2 | B52: 4 | D52: valor crítico t (Excel) 2 colas | E52: =_xlfn.T.INV.2T(E47,E45) -> 1.972462
A53: 3 | B53: 1 | D53: valor crítico t (Excel) 1 cola | E53: =_xlfn.T.INV(E47, E45) -> -1.6528705
A54: 5 | B54: 5
A55: 4 | B55: 1 | D55: P valor, Calculado (Excel) 2 colas | E55: =TTEST(A:A,B:B,2,2) -> 0.67011309
A56: 2 | B56: 4 | D56: P valor, Calculado (Excel) 1 cola | E56: =TTEST(A:A,B:B,1,2) -> 0.33505655
A57: 5 | B57: 2
A58: 3 | B58: 2
A59: 1 | B59: 4 | D59: Hipotesis
A60: 3 | B60: 2
A61: 4 | B61: 2 | D61: hipotesis nula Ho = No hay diferencias significativa
A62: 1 | B62: 2 | D62: hipotesis alternativa H1 = Si hay diferencia significativa
A63: 3 | B63: 5
A64: 4 | B64: 2
A65: 3 | B65: 4
A66: 3 | B66: 3 | D66: Si t calculado > t critico (Tabla)
A67: 3 | B67: 3 | D67: ="Dos Colas: Si t calculado ("&E29&") > a t critico ("&E52&") (de tabla) ---> Se rechaza la hipotesis nula" -> Dos Colas: Si t calculado (0.426648865815494) > a t critico (1.97246198976721) (de tabla) ---> Se rechaza la hipotesis nula
A68: 3 | B68: 3 | D68: ="Una Cola: Si t calculado ("&E29&") > a t critico ("&E53&") (de tabla) ---> Se rechaza la hipotesis nula" -> Una Cola: Si t calculado (0.426648865815494) > a t critico (-1.65287054723039) (de tabla) ---> Se rechaza la hipotesis nula
A69: 4 | B69: 3
A70: 3 | B70: 5
A71: 1 | B71: 3
A72: 3 | B72: 3 | D72: Si p valor < Nivel Significancia
A73: 1 | B73: 3 | D73: ="Dos Colas: Si p valor ("&E55&") < Nivel Significancia (0.05) ---> Se rechaza la hipotesis nula" -> Dos Colas: Si p valor (0.670113091265638) < Nivel Significancia (0.05) ---> Se rechaza la hipotesis nula
A74: 5 | B74: 3 | D74: ="Una Cola: Si p valor ("&E56&") < Nivel Significancia (0.05) ---> Se rechaza la hipotesis nula" -> Una Cola: Si p valor (0.335056545632819) < Nivel Significancia (0.05) ---> Se rechaza la hipotesis nula
A75: 3 | B75: 2
A76: 3 | B76: 5
A77: 1 | B77: 2
A78: 3 | B78: 4
A79: 4 | B79: 5
A80: 3 | B80: 2
A81: 4 | B81: 4
A82: 1 | B82: 3
A83: 2 | B83: 3
A84: 4 | B84: 3
A85: 3 | B85: 5
A86: 2 | B86: 5
... A98: 5 | B98: 4

Sheet Comunicación-equipo
A1: (Sin Aprendizaje Colaborativo) Grupo Control - Pre-test Comunicación-equipo | B1: (Sin Aprendizaje Colaborativo) Grupo Experimental - Pre-test Comprensión-contenidos
A2: 3 | B2: 2 | D2: Media (X1) Grupo Control | E2: =AVERAGE(A:A) -> 2.9278351
A3: 4 | B3: 5 | D3: Mediana (Me1) | E3: =MEDIAN(A:A) -> 3
A4: 2 | B4: 1 | D4: Moda (Mo1) | E4: =MODE(A:A) -> 3
A5: 5 | B5: 4 | D5: Desviacion Tipica o Estandar (S1) | E5: =STDEV(A:A) -> 1.1295964
A6: 3 | B6: 2 | D6: n1 | E6: =COUNT(A:A) -> 97
A7: 2 | B7: 2
A8: 3 | B8: 3 | D8: Media (X2) Grupo Experimental | E8: =AVERAGE(B:B) -> 3.0412371
A9: 3 | B9: 3 | D9: Mediana (Me2) | E9: =MEDIAN(B:B) -> 3
A10: 5 | B10: 4 | D10: Moda (Mo2) | E10: =MODE(B:B) -> 3
A11: 1 | B11: 4 | D11: Desviacion Tipica o Estandar (S2) | E11: =STDEV(B:B) -> 1.1807265
A12: 3 | B12: 3 | D12: n2 | E12: =COUNT(B:B) -> 97
A13: 2 | B13: 2
A14: 3 | B14: 3
A15: 4 | B15: 3
A16: 3 | B16: 3
A17: 4 | B17: 1 | D17: t de student
A18: 1 | B18: 3
A19: 3 | B19: 5
A20: 3 | B20: 3
A21: 2 | B21: 3
A22: 3 | B22: 4
A23: 2 | B23: 2
A24: 4 | B24: 2
A25: 1 | B25: 3
A26: 3 | B26: 2
A27: 3 | B27: 1
A28: 5 | B28: 3
A29: 4 | B29: 2 | D29: Valor de t | E29: =(E2-E8)/SQRT(((E5^2)/E6)+((E11^2)/E12)) -> -0.68350674
A30: 5 | B30: 5
A31: 3 | B31: 3 | D31: df grados de libertad
A32: 1 | B32: 5
A33: 2 | B33: 5
A34: 3 | B34: 2
A35: 4 | B35: 5
A36: 5 | B36: 2
A37: 4 | B37: 4
A38: 3 | B38: 2
A39: 3 | B39: 3
A40: 3 | B40: 3
A41: 4 | B41: 3 | D41: parte 1 | E41: =(((E5^2)/E6)+((E11^2)/E12))^2 -> 0.0007577267
A42: 3 | B42: 2 | D42: parte 2 | E42: =(((E5^2)/E6)^2)/(E6-1) -> 1.8025132e-06
A43: 4 | B43: 4 | D43: parte 3 | E43: =(((E11^2)/E12)^2)/(E12-1) -> 2.1517042e-06
A44: 4 | B44: 2
A45: 1 | B45: 4 | D45: df grados de libertad | E45: =E41/(E42+E43) -> 191.62494 | F45: Buscar Tabla
A46: 2 | B46: 2
A47: 4 | B47: 2 | D47: Nivel de significancia (α) (para dos colas) | E47: 0.05 | F47: Buscar Tabla
A48: 3 | B48: 5
A49: 3 | B49: 4
A50: 4 | B50: 3
A51: 1 | B51: 2
A52: 1 | B52: 5 | D52: valor crítico t (Excel) 2 colas | E52: =_xlfn.T.INV.2T(E47,E45) -> 1.972462
A53: 3 | B53: 4 | D53: valor crítico t (Excel) 1 cola | E53: =_xlfn.T.INV(E47, E45) -> -1.6528705
A54: 3 | B54: 1
A55: 2 | B55: 4 | D55: P valor, Calculado (Excel) 2 colas | E55: =TTEST(A:A,B:B,2,2) -> 0.49511071
A56: 3 | B56: 1 | D56: P valor, Calculado (Excel) 1 cola | E56: =TTEST(A:A,B:B,1,2) -> 0.24755535
A57: 2 | B57: 1
A58: 3 | B58: 4
A59: 1 | B59: 1 | D59: Hipotesis
A60: 3 | B60: 3
A61: 4 | B61: 1 | D61: hipotesis nula Ho = No hay diferencias significativa
A62: 4 | B62: 3 | D62: hipotesis alternativa H1 = Si hay diferencia significativa
A63: 5 | B63: 3
A64: 3 | B64: 5
A65: 3 | B65: 3
A66: 3 | B66: 3 | D66: Si t calculado > t critico (Tabla)
A67: 2 | B67: 2 | D67: ="Dos Colas: Si t calculado ("&E29&") > a t critico ("&E52&") (de tabla) ---> Se rechaza la hipotesis nula" -> Dos Colas: Si t calculado (-0.68350674260132) > a t critico (1.97246198976721) (de tabla) ---> Se rechaza la hipotesis nula
A68: 3 | B68: 3 | D68: ="Una Cola: Si t calculado ("&E29&") > a t critico ("&E53&") (de tabla) ---> Se rechaza la hipotesis nula" -> Una Cola: Si t calculado (-0.68350674260132) > a t critico (-1.65287054723039) (de tabla) ---> Se rechaza la hipotesis nula
A69: 3 | B69: 2
A70: 2 | B70: 4
A71: 2 | B71: 3
A72: 5 | B72: 5 | D72: Si p valor < Nivel Significancia
A73: 5 | B73: 5 | D73: ="Dos Colas: Si p valor ("&E55&") < Nivel Significancia (0.05) ---> Se rechaza la hipotesis nula" -> Dos Colas: Si p valor (0.495110707101755) < Nivel Significancia (0.05) ---> Se rechaza la hipotesis nula
A74: 1 | B74: 3 | D74: ="Una Cola: Si p valor ("&E56&") < Nivel Significancia (0.05) ---> Se rechaza la hipotesis nula" -> Una Cola: Si p valor (0.247555353550878) < Nivel Significancia (0.05) ---> Se rechaza la hipotesis nula
A75: 3 | B75: 4
A76: 1 | B76: 2
A77: 3 | B77: 3
A78: 3 | B78: 2
A79: 3 | B79: 4
A80: 5 | B80: 2
A81: 2 | B81: 4
A82: 3 | B82: 3
A83: 4 | B83: 3
A84: 3 | B84: 4
A85: 3 | B85: 3
A86: 3 | B86: 5
... A98: 3 | B98: 4

Sheet Cumplimiento-tareas
A1: (Sin Aprendizaje Colaborativo) Grupo Control - Pre-test Cumplimiento-tareas | B1: (Sin Aprendizaje Colaborativo) Grupo Experimental - Pre-test Cumplimiento-tareas
A2: 3 | B2: 5 | D2: Media (X1) Grupo Control | E2: =AVERAGE(A:A) -> 3.2886598
A3: 3 | B3: 3 | D3: Mediana (Me1) | E3: =MEDIAN(A:A) -> 3
A4: 5 | B4: 5 | D4: Moda (Mo1) | E4: =MODE(A:A) -> 3
A5: 4 | B5: 3 | D5: Desviacion Tipica o Estandar (S1) | E5: =STDEV(A:A) -> 1.207259
A6: 4 | B6: 2 | D6: n1 | E6: =COUNT(A:A) -> 97
A7: 2 | B7: 4
A8: 3 | B8: 5 | D8: Media (X2) Grupo Experimental | E8: =AVERAGE(B:B) -> 3.1752577
A9: 5 | B9: 3 | D9: Mediana (Me2) | E9: =MEDIAN(B:B) -> 3
A10: 2 | B10: 3 | D10: Moda (Mo2) | E10: =MODE(B:B) -> 3
A11: 4 | B11: 4 | D11: Desviacion Tipica o Estandar (S2) | E11: =STDEV(B:B) -> 1.0705364
A12: 1 | B12: 4 | D12: n2 | E12: =COUNT(B:B) -> 97
A13: 3 | B13: 2
A14: 4 | B14: 2
A15: 5 | B15: 4
A16: 3 | B16: 3
A17: 2 | B17: 3 | D17: t de student
A18: 3 | B18: 3
A19: 5 | B19: 5
A20: 4 | B20: 4
A21: 5 | B21: 4
A22: 3 | B22: 2
A23: 2 | B23: 4
A24: 2 | B24: 4
A25: 2 | B25: 3
A26: 2 | B26: 3
A27: 4 | B27: 2
A28: 3 | B28: 4
A29: 1 | B29: 4 | D29: Valor de t | E29: =(E2-E8)/SQRT(((E5^2)/E6)+((E11^2)/E12)) -> 0.69219134
A30: 4 | B30: 3
A31: 4 | B31: 5 | D31: df grados de libertad
A32: 5 | B32: 4
A33: 4 | B33: 2
A34: 2 | B34: 4
A35: 2 | B35: 3
A36: 3 | B36: 1
A37: 2 | B37: 3
A38: 4 | B38: 1
A39: 5 | B39: 3
A40: 5 | B40: 2
A41: 3 | B41: 3 | D41: parte 1 | E41: =(((E5^2)/E6)+((E11^2)/E12))^2 -> 0.00072040903
A42: 3 | B42: 4 | D42: parte 2 | E42: =(((E5^2)/E6)^2)/(E6-1) -> 2.3517279e-06
A43: 3 | B43: 3 | D43: parte 3 | E43: =(((E11^2)/E12)^2)/(E12-1) -> 1.454089e-06
A44: 3 | B44: 5
A45: 4 | B45: 2 | D45: df grados de libertad | E45: =E41/(E42+E43) -> 189.29156 | F45: Buscar Tabla
A46: 3 | B46: 4
A47: 3 | B47: 3 | D47: Nivel de significancia (α) (para dos colas) | E47: 0.05 | F47: Buscar Tabla
A48: 2 | B48: 2
A49: 2 | B49: 3
A50: 5 | B50: 2
A51: 3 | B51: 3
A52: 3 | B52: 5 | D52: valor crítico t (Excel) 2 colas | E52: =_xlfn.T.INV.2T(E47,E45) -> 1.9725951
A53: 3 | B53: 2 | D53: valor crítico t (Excel) 1 cola | E53: =_xlfn.T.INV(E47, E45) -> -1.6529558
A54: 3 | B54: 3
A55: 5 | B55: 4 | D55: P valor, Calculado (Excel) 2 colas | E55: =TTEST(A:A,B:B,2,2) -> 0.48965344
A56: 5 | B56: 2 | D56: P valor, Calculado (Excel) 1 cola | E56: =TTEST(A:A,B:B,1,2) -> 0.24482672
A57: 2 | B57: 3
A58: 1 | B58: 4
A59: 1 | B59: 5 | D59: Hipotesis
A60: 4 | B60: 2
A61: 5 | B61: 2 | D61: hipotesis nula Ho = No hay diferencias significativa
A62: 3 | B62: 3 | D62: hipotesis alternativa H1 = Si hay diferencia significativa
A63: 4 | B63: 3
A64: 5 | B64: 2
A65: 4 | B65: 1
A66: 3 | B66: 3 | D66: Si t calculado > t critico (Tabla)
A67: 5 | B67: 4 | D67: ="Dos Colas: Si t calculado ("&E29&") > a t critico ("&E52&") (de tabla) ---> Se rechaza la hipotesis nula" -> Dos Colas: Si t calculado (0.692191343939174) > a t critico (1.97259507909966) (de tabla) ---> Se rechaza la hipotesis nula
A68: 5 | B68: 3 | D68: ="Una Cola: Si t calculado ("&E29&") > a t critico ("&E53&") (de tabla) ---> Se rechaza la hipotesis nula" -> Una Cola: Si t calculado (0.692191343939174) > a t critico (-1.65295580172584) (de tabla) ---> Se rechaza la hipotesis nula
A69: 3 | B69: 3
A70: 3 | B70: 3
A71: 3 | B71: 4
A72: 1 | B72: 2 | D72: Si p valor < Nivel Significancia
A73: 5 | B73: 1 | D73: ="Dos Colas: Si p valor ("&E55&") < Nivel Significancia (0.05) ---> Se rechaza la hipotesis nula" -> Dos Colas: Si p valor (0.489653437095135) < Nivel Significancia (0.05) ---> Se rechaza la hipotesis nula
A74: 1 | B74: 3 | D74: ="Una Cola: Si p valor ("&E56&") < Nivel Significancia (0.05) ---> Se rechaza la hipotesis nula" -> Una Cola: Si p valor (0.244826718547567) < Nivel Significancia (0.05) ---> Se rechaza la hipotesis nula
A75: 3 | B75: 4
A76: 4 | B76: 5
A77: 4 | B77: 3
A78: 2 | B78: 4
A79: 4 | B79: 3
A80: 3 | B80: 4
A81: 2 | B81: 5
A82: 1 | B82: 4
A83: 3 | B83: 3
A84: 4 | B84: 2
A85: 5 | B85: 1
A86: 3 | B86: 3
... A98: 3 | B98: 2

Sheet Contribución-grupo
A1: (Sin Aprendizaje Colaborativo) Grupo control - Pre-test Contribución-grupo | B1: (Sin Aprendizaje Colaborativo) Grupo Experimental - Pre-test Contribución-grupo
A2: 4 | B2: 3 | D2: Media (X1) Grupo Control | E2: =AVERAGE(A:A) -> 3.1030928
A3: 2 | B3: 3 | D3: Mediana (Me1) | E3: =MEDIAN(A:A) -> 3
A4: 5 | B4: 3 | D4: Moda (Mo1) | E4: =MODE(A:A) -> 3
A5: 3 | B5: 3 | D5: Desviacion Tipica o Estandar (S1) | E5: =STDEV(A:A) -> 0.97344466
A6: 3 | B6: 4 | D6: n1 | E6: =COUNT(A:A) -> 97
A7: 1 | B7: 3
A8: 3 | B8: 3 | D8: Media (X2) Grupo Experimental | E8: =AVERAGE(B:B) -> 3.0103093
A9: 3 | B9: 4 | D9: Mediana (Me2) | E9: =MEDIAN(B:B) -> 3
A10: 3 | B10: 1 | D10: Moda (Mo2) | E10: =MODE(B:B) -> 3
A11: 4 | B11: 3 | D11: Desviacion Tipica o Estandar (S2) | E11: =STDEV(B:B) -> 1.1858088
A12: 4 | B12: 3 | D12: n2 | E12: =COUNT(B:B) -> 97
A13: 4 | B13: 2
A14: 2 | B14: 4
A15: 3 | B15: 4
A16: 4 | B16: 2
A17: 3 | B17: 1 | D17: t de student
A18: 4 | B18: 3
A19: 2 | B19: 2
A20: 3 | B20: 2
A21: 5 | B21: 4
A22: 3 | B22: 3
A23: 5 | B23: 3
A24: 3 | B24: 3
A25: 4 | B25: 4
A26: 3 | B26: 2
A27: 3 | B27: 3
A28: 3 | B28: 5
A29: 3 | B29: 3 | D29: Valor de t | E29: =(E2-E8)/SQRT(((E5^2)/E6)+((E11^2)/E12)) -> 0.59563151
A30: 3 | B30: 3
A31: 3 | B31: 3 | D31: df grados de libertad
A32: 3 | B32: 4
A33: 3 | B33: 3
A34: 5 | B34: 3
A35: 4 | B35: 1
A36: 3 | B36: 3
A37: 2 | B37: 2
A38: 5 | B38: 1
A39: 3 | B39: 1
A40: 4 | B40: 5
A41: 3 | B41: 4 | D41: parte 1 | E41: =(((E5^2)/E6)+((E11^2)/E12))^2 -> 0.00058880629
A42: 5 | B42: 5 | D42: parte 2 | E42: =(((E5^2)/E6)^2)/(E6-1) -> 9.9410066e-07
A43: 4 | B43: 3 | D43: parte 3 | E43: =(((E11^2)/E12)^2)/(E12-1) -> 2.1889913e-06
A44: 2 | B44: 1
A45: 4 | B45: 1 | D45: df grados de libertad | E45: =E41/(E42+E43) -> 184.97935 | F45: Buscar Tabla
A46: 3 | B46: 3
A47: 5 | B47: 3 | D47: Nivel de significancia (α) (para dos colas) | E47: 0.05 | F47: Buscar Tabla
A48: 3 | B48: 4
A49: 3 | B49: 4
A50: 5 | B50: 2
A51: 1 | B51: 3
A52: 1 | B52: 3 | D52: valor crítico t (Excel) 2 colas | E52: =_xlfn.T.INV.2T(E47,E45) -> 1.9729405
A53: 3 | B53: 1 | D53: valor crítico t (Excel) 1 cola | E53: =_xlfn.T.INV(E47, E45) -> -1.6531771
A54: 2 | B54: 2
A55: 3 | B55: 4 | D55: P valor, Calculado (Excel) 2 colas | E55: =TTEST(A:A,B:B,2,2) -> 0.55212288
A56: 4 | B56: 3 | D56: P valor, Calculado (Excel) 1 cola | E56: =TTEST(A:A,B:B,1,2) -> 0.27606144
A57: 3 | B57: 2
A58: 2 | B58: 1
A59: 3 | B59: 2 | D59: Hipotesis
A60: 2 | B60: 4
A61: 3 | B61: 2 | D61: hipotesis nula Ho = No hay diferencias significativa
A62: 2 | B62: 2 | D62: hipotesis alternativa H1 = Si hay diferencia significativa
A63: 2 | B63: 4
A64: 3 | B64: 1
A65: 3 | B65: 4
A66: 3 | B66: 3 | D66: Si t calculado > t critico (Tabla)
A67: 4 | B67: 1 | D67: ="Dos Colas: Si t calculado ("&E29&") > a t critico ("&E52&") (de tabla) ---> Se rechaza la hipotesis nula" -> Dos Colas: Si t calculado (0.59563150999772) > a t critico (1.97294054238936) (de tabla) ---> Se rechaza la hipotesis nula
A68: 4 | B68: 4 | D68: ="Una Cola: Si t calculado ("&E29&") > a t critico ("&E53&") (de tabla) ---> Se rechaza la hipotesis nula" -> Una Cola: Si t calculado (0.59563150999772) > a t critico (-1.65317708753105) (de tabla) ---> Se rechaza la hipotesis nula
A69: 3 | B69: 5
A70: 4 | B70: 3
A71: 2 | B71: 4
A72: 2 | B72: 2 | D72: Si p valor < Nivel Significancia
A73: 4 | B73: 5 | D73: ="Dos Colas: Si p valor ("&E55&") < Nivel Significancia (0.05) ---> Se rechaza la hipotesis nula" -> Dos Colas: Si p valor (0.552122876835171) < Nivel Significancia (0.05) ---> Se rechaza la hipotesis nula
A74: 4 | B74: 5 | D74: ="Una Cola: Si p valor ("&E56&") < Nivel Significancia (0.05) ---> Se rechaza la hipotesis nula" -> Una Cola: Si p valor (0.276061438417586) < Nivel Significancia (0.05) ---> Se rechaza la hipotesis nula
A75: 3 | B75: 4
A76: 2 | B76: 3
A77: 2 | B77: 4
A78: 1 | B78: 4
A79: 2 | B79: 5
A80: 4 | B80: 3
A81: 3 | B81: 5
A82: 4 | B82: 4
A83: 2 | B83: 4
A84: 4 | B84: 1
A85: 4 | B85: 3
A86: 3 | B86: 3
... A98: 3 | B98: 5

Sheet Resolución-problemas
A1: (Sin Aprendizaje Colaborativo) Grupo Control - Pre-test Resolución-problemas | B1: (Sin Aprendizaje Colaborativo) Grupo Experimental - Pre-test Resolución-problemas
A2: 2 | B2: 5 | D2: Media (X1) Grupo Control | E2: =AVERAGE(A:A) -> 2.9793814
A3: 3 | B3: 4 | D3: Mediana (Me1) | E3: =MEDIAN(A:A) -> 3
A4: 4 | B4: 3 | D4: Moda (Mo1) | E4: =MODE(A:A) -> 3
A5: 1 | B5: 2 | D5: Desviacion Tipica o Estandar (S1) | E5: =STDEV(A:A) -> 1.1178419
A6: 3 | B6: 2 | D6: n1 | E6: =COUNT(A:A) -> 97
A7: 4 | B7: 2
A8: 5 | B8: 5 | D8: Media (X2) Grupo Experimental | E8: =AVERAGE(B:B) -> 3.0824742
A9: 2 | B9: 2 | D9: Mediana (Me2) | E9: =MEDIAN(B:B) -> 3
A10: 3 | B10: 3 | D10: Moda (Mo2) | E10: =MODE(B:B) -> 3
A11: 3 | B11: 2 | D11: Desviacion Tipica o Estandar (S2) | E11: =STDEV(B:B) -> 1.2472478
A12: 3 | B12: 1 | D12: n2 | E12: =COUNT(B:B) -> 97
A13: 5 | B13: 2
A14: 2 | B14: 2
A15: 3 | B15: 4
A16: 1 | B16: 2
A17: 3 | B17: 5 | D17: t de student
A18: 3 | B18: 3
A19: 4 | B19: 3
A20: 3 | B20: 3
A21: 3 | B21: 2
A22: 2 | B22: 2
A23: 2 | B23: 3
A24: 2 | B24: 4
A25: 3 | B25: 2
A26: 5 | B26: 3
A27: 1 | B27: 1
A28: 3 | B28: 3
A29: 3 | B29: 4 | D29: Valor de t | E29: =(E2-E8)/SQRT(((E5^2)/E6)+((E11^2)/E12)) -> -0.60622299
A30: 2 | B30: 5
A31: 4 | B31: 3 | D31: df grados de libertad
A32: 5 | B32: 3
A33: 2 | B33: 2
A34: 5 | B34: 4
A35: 5 | B35: 2
A36: 2 | B36: 4
A37: 3 | B37: 5
A38: 5 | B38: 4
A39: 1 | B39: 1
A40: 3 | B40: 5
A41: 1 | B41: 1 | D41: parte 1 | E41: =(((E5^2)/E6)+((E11^2)/E12))^2 -> 0.00083634111
A42: 4 | B42: 2 | D42: parte 2 | E42: =(((E5^2)/E6)^2)/(E6-1) -> 1.7286489e-06
A43: 3 | B43: 2 | D43: parte 3 | E43: =(((E11^2)/E12)^2)/(E12-1) -> 2.6791457e-06
A44: 3 | B44: 4
A45: 3 | B45: 4 | D45: df grados de libertad | E45: =E41/(E42+E43) -> 189.7414 | F45: Buscar Tabla
A46: 5 | B46: 3
A47: 3 | B47: 2 | D47: Nivel de significancia (α) (para dos colas) | E47: 0.05 | F47: Buscar Tabla
A48: 1 | B48: 3
A49: 3 | B49: 4
A50: 5 | B50: 4
A51: 4 | B51: 2
A52: 4 | B52: 2 | D52: valor crítico t (Excel) 2 colas | E52: =_xlfn.T.INV.2T(E47,E45) -> 1.9725951
A53: 3 | B53: 3 | D53: valor crítico t (Excel) 1 cola | E53: =_xlfn.T.INV(E47, E45) -> -1.6529558
A54: 3 | B54: 1
A55: 3 | B55: 2 | D55: P valor, Calculado (Excel) 2 colas | E55: =TTEST(A:A,B:B,2,2) -> 0.54508274
A56: 2 | B56: 3 | D56: P valor, Calculado (Excel) 1 cola | E56: =TTEST(A:A,B:B,1,2) -> 0.27254137
A57: 3 | B57: 3
A58: 3 | B58: 5
A59: 4 | B59: 4 | D59: Hipotesis
A60: 2 | B60: 4
A61: 3 | B61: 5 | D61: hipotesis nula Ho = No hay diferencias significativa
A62: 2 | B62: 1 | D62: hipotesis alternativa H1 = Si hay diferencia significativa
A63: 3 | B63: 3
A64: 3 | B64: 4
A65: 3 | B65: 2
A66: 3 | B66: 5 | D66: Si t calculado > t critico (Tabla)
A67: 1 | B67: 2 | D67: ="Dos Colas: Si t calculado ("&E29&") > a t critico ("&E52&") (de tabla) ---> Se rechaza la hipotesis nula" -> Dos Colas: Si t calculado (-0.606222992400334) > a t critico (1.97259507909966) (de tabla) ---> Se rechaza la hipotesis nula
A68: 3 | B68: 3 | D68: ="Una Cola: Si t calculado ("&E29&") > a t critico ("&E53&") (de tabla) ---> Se rechaza la hipotesis nula" -> Una Cola: Si t calculado (-0.606222992400334) > a t critico (-1.65295580172584) (de tabla) ---> Se rechaza la hipotesis nula
A69: 1 | B69: 3
A70: 1 | B70: 3
A71: 2 | B71: 3
A72: 5 | B72: 3 | D72: Si p valor < Nivel Significancia
A73: 4 | B73: 2 | D73: ="Dos Colas: Si p valor ("&E55&") < Nivel Significancia (0.05) ---> Se rechaza la hipotesis nula" -> Dos Colas: Si p valor (0.545082744174359) < Nivel Significancia (0.05) ---> Se rechaza la hipotesis nula
A74: 2 | B74: 5 | D74: ="Una Cola: Si p valor ("&E56&") < Nivel Significancia (0.05) ---> Se rechaza la hipotesis nula" -> Una Cola: Si p valor (0.27254137208718) < Nivel Significancia (0.05) ---> Se rechaza la hipotesis nula
A75: 3 | B75: 2
A76: 2 | B76: 2
A77: 5 | B77: 1
A78: 3 | B78: 4
A79: 3 | B79: 1
A80: 4 | B80: 3
A81: 3 | B81: 4
A82: 3 | B82: 3
A83: 3 | B83: 2
A84: 2 | B84: 4
A85: 3 | B85: 5
A86: 3 | B86: 5
... A98: 5 | B98: 3

Sheet Conocimientos-adquiridos
A1: (Sin Aprendizaje Colaborativo) Grupo Control - Pre-test Conocimientos-adquiridos | B1: (Sin Aprendizaje Colaborativo) Grupo Experimental - Pre-test Conocimientos-adquiridos
A2: 2 | B2: 3 | D2: Media (X1) Grupo Control | E2: =AVERAGE(A:A) -> 3.2268041
A3: 2 | B3: 3 | D3: Mediana (Me1) | E3: =MEDIAN(A:A) -> 3
A4: 5 | B4: 3 | D4: Moda (Mo1) | E4: =MODE(A:A) -> 3
A5: 4 | B5: 5 | D5: Desviacion Tipica o Estandar (S1) | E5: =STDEV(A:A) -> 1.1227306
A6: 5 | B6: 4 | D6: n1 | E6: =COUNT(A:A) -> 97
A7: 5 | B7: 3
A8: 5 | B8: 4 | D8: Media (X2) Grupo Experimental | E8: =AVERAGE(B:B) -> 3.0412371
A9: 2 | B9: 3 | D9: Mediana (Me2) | E9: =MEDIAN(B:B) -> 3
A10: 4 | B10: 4 | D10: Moda (Mo2) | E10: =MODE(B:B) -> 3
A11: 3 | B11: 2 | D11: Desviacion Tipica o Estandar (S2) | E11: =STDEV(B:B) -> 1.2069031
A12: 3 | B12: 1 | D12: n2 | E12: =COUNT(B:B) -> 97
A13: 4 | B13: 3
A14: 3 | B14: 5
A15: 4 | B15: 5
A16: 3 | B16: 2
A17: 3 | B17: 3 | D17: t de student
A18: 4 | B18: 3
A19: 3 | B19: 4
A20: 3 | B20: 2
A21: 3 | B21: 5
A22: 4 | B22: 1
A23: 4 | B23: 4
A24: 1 | B24: 5
A25: 5 | B25: 3
A26: 5 | B26: 3
A27: 4 | B27: 3
A28: 4 | B28: 3
A29: 3 | B29: 5 | D29: Valor de t | E29: =(E2-E8)/SQRT(((E5^2)/E6)+((E11^2)/E12)) -> 1.1087425
A30: 2 | B30: 5
A31: 5 | B31: 2 | D31: df grados de libertad
A32: 4 | B32: 1
A33: 3 | B33: 3
A34: 4 | B34: 3
A35: 1 | B35: 2
A36: 3 | B36: 3
A37: 3 | B37: 2
A38: 5 | B38: 3
A39: 3 | B39: 3
A40: 3 | B40: 3
A41: 4 | B41: 2 | D41: parte 1 | E41: =(((E5^2)/E6)+((E11^2)/E12))^2 -> 0.00078465781
A42: 4 | B42: 3 | D42: parte 2 | E42: =(((E5^2)/E6)^2)/(E6-1) -> 1.759088e-06
A43: 2 | B43: 1 | D43: parte 3 | E43: =(((E11^2)/E12)^2)/(E12-1) -> 2.3489562e-06
A44: 2 | B44: 4
A45: 4 | B45: 3 | D45: df grados de libertad | E45: =E41/(E42+E43) -> 191.0052 | F45: Buscar Tabla
A46: 4 | B46: 3
A47: 1 | B47: 5 | D47: Nivel de significancia (α) (para dos colas) | E47: 0.05 | F47: Buscar Tabla
A48: 4 | B48: 3
A49: 4 | B49: 3
A50: 4 | B50: 4
A51: 2 | B51: 5
A52: 4 | B52: 3 | D52: valor crítico t (Excel) 2 colas | E52: =_xlfn.T.INV.2T(E47,E45) -> 1.972462
A53: 2 | B53: 4 | D53: valor crítico t (Excel) 1 cola | E53: =_xlfn.T.INV(E47, E45) -> -1.6528705
A54: 2 | B54: 1
A55: 4 | B55: 4 | D55: P valor, Calculado (Excel) 2 colas | E55: =TTEST(A:A,B:B,2,2) -> 0.26892816
A56: 4 | B56: 2 | D56: P valor, Calculado (Excel) 1 cola | E56: =TTEST(A:A,B:B,1,2) -> 0.13446408
A57: 3 | B57: 2
A58: 3 | B58: 1
A59: 4 | B59: 3 | D59: Hipotesis
A60: 5 | B60: 4
A61: 5 | B61: 1 | D61: hipotesis nula Ho = No hay diferencias significativa
A62: 3 | B62: 3 | D62: hipotesis alternativa H1 = Si hay diferencia significativa
A63: 1 | B63: 4
A64: 3 | B64: 5
A65: 1 | B65: 5
A66: 3 | B66: 2 | D66: Si t calculado > t critico (Tabla)
A67: 3 | B67: 2 | D67: ="Dos Colas: Si t calculado ("&E29&") > a t critico ("&E52&") (de tabla) ---> Se rechaza la hipotesis nula" -> Dos Colas: Si t calculado (1.10874250210472) > a t critico (1.97246198976721) (de tabla) ---> Se rechaza la hipotesis nula
A68: 3 | B68: 3 | D68: ="Una Cola: Si t calculado ("&E29&") > a t critico ("&E53&") (de tabla) ---> Se rechaza la hipotesis nula" -> Una Cola: Si t calculado (1.10874250210472) > a t critico (-1.65287054723039) (de tabla) ---> Se rechaza la hipotesis nula
A69: 5 | B69: 5
A70: 3 | B70: 3
A71: 5 | B71: 3
A72: 2 | B72: 4 | D72: Si p valor < Nivel Significancia
A73: 3 | B73: 5 | D73: ="Dos Colas: Si p valor ("&E55&") < Nivel Significancia (0.05) ---> Se rechaza la hipotesis nula" -> Dos Colas: Si p valor (0.268928163668874) < Nivel Significancia (0.05) ---> Se rechaza la hipotesis nula
A74: 1 | B74: 2 | D74: ="Una Cola: Si p valor ("&E56&") < Nivel Significancia (0.05) ---> Se rechaza la hipotesis nula" -> Una Cola: Si p valor (0.134464081834437) < Nivel Significancia (0.05) ---> Se rechaza la hipotesis nula
A75: 1 | B75: 3
A76: 3 | B76: 1
A77: 4 | B77: 3
A78: 5 | B78: 3
A79: 2 | B79: 3
A80: 3 | B80: 4
A81: 3 | B81: 2
A82: 1 | B82: 1
A83: 2 | B83: 3
A84: 2 | B84: 5
A85: 5 | B85: 1
A86: 3 | B86: 5
... A98: 3 | B98: 3

Sheet Nota-final
A1: (Sin Aprendizaje Colaborativo) Grupo Control - Pre-test Nota-final | B1: (Sin Aprendizaje Colaborativo) Grupo Experimental - Pre-test Nota-final
A2: 3 | B2: 3 | D2: Media (X1) Grupo Control | E2: =AVERAGE(A:A) -> 2.9381443
A3: 4 | B3: 3 | D3: Mediana (Me1) | E3: =MEDIAN(A:A) -> 3
A4: 3 | B4: 3 | D4: Moda (Mo1) | E4: =MODE(A:A) -> 3
A5: 3 | B5: 2 | D5: Desviacion Tipica o Estandar (S1) | E5: =STDEV(A:A) -> 1.0974823
A6: 2 | B6: 3 | D6: n1 | E6: =COUNT(A:A) -> 97
A7: 2 | B7: 3
A8: 3 | B8: 3 | D8: Media (X2) Grupo Experimental | E8: =AVERAGE(B:B) -> 2.8969072
A9: 1 | B9: 3 | D9: Mediana (Me2) | E9: =MEDIAN(B:B) -> 3
A10: 4 | B10: 1 | D10: Moda (Mo2) | E10: =MODE(B:B) -> 3
A11: 5 | B11: 4 | D11: Desviacion Tipica o Estandar (S2) | E11: =STDEV(B:B) -> 1.0356614
A12: 1 | B12: 1 | D12: n2 | E12: =COUNT(B:B) -> 97
A13: 3 | B13: 4
A14: 5 | B14: 2
A15: 3 | B15: 1
A16: 3 | B16: 3
A17: 3 | B17: 2 | D17: t de student
A18: 2 | B18: 4
A19: 3 | B19: 3
A20: 3 | B20: 3
A21: 4 | B21: 4
A22: 3 | B22: 3
A23: 4 | B23: 2
A24: 3 | B24: 5
A25: 3 | B25: 1
A26: 4 | B26: 5
A27: 2 | B27: 2
A28: 2 | B28: 5
A29: 2 | B29: 1 | D29: Valor de t | E29: =(E2-E8)/SQRT(((E5^2)/E6)+((E11^2)/E12)) -> 0.26914524
A30: 1 | B30: 4
A31: 3 | B31: 2 | D31: df grados de libertad
A32: 4 | B32: 5
A33: 3 | B33: 2
A34: 4 | B34: 4
A35: 2 | B35: 3
A36: 1 | B36: 3
A37: 5 | B37: 2
A38: 2 | B38: 4
A39: 3 | B39: 1
A40: 3 | B40: 2
A41: 1 | B41: 4 | D41: parte 1 | E41: =(((E5^2)/E6)+((E11^2)/E12))^2 -> 0.00055106926
A42: 3 | B42: 4 | D42: parte 2 | E42: =(((E5^2)/E6)^2)/(E6-1) -> 1.6061103e-06
A43: 4 | B43: 3 | D43: parte 3 | E43: =(((E11^2)/E12)^2)/(E12-1) -> 1.2736686e-06
A44: 5 | B44: 1
A45: 5 | B45: 2 | D45: df grados de libertad | E45: =E41/(E42+E43) -> 191.35819 | F45: Buscar Tabla
A46: 1 | B46: 3
A47: 2 | B47: 2 | D47: Nivel de significancia (α) (para dos colas) | E47: 0.05 | F47: Buscar Tabla
A48: 3 | B48: 3
A49: 4 | B49: 4
A50: 3 | B50: 4
A51: 4 | B51: 4
A52: 4 | B52: 3 | D52: valor crítico t (Excel) 2 colas | E52: =_xlfn.T.INV.2T(E47,E45) -> 1.972462
A53: 5 | B53: 3 | D53: valor crítico t (Excel) 1 cola | E53: =_xlfn.T.INV(E47, E45) -> -1.6528705
A54: 3 | B54: 4
A55: 3 | B55: 1 | D55: P valor, Calculado (Excel) 2 colas | E55: =TTEST(A:A,B:B,2,2) -> 0.78810692
A56: 4 | B56: 1 | D56: P valor, Calculado (Excel) 1 cola | E56: =TTEST(A:A,B:B,1,2) -> 0.39405346
A57: 2 | B57: 3
A58: 3 | B58: 4
A59: 2 | B59: 4 | D59: Hipotesis
A60: 2 | B60: 2
A61: 3 | B61: 3 | D61: hipotesis nula Ho = No hay diferencias significativa
A62: 2 | B62: 3 | D62: hipotesis alternativa H1 = Si hay diferencia significativa
A63: 3 | B63: 3
A64: 5 | B64: 2
A65: 2 | B65: 2
A66: 1 | B66: 4 | D66: Si t calculado > t critico (Tabla)
A67: 2 | B67: 4 | D67: ="Dos Colas: Si t calculado ("&E29&") > a t critico ("&E52&") (de tabla) ---> Se rechaza la hipotesis nula" -> Dos Colas: Si t calculado (0.269145244100998) > a t critico (1.97246198976721) (de tabla) ---> Se rechaza la hipotesis nula
A68: 4 | B68: 1 | D68: ="Una Cola: Si t calculado ("&E29&") > a t critico ("&E53&") (de tabla) ---> Se rechaza la hipotesis nula" -> Una Cola: Si t calculado (0.269145244100998) > a t critico (-1.65287054723039) (de tabla) ---> Se rechaza la hipotesis nula
A69: 3 | B69: 4
A70: 3 | B70: 2
A71: 3 | B71: 3
A72: 4 | B72: 3 | D72: Si p valor < Nivel Significancia
A73: 5 | B73: 4 | D73: ="Dos Colas: Si p valor ("&E55&") < Nivel Significancia (0.05) ---> Se rechaza la hipotesis nula" -> Dos Colas: Si p valor (0.788106921400109) < Nivel Significancia (0.05) ---> Se rechaza la hipotesis nula
A74: 3 | B74: 3 | D74: ="Una Cola: Si p valor ("&E56&") < Nivel Significancia (0.05) ---> Se rechaza la hipotesis nula" -> Una Cola: Si p valor (0.394053460700055) < Nivel Significancia (0.05) ---> Se rechaza la hipotesis nula
A75: 3 | B75: 5
A76: 3 | B76: 3
A77: 4 | B77: 2
A78: 3 | B78: 3
A79: 3 | B79: 2
A80: 2 | B80: 3
A81: 2 | B81: 2
A82: 3 | B82: 3
A83: 3 | B83: 4
A84: 3 | B84: 2
A85: 2 | B85: 3
A86: 1 | B86: 3
... A98: 4 | B98: 3

Sheet Comprensión
A1: (Sin Aprendizaje Colaborativo) Grupo Control - Pre-test Comprensión | B1: (Sin Aprendizaje Colaborativo) Grupo Experimental - Pre-test Comprensión
A2: 3 | B2: 5 | D2: Media (X1) Grupo Control | E2: =AVERAGE(A:A) -> 3.1340206
A3: 3 | B3: 3 | D3: Mediana (Me1) | E3: =MEDIAN(A:A) -> 3
A4: 1 | B4: 4 | D4: Moda (Mo1) | E4: =MODE(A:A) -> 3
A5: 3 | B5: 3 | D5: Desviacion Tipica o Estandar (S1) | E5: =STDEV(A:A) -> 1.2300819
A6: 3 | B6: 4 | D6: n1 | E6: =COUNT(A:A) -> 97
A7: 3 | B7: 2
A8: 3 | B8: 3 | D8: Media (X2) Grupo Experimental | E8: =AVERAGE(B:B) -> 3.1237113
A9: 4 | B9: 4 | D9: Mediana (Me2) | E9: =MEDIAN(B:B) -> 3
A10: 3 | B10: 4 | D10: Moda (Mo2) | E10: =MODE(B:B) -> 3
A11: 5 | B11: 4 | D11: Desviacion Tipica o Estandar (S2) | E11: =STDEV(B:B) -> 1.1110968
A12: 1 | B12: 3 | D12: n2 | E12: =COUNT(B:B) -> 97
A13: 2 | B13: 2
A14: 5 | B14: 3
A15: 2 | B15: 3
A16: 3 | B16: 1
A17: 4 | B17: 3 | D17: t de student
A18: 4 | B18: 5
A19: 3 | B19: 4
A20: 2 | B20: 2
A21: 4 | B21: 2
A22: 3 | B22: 4
A23: 4 | B23: 4
A24: 5 | B24: 4
A25: 4 | B25: 5
A26: 4 | B26: 3
A27: 5 | B27: 5
A28: 3 | B28: 2
A29: 3 | B29: 4 | D29: Valor de t | E29: =(E2-E8)/SQRT(((E5^2)/E6)+((E11^2)/E12)) -> 0.061253995
A30: 2 | B30: 2
A31: 2 | B31: 3 | D31: df grados de libertad
A32: 5 | B32: 3
A33: 3 | B33: 3
A34: 4 | B34: 4
A35: 4 | B35: 5
A36: 4 | B36: 3
A37: 2 | B37: 2
A38: 3 | B38: 5
A39: 2 | B39: 5
A40: 3 | B40: 2
A41: 3 | B41: 2 | D41: parte 1 | E41: =(((E5^2)/E6)+((E11^2)/E12))^2 -> 0.0008023713
A42: 2 | B42: 1 | D42: parte 2 | E42: =(((E5^2)/E6)^2)/(E6-1) -> 2.5346696e-06
A43: 4 | B43: 3 | D43: parte 3 | E43: =(((E11^2)/E12)^2)/(E12-1) -> 1.6873022e-06
A44: 3 | B44: 3
A45: 5 | B45: 4 | D45: df grados de libertad | E45: =E41/(E42+E43) -> 190.04658 | F45: Buscar Tabla
A46: 3 | B46: 3
A47: 2 | B47: 2 | D47: Nivel de significancia (α) (para dos colas) | E47: 0.05 | F47: Buscar Tabla
A48: 1 | B48: 2
A49: 3 | B49: 2
A50: 3 | B50: 3
A51: 2 | B51: 2
A52: 4 | B52: 4 | D52: valor crítico t (Excel) 2 colas | E52: =_xlfn.T.INV.2T(E47,E45) -> 1.9725282
A53: 4 | B53: 5 | D53: valor crítico t (Excel) 1 cola | E53: =_xlfn.T.INV(E47, E45) -> -1.6529129
A54: 2 | B54: 3
A55: 5 | B55: 3 | D55: P valor, Calculado (Excel) 2 colas | E55: =TTEST(A:A,B:B,2,2) -> 0.95122064
A56: 1 | B56: 3 | D56: P valor, Calculado (Excel) 1 cola | E56: =TTEST(A:A,B:B,1,2) -> 0.47561032
A57: 1 | B57: 3
A58: 4 | B58: 3
A59: 4 | B59: 5 | D59: Hipotesis
A60: 2 | B60: 5
A61: 1 | B61: 2 | D61: hipotesis nula Ho = No hay diferencias significativa
A62: 5 | B62: 5 | D62: hipotesis alternativa H1 = Si hay diferencia significativa
A63: 5 | B63: 3
A64: 4 | B64: 4
A65: 1 | B65: 2
A66: 5 | B66: 3 | D66: Si t calculado > t critico (Tabla)
A67: 5 | B67: 3 | D67: ="Dos Colas: Si t calculado ("&E29&") > a t critico ("&E52&") (de tabla) ---> Se rechaza la hipotesis nula" -> Dos Colas: Si t calculado (0.0612539949993846) > a t critico (1.97252818200131) (de tabla) ---> Se rechaza la hipotesis nula
A68: 3 | B68: 4 | D68: ="Una Cola: Si t calculado ("&E29&") > a t critico ("&E53&") (de tabla) ---> Se rechaza la hipotesis nula" -> Una Cola: Si t calculado (0.0612539949993846) > a t critico (-1.65291294902242) (de tabla) ---> Se rechaza la hipotesis nula
A69: 1 | B69: 2
A70: 5 | B70: 3
A71: 1 | B71: 2
A72: 4 | B72: 1 | D72: Si p valor < Nivel Significancia
A73: 5 | B73: 4 | D73: ="Dos Colas: Si p valor ("&E55&") < Nivel Significancia (0.05) ---> Se rechaza la hipotesis nula" -> Dos Colas: Si p valor (0.951220643323788) < Nivel Significancia (0.05) ---> Se rechaza la hipotesis nula
A74: 1 | B74: 3 | D74: ="Una Cola: Si p valor ("&E56&") < Nivel Significancia (0.05) ---> Se rechaza la hipotesis nula" -> Una Cola: Si p valor (0.475610321661894) < Nivel Significancia (0.05) ---> Se rechaza la hipotesis nula
A75: 3 | B75: 3
A76: 3 | B76: 4
A77: 4 | B77: 2
A78: 3 | B78: 4
A79: 4 | B79: 3
A80: 3 | B80: 3
A81: 3 | B81: 5
A82: 2 | B82: 2
A83: 1 | B83: 2
A84: 3 | B84: 1
A85: 3 | B85: 3
A86: 3 | B86: 3
... A98: 3 | B98: 4

Sheet Habilidades
A1: (Sin Aprendizaje Colaborativo) Grupo Control - Pre-test Habilidades | B1: (Sin Aprendizaje Colaborativo) Grupo Experimental - Pre-test Habilidades
A2: 4 | B2: 3 | D2: Media (X1) Grupo Control | E2: =AVERAGE(A:A) -> 3.1546392
A3: 4 | B3: 3 | D3: Mediana (Me1) | E3: =MEDIAN(A:A) -> 3
A4: 3 | B4: 5 | D4: Moda (Mo1) | E4: =MODE(A:A) -> 3
A5: 3 | B5: 3 | D5: Desviacion Tipica o Estandar (S1) | E5: =STDEV(A:A) -> 1.1118697
A6: 5 | B6: 4 | D6: n1 | E6: =COUNT(A:A) -> 97
A7: 3 | B7: 2
A8: 4 | B8: 4 | D8: Media (X2) Grupo Experimental | E8: =AVERAGE(B:B) -> 2.9587629
A9: 3 | B9: 3 | D9: Mediana (Me2) | E9: =MEDIAN(B:B) -> 3
A10: 5 | B10: 2 | D10: Moda (Mo2) | E10: =MODE(B:B) -> 3
A11: 4 | B11: 4 | D11: Desviacion Tipica o Estandar (S2) | E11: =STDEV(B:B) -> 1.1265501
A12: 3 | B12: 2 | D12: n2 | E12: =COUNT(B:B) -> 97
A13: 3 | B13: 2
A14: 3 | B14: 5
A15: 1 | B15: 5
A16: 3 | B16: 5
A17: 1 | B17: 5 | D17: t de student
A18: 5 | B18: 3
A19: 1 | B19: 1
A20: 4 | B20: 3
A21: 4 | B21: 1
A22: 2 | B22: 5
A23: 2 | B23: 4
A24: 4 | B24: 3
A25: 3 | B25: 2
A26: 4 | B26: 1
A27: 4 | B27: 3
A28: 2 | B28: 3
A29: 2 | B29: 2 | D29: Valor de t | E29: =(E2-E8)/SQRT(((E5^2)/E6)+((E11^2)/E12)) -> 1.2187983
A30: 3 | B30: 5
A31: 3 | B31: 1 | D31: df grados de libertad
A32: 5 | B32: 3
A33: 3 | B33: 3
A34: 4 | B34: 5
A35: 3 | B35: 3
A36: 3 | B36: 4
A37: 4 | B37: 3
A38: 2 | B38: 4
A39: 2 | B39: 2
A40: 5 | B40: 4
A41: 3 | B41: 5 | D41: parte 1 | E41: =(((E5^2)/E6)+((E11^2)/E12))^2 -> 0.00066711403
A42: 4 | B42: 1 | D42: parte 2 | E42: =(((E5^2)/E6)^2)/(E6-1) -> 1.6920022e-06
A43: 2 | B43: 3 | D43: parte 3 | E43: =(((E11^2)/E12)^2)/(E12-1) -> 1.7831478e-06
A44: 2 | B44: 3
A45: 4 | B45: 4 | D45: df grados de libertad | E45: =E41/(E42+E43) -> 191.96698 | F45: Buscar Tabla
A46: 2 | B46: 3
A47: 4 | B47: 3 | D47: Nivel de significancia (α) (para dos colas) | E47: 0.05 | F47: Buscar Tabla
A48: 1 | B48: 5
A49: 2 | B49: 3
A50: 3 | B50: 3
A51: 2 | B51: 4
A52: 2 | B52: 2 | D52: valor crítico t (Excel) 2 colas | E52: =_xlfn.T.INV.2T(E47,E45) -> 1.972462
A53: 2 | B53: 3 | D53: valor crítico t (Excel) 1 cola | E53: =_xlfn.T.INV(E47, E45) -> -1.6528705
A54: 3 | B54: 2
A55: 3 | B55: 3 | D55: P valor, Calculado (Excel) 2 colas | E55: =TTEST(A:A,B:B,2,2) -> 0.2244161
A56: 4 | B56: 3 | D56: P valor, Calculado (Excel) 1 cola | E56: =TTEST(A:A,B:B,1,2) -> 0.11220805
A57: 2 | B57: 3
A58: 2 | B58: 2
A59: 2 | B59: 1 | D59: Hipotesis
A60: 5 | B60: 1
A61: 5 | B61: 2 | D61: hipotesis nula Ho = No hay diferencias significativa
A62: 5 | B62: 2 | D62: hipotesis alternativa H1 = Si hay diferencia significativa
A63: 4 | B63: 3
A64: 3 | B64: 4
A65: 3 | B65: 2
A66: 2 | B66: 2 | D66: Si t calculado > t critico (Tabla)
A67: 5 | B67: 2 | D67: ="Dos Colas: Si t calculado ("&E29&") > a t critico ("&E52&") (de tabla) ---> Se rechaza la hipotesis nula" -> Dos Colas: Si t calculado (1.21879832325314) > a t critico (1.97246198976721) (de tabla) ---> Se rechaza la hipotesis nula
A68: 3 | B68: 4 | D68: ="Una Cola: Si t calculado ("&E29&") > a t critico ("&E53&") (de tabla) ---> Se rechaza la hipotesis nula" -> Una Cola: Si t calculado (1.21879832325314) > a t critico (-1.65287054723039) (de tabla) ---> Se rechaza la hipotesis nula
A69: 3 | B69: 2
A70: 2 | B70: 1
A71: 2 | B71: 3
A72: 3 | B72: 4 | D72: Si p valor < Nivel Significancia
A73: 5 | B73: 3 | D73: ="Dos Colas: Si p valor ("&E55&") < Nivel Significancia (0.05) ---> Se rechaza la hipotesis nula" -> Dos Colas: Si p valor (0.224416103891779) < Nivel Significancia (0.05) ---> Se rechaza la hipotesis nula
A74: 5 | B74: 2 | D74: ="Una Cola: Si p valor ("&E56&") < Nivel Significancia (0.05) ---> Se rechaza la hipotesis nula" -> Una Cola: Si p valor (0.11220805194589) < Nivel Significancia (0.05) ---> Se rechaza la hipotesis nula
A75: 3 | B75: 3
A76: 2 | B76: 3
A77: 3 | B77: 2
A78: 3 | B78: 3
A79: 4 | B79: 4
A80: 5 | B80: 4
A81: 2 | B81: 3
A82: 4 | B82: 2
A83: 2 | B83: 5
A84: 3 | B84: 3
A85: 1 | B85: 3
A86: 1 | B86: 4
... A98: 3 | B98: 3

Sheet Resolución-autónoma
A1: (Sin Aprendizaje Colaborativo) Grupo Control - Pre-test Resolución-autónoma | B1: (Sin Aprendizaje Colaborativo) Grupo Experimental - Pre-test Resolución-autónoma
A2: 3 | B2: 1 | D2: Media (X1) Grupo Control | E2: =AVERAGE(A:A) -> 2.9793814
A3: 4 | B3: 1 | D3: Mediana (Me1) | E3: =MEDIAN(A:A) -> 3
A4: 3 | B4: 3 | D4: Moda (Mo1) | E4: =MODE(A:A) -> 3
A5: 3 | B5: 3 | D5: Desviacion Tipica o Estandar (S1) | E5: =STDEV(A:A) -> 1.0505889
A6: 3 | B6: 1 | D6: n1 | E6: =COUNT(A:A) -> 97
A7: 3 | B7: 3
A8: 3 | B8: 4 | D8: Media (X2) Grupo Experimental | E8: =AVERAGE(B:B) -> 3.0206186
A9: 3 | B9: 1 | D9: Mediana (Me2) | E9: =MEDIAN(B:B) -> 3
A10: 4 | B10: 4 | D10: Moda (Mo2) | E10: =MODE(B:B) -> 3
A11: 3 | B11: 4 | D11: Desviacion Tipica o Estandar (S2) | E11: =STDEV(B:B) -> 1.0799246
A12: 5 | B12: 3 | D12: n2 | E12: =COUNT(B:B) -> 97
A13: 3 | B13: 2
A14: 1 | B14: 3
A15: 2 | B15: 1
A16: 2 | B16: 3
A17: 3 | B17: 5 | D17: t de student
A18: 2 | B18: 3
A19: 3 | B19: 3
A20: 4 | B20: 3
A21: 5 | B21: 5
A22: 2 | B22: 3
A23: 3 | B23: 5
A24: 3 | B24: 3
A25: 4 | B25: 4
A26: 5 | B26: 3
A27: 2 | B27: 3
A28: 2 | B28: 3
A29: 2 | B29: 4 | D29: Valor de t | E29: =(E2-E8)/SQRT(((E5^2)/E6)+((E11^2)/E12)) -> -0.2695651
A30: 2 | B30: 3
A31: 4 | B31: 3 | D31: df grados de libertad
A32: 3 | B32: 4
A33: 4 | B33: 3
A34: 3 | B34: 2
A35: 3 | B35: 3
A36: 2 | B36: 3
A37: 1 | B37: 2
A38: 3 | B38: 5
A39: 3 | B39: 3
A40: 2 | B40: 2
A41: 4 | B41: 1 | D41: parte 1 | E41: =(((E5^2)/E6)+((E11^2)/E12))^2 -> 0.00054764406
A42: 2 | B42: 2 | D42: parte 2 | E42: =(((E5^2)/E6)^2)/(E6-1) -> 1.3487038e-06
A43: 2 | B43: 4 | D43: parte 3 | E43: =(((E11^2)/E12)^2)/(E12-1) -> 1.5057713e-06
A44: 2 | B44: 1
A45: 5 | B45: 4 | D45: df grados de libertad | E45: =E41/(E42+E43) -> 191.85456 | F45: Buscar Tabla
A46: 3 | B46: 3
A47: 2 | B47: 5 | D47: Nivel de significancia (α) (para dos colas) | E47: 0.05 | F47: Buscar Tabla
A48: 3 | B48: 3
A49: 2 | B49: 4
A50: 2 | B50: 2
A51: 4 | B51: 4
A52: 3 | B52: 1 | D52: valor crítico t (Excel) 2 colas | E52: =_xlfn.T.INV.2T(E47,E45) -> 1.972462
A53: 2 | B53: 3 | D53: valor crítico t (Excel) 1 cola | E53: =_xlfn.T.INV(E47, E45) -> -1.6528705
A54: 3 | B54: 4
A55: 3 | B55: 5 | D55: P valor, Calculado (Excel) 2 colas | E55: =TTEST(A:A,B:B,2,2) -> 0.78778434
A56: 1 | B56: 2 | D56: P valor, Calculado (Excel) 1 cola | E56: =TTEST(A:A,B:B,1,2) -> 0.39389217
A57: 2 | B57: 2
A58: 3 | B58: 3
A59: 2 | B59: 3 | D59: Hipotesis
A60: 3 | B60: 3
A61: 4 | B61: 2 | D61: hipotesis nula Ho = No hay diferencias significativa
A62: 1 | B62: 4 | D62: hipotesis alternativa H1 = Si hay diferencia significativa
A63: 3 | B63: 3
A64: 2 | B64: 3
A65: 1 | B65: 2
A66: 2 | B66: 2 | D66: Si t calculado > t critico (Tabla)
A67: 4 | B67: 2 | D67: ="Dos Colas: Si t calculado ("&E29&") > a t critico ("&E52&") (de tabla) ---> Se rechaza la hipotesis nula" -> Dos Colas: Si t calculado (-0.269565097959723) > a t critico (1.97246198976721) (de tabla) ---> Se rechaza la hipotesis nula
A68: 3 | B68: 2 | D68: ="Una Cola: Si t calculado ("&E29&") > a t critico ("&E53&") (de tabla) ---> Se rechaza la hipotesis nula" -> Una Cola: Si t calculado (-0.269565097959723) > a t critico (-1.65287054723039) (de tabla) ---> Se rechaza la hipotesis nula
A69: 2 | B69: 3
A70: 3 | B70: 3
A71: 2 | B71: 3
A72: 5 | B72: 4 | D72: Si p valor < Nivel Significancia
A73: 5 | B73: 4 | D73: ="Dos Colas: Si p valor ("&E55&") < Nivel Significancia (0.05) ---> Se rechaza la hipotesis nula" -> Dos Colas: Si p valor (0.787784340130238) < Nivel Significancia (0.05) ---> Se rechaza la hipotesis nula
A74: 1 | B74: 3 | D74: ="Una Cola: Si p valor ("&E56&") < Nivel Significancia (0.05) ---> Se rechaza la hipotesis nula" -> Una Cola: Si p valor (0.393892170065119) < Nivel Significancia (0.05) ---> Se rechaza la hipotesis nula
A75: 2 | B75: 3
A76: 3 | B76: 5
A77: 4 | B77: 3
A78: 3 | B78: 4
A79: 3 | B79: 3
A80: 3 | B80: 5
A81: 2 | B81: 2
A82: 4 | B82: 5
A83: 4 | B83: 4
A84: 3 | B84: 4
A85: 3 | B85: 4
A86: 3 | B86: 3
... A98: 3 | B98: 3

Sheet Motivación
A1: (Sin Aprendizaje Colaborativo) Grupo Control - Pre-test Motivación | B1: (Sin Aprendizaje Colaborativo) Grupo Experimental - Pre-test Motivación
A2: 4 | B2: 3 | D2: Media (X1) Grupo Control | E2: =AVERAGE(A:A) -> 3.0309278
A3: 4 | B3: 4 | D3: Mediana (Me1) | E3: =MEDIAN(A:A) -> 3
A4: 2 | B4: 2 | D4: Moda (Mo1) | E4: =MODE(A:A) -> 3
A5: 3 | B5: 1 | D5: Desviacion Tipica o Estandar (S1) | E5: =STDEV(A:A) -> 1.0552805
A6: 3 | B6: 3 | D6: n1 | E6: =COUNT(A:A) -> 97
A7: 2 | B7: 3
A8: 4 | B8: 3 | D8: Media (X2) Grupo Experimental | E8: =AVERAGE(B:B) -> 2.9484536
A9: 3 | B9: 2 | D9: Mediana (Me2) | E9: =MEDIAN(B:B) -> 3
A10: 3 | B10: 3 | D10: Moda (Mo2) | E10: =MODE(B:B) -> 3
A11: 1 | B11: 3 | D11: Desviacion Tipica o Estandar (S2) | E11: =STDEV(B:B) -> 1.0445407
A12: 1 | B12: 2 | D12: n2 | E12: =COUNT(B:B) -> 97
A13: 4 | B13: 4
A14: 4 | B14: 3
A15: 5 | B15: 5
A16: 5 | B16: 3
A17: 2 | B17: 3 | D17: t de student
A18: 3 | B18: 3
A19: 3 | B19: 3
A20: 4 | B20: 4
A21: 3 | B21: 2
A22: 2 | B22: 2
A23: 3 | B23: 3
A24: 1 | B24: 4
A25: 3 | B25: 2
A26: 3 | B26: 4
A27: 4 | B27: 4
A28: 3 | B28: 1
A29: 3 | B29: 3 | D29: Valor de t | E29: =(E2-E8)/SQRT(((E5^2)/E6)+((E11^2)/E12)) -> 0.54705517
A30: 3 | B30: 1
A31: 3 | B31: 3 | D31: df grados de libertad
A32: 5 | B32: 3
A33: 3 | B33: 5
A34: 1 | B34: 3
A35: 5 | B35: 1
A36: 1 | B36: 5
A37: 3 | B37: 3
A38: 2 | B38: 3
A39: 2 | B39: 4
A40: 3 | B40: 4
A41: 2 | B41: 2 | D41: parte 1 | E41: =(((E5^2)/E6)+((E11^2)/E12))^2 -> 0.00051659297
A42: 4 | B42: 2 | D42: parte 2 | E42: =(((E5^2)/E6)^2)/(E6-1) -> 1.3729568e-06
A43: 4 | B43: 2 | D43: parte 3 | E43: =(((E11^2)/E12)^2)/(E12-1) -> 1.3179131e-06
A44: 3 | B44: 5
A45: 4 | B45: 4 | D45: df grados de libertad | E45: =E41/(E42+E43) -> 191.97991 | F45: Buscar Tabla
A46: 3 | B46: 4
A47: 1 | B47: 3 | D47: Nivel de significancia (α) (para dos colas) | E47: 0.05 | F47: Buscar Tabla
A48: 2 | B48: 4
A49: 3 | B49: 2
A50: 5 | B50: 3
A51: 3 | B51: 5
A52: 1 | B52: 3 | D52: valor crítico t (Excel) 2 colas | E52: =_xlfn.T.INV.2T(E47,E45) -> 1.972462
A53: 5 | B53: 3 | D53: valor crítico t (Excel) 1 cola | E53: =_xlfn.T.INV(E47, E45) -> -1.6528705
A54: 3 | B54: 4
A55: 3 | B55: 3 | D55: P valor, Calculado (Excel) 2 colas | E55: =TTEST(A:A,B:B,2,2) -> 0.5849761
A56: 4 | B56: 1 | D56: P valor, Calculado (Excel) 1 cola | E56: =TTEST(A:A,B:B,1,2) -> 0.29248805
A57: 3 | B57: 3
A58: 4 | B58: 1
A59: 4 | B59: 5 | D59: Hipotesis
A60: 3 | B60: 3
A61: 2 | B61: 3 | D61: hipotesis nula Ho = No hay diferencias significativa
A62: 5 | B62: 3 | D62: hipotesis alternativa H1 = Si hay diferencia significativa
A63: 2 | B63: 2
A64: 4 | B64: 3
A65: 5 | B65: 5
A66: 1 | B66: 2 | D66: Si t calculado > t critico (Tabla)
A67: 3 | B67: 5 | D67: ="Dos Colas: Si t calculado ("&E29&") > a t critico ("&E52&") (de tabla) ---> Se rechaza la hipotesis nula" -> Dos Colas: Si t calculado (0.547055172637458) > a t critico (1.97246198976721) (de tabla) ---> Se rechaza la hipotesis nula
A68: 3 | B68: 3 | D68: ="Una Cola: Si t calculado ("&E29&") > a t critico ("&E53&") (de tabla) ---> Se rechaza la hipotesis nula" -> Una Cola: Si t calculado (0.547055172637458) > a t critico (-1.65287054723039) (de tabla) ---> Se rechaza la hipotesis nula
A69: 2 | B69: 3
A70: 2 | B70: 2
A71: 4 | B71: 3
A72: 3 | B72: 2 | D72: Si p valor < Nivel Significancia
A73: 4 | B73: 2 | D73: ="Dos Colas: Si p valor ("&E55&") < Nivel Significancia (0.05) ---> Se rechaza la hipotesis nula" -> Dos Colas: Si p valor (0.584976095101239) < Nivel Significancia (0.05) ---> Se rechaza la hipotesis nula
A74: 4 | B74: 3 | D74: ="Una Cola: Si p valor ("&E56&") < Nivel Significancia (0.05) ---> Se rechaza la hipotesis nula" -> Una Cola: Si p valor (0.292488047550619) < Nivel Significancia (0.05) ---> Se rechaza la hipotesis nula
A75: 1 | B75: 3
A76: 2 | B76: 1
A77: 4 | B77: 2
A78: 3 | B78: 3
A79: 3 | B79: 2
A80: 3 | B80: 4
A81: 3 | B81: 4
A82: 4 | B82: 3
A83: 4 | B83: 1
A84: 3 | B84: 2
A85: 2 | B85: 2
A86: 3 | B86: 2
... A98: 3 | B98: 3
