Workbook

Sheet Resumen
A1: Indicador | B1: F Calculado | C1: F Critico Critico | D1: P Valor
A2: Participo actividades | B2: =ROUND('Participas-actividades'!F73, 4) -> 2.1007 | C2: =ROUND('Participas-actividades'!F81, 4) -> 3.0285 | D2: =ROUND('Participas-actividades'!F82, 4) -> 0.1243
A3: Comprensión contenidos | B3: =ROUND('Comprensión-contenidos'!F73, 4) -> 1.2258 | C3: =ROUND('Comprensión-contenidos'!F81, 4) -> 3.0285 | D3: =ROUND('Comprensión-contenidos'!F82, 4) -> 0.2951
A4: Herramientas tecnológicas | B4: =ROUND('Herramientas-tecnológicas'!F73, 4) -> 1.4696 | C4: =ROUND('Herramientas-tecnológicas'!F81, 4) -> 3.0285 | D4: =ROUND('Herramientas-tecnológicas'!F82, 4) -> 0.2318
A5: Recursos tecnológicos | B5: =ROUND('Recursos-tecnológicos'!F73, 4) -> 1.1733 | C5: =ROUND('Recursos-tecnológicos'!F81, 4) -> 3.0285 | D5: =ROUND('Recursos-tecnológicos'!F82, 4) -> 0.3109
A6: Percepción evaluaciones | B6: =ROUND('Percepción-evaluaciones'!F73, 4) -> 0.8858 | C6: =ROUND('Percepción-evaluaciones'!F81, 4) -> 3.0285 | D6: =ROUND('Percepción-evaluaciones'!F82, 4) -> 0.4135
A7: Retroalimentación oportuna | B7: =ROUND('Retroalimentación-oportuna'!F73, 4) -> 2.6119 | C7: =ROUND('Retroalimentación-oportuna'!F81, 4) -> 3.0285 | D7: =ROUND('Retroalimentación-oportuna'!F82, 4) -> 0.0752
A8: Calificación | B8: =ROUND(Calificación!F73, 4) -> 1.2692 | C8: =ROUND(Calificación!F81, 4) -> 3.0285 | D8: =ROUND(Calificación!F82, 4) -> 0.2827
A9: Nivel comprensión | B9: =ROUND('Nivel-comprensión'!F73, 4) -> 0.4636 | C9: =ROUND('Nivel-comprensión'!F81, 4) -> 3.0285 | D9: =ROUND('Nivel-comprensión'!F82, 4) -> 0.6295
A10: Habilidades tareas | B10: =ROUND('Habilidades-tareas'!F73, 4) -> 0.8377 | C10: =ROUND('Habilidades-tareas'!F81, 4) -> 3.0285 | D10: =ROUND('Habilidades-tareas'!F82, 4) -> 0.4338
A11: Resolución problemas | B11: =ROUND('Resolución-problemas'!F73, 4) -> 0.075 | C11: =ROUND('Resolución-problemas'!F81, 4) -> 3.0285 | D11: =ROUND('Resolución-problemas'!F82, 4) -> 0.9277
A12: Motivación | B12: =ROUND(Motivación!F73, 4) -> 2.9834 | C12: =ROUND(Motivación!F81, 4) -> 3.0285 | D12: =ROUND(Motivación!F82, 4) -> 0.0523

Sheet Participas-actividades
A1: Grupo Control Pre Test Sin intervención | B1: Grupo Control Post Test Sin intervención | C1: Grupo Experimental Pre Test Sin intervención
A2: 5 | B2: 2 | C2: 3 | E2: Datos Generales
A3: 5 | B3: 1 | C3: 4 | E3: Tamano Grupos | F3: =COUNT(A:A) -> 93
A4: 2 | B4: 4 | C4: 2 | E4: Promedio Grupo A | F4: =AVERAGE(A:A) -> 3.4623656
A5: 3 | B5: 3 | C5: 3 | E5: Promedio Grupo B | F5: =AVERAGE(B:B) -> 3.1397849
A6: 3 | B6: 4 | C6: 1 | E6: Promedio Grupo C | F6: =AVERAGE(C:C) -> 3.2150538
A7: 5 | B7: 1 | C7: 3 | E7: Promedio Total total | F7: =AVERAGE(F4:F6) -> 3.2724014
A8: 1 | B8: 4 | C8: 5
A9: 2 | B9: 1 | C9: 3
A10: 4 | B10: 3 | C10: 4 | E10: Calculo Suma de Cuadrados Entre Grupos
A11: 4 | B11: 3 | C11: 3 | E11: Mide qué tan diferentes son los grupos entre sí
A12: 4 | B12: 3 | C12: 5 | E12: Compara las medias de cada grupo con la media general
A13: 4 | B13: 4 | C13: 4
A14: 3 | B14: 4 | C14: 2
A15: 4 | B15: 4 | C15: 4
A16: 4 | B16: 4 | C16: 2 | E16: SC Entre Grupos | F16: =F3*((F4-F7)^2+(F5-F7)^2+(F6-F7)^2) -> 5.297491
A17: 3 | B17: 3 | C17: 4
A18: 5 | B18: 4 | C18: 3
A19: 4 | B19: 5 | C19: 3 | E19: Calculo gl ENTRE (Grados de libertad entre grupos)
A20: 4 | B20: 1 | C20: 3 | E20: Cantidad de grupos independientes que puedes comparar
A21: 4 | B21: 2 | C21: 4 | E21: k (Numero de grupos) | F21: 3
A22: 3 | B22: 2 | C22: 4
A23: 4 | B23: 1 | C23: 5
A24: 3 | B24: 4 | C24: 4 | E24: gl entre | F24: =F21-1 -> 2
A25: 3 | B25: 4 | C25: 3
A26: 5 | B26: 3 | C26: 1
A27: 3 | B27: 3 | C27: 2 | E27: Calculo MC ENTRE (Media Cuadrática Entre)
A28: 4 | B28: 5 | C28: 2 | E28: Es el promedio de la variación entre grupos
A29: 5 | B29: 2 | C29: 2
A30: 2 | B30: 4 | C30: 3
A31: 1 | B31: 4 | C31: 4
A32: 2 | B32: 3 | C32: 2
A33: 4 | B33: 3 | C33: 3 | E33: MC entre | F33: =F16/F24 -> 2.6487455
A34: 5 | B34: 3 | C34: 3
A35: 3 | B35: 5 | C35: 5
A36: 4 | B36: 2 | C36: 3 | E36: Calculo SC DENTRO DE GRUPOS (Suma de Cuadrados Dentro)
A37: 5 | B37: 4 | C37: 3 | E37: Mide la variabilidad interna de cada grupo
A38: 3 | B38: 5 | C38: 2 | E38: Qué tanto varían los datos dentro del mismo grupo
A39: 5 | B39: 2 | C39: 3
A40: 2 | B40: 1 | C40: 4
A41: 4 | B41: 2 | C41: 1
A42: 3 | B42: 2 | C42: 5
A43: 4 | B43: 3 | C43: 4 | E43: SC Dentro Grupos | F43: =DEVSQ(A:A)+DEVSQ(B:B)+DEVSQ(C:C) -> 348
A44: 3 | B44: 3 | C44: 5
A45: 3 | B45: 5 | C45: 3
A46: 4 | B46: 4 | C46: 2 | E46: Calculo gl DENTRO (Grados de libertad dentro)
A47: 1 | B47: 4 | C47: 4 | E47: N = total de datos | F47: =COUNT(A:A,B:B,C:C,#REF!) -> 279
A48: 3 | B48: 4 | C48: 2 | E48: k (Numero de grupos) | F48: =F21 -> 3
A49: 2 | B49: 3 | C49: 4
A50: 2 | B50: 3 | C50: 2
A51: 3 | B51: 5 | C51: 2
A52: 2 | B52: 4 | C52: 2
A53: 5 | B53: 3 | C53: 5 | E53: gl dentro | F53: =F47-F48 -> 276
A54: 4 | B54: 5 | C54: 1
A55: 5 | B55: 2 | C55: 3
A56: 4 | B56: 3 | C56: 4 | E56: Calculo MC DENTRO (Media Cuadrática Dentro)
A57: 4 | B57: 3 | C57: 2 | E57: Es el promedio de la variación interna
A58: 4 | B58: 3 | C58: 4
A59: 2 | B59: 2 | C59: 2
A60: 4 | B60: 4 | C60: 5
A61: 4 | B61: 3 | C61: 3
A62: 3 | B62: 3 | C62: 3
A63: 5 | B63: 4 | C63: 5 | E63: MC dentro | F63: =F43/F53 -> 1.2608696
A64: 2 | B64: 2 | C64: 4
A65: 5 | B65: 3 | C65: 5
A66: 1 | B66: 3 | C66: 3 | E66: Calculo F Calculado
A67: 3 | B67: 2 | C67: 4 | E67: El F calculado es un valor numérico que obtienes al aplicar la fórmula de ANOVA.
A68: 4 | B68: 2 | C68: 3 | E68: Sirve para decidir si hay diferencias significativas entre grupos.
A69: 5 | B69: 3 | C69: 4
A70: 2 | B70: 2 | C70: 4
A71: 3 | B71: 3 | C71: 3
A72: 3 | B72: 3 | C72: 5
A73: 3 | B73: 3 | C73: 2 | E73: F calculado | F73: =F33/F63 -> 2.1007292
A74: 5 | B74: 3 | C74: 2
A75: 4 | B75: 5 | C75: 3
A76: 5 | B76: 2 | C76: 3 | E76: Calculo F critico (Tabla) y P valor
A77: 2 | B77: 2 | C77: 2
A78: 3 | B78: 5 | C78: 4 | E78: α El mas comun 5% | F78: 0.05
A79: 4 | B79: 2 | C79: 5 | E79: gl entre | F79: =F24 -> 2
A80: 5 | B80: 5 | C80: 4 | E80: gl dentro | F80: =F53 -> 276
A81: 4 | B81: 4 | C81: 2 | E81: F critico (Tabla) | F81: =FINV(F78, F79, F80) -> 3.0284848
A82: 4 | B82: 3 | C82: 5 | E82: P valor | F82: =_xlfn.F.DIST.RT(F73, F79, F80) -> 0.12431952
A83: 3 | B83: 5 | C83: 3
A84: 3 | B84: 2 | C84: 1 | E84: Interpretación:
A85: 2 | B85: 2 | C85: 2
A86: 3 | B86: 3 | C86: 3 | E86: hipotesis nula Ho = No hay diferencias significativa
A87: 5 | B87: 5 | C87: 5 | E87: hipotesis alternativa H1 = Si hay diferencia significativa
A88: 3 | B88: 4 | C88: 2
A89: 3 | B89: 3 | C89: 3 | E89: ="Si F calculado ("&F73&") > F critico ("&F81&") ---> Se rechaza la hipotesis nula" -> Si F calculado (2.10072920528983) > F critico (3.02848482890662) ---> Se rechaza la hipotesis nula
A90: 3 | B90: 1 | C90: 5 | E90: ="Si p-valor ("&F82&") < α Nivel Significancia ("&F78&") ---> Se rechaza la hipotesis nula" -> Si p-valor (0.124319516343905) < α Nivel Significancia (0.05) ---> Se rechaza la hipotesis nula
A91: 3 | B91: 3 | C91: 5
A92: 3 | B92: 4 | C92: 2
A93: 3 | B93: 3 | C93: 3
A94: 4 | B94: 3 | C94: 2

Sheet Comprensión-contenidos
A1: Grupo Control Pre Test Sin intervención | B1: Grupo Control Post Test Sin intervención | C1: Grupo Experimental Pre Test Sin intervención
A2: 3 | B2: 4 | C2: 4 | E2: Datos Generales
A3: 2 | B3: 3 | C3: 3 | E3: Tamano Grupos | F3: =COUNT(A:A) -> 93
A4: 4 | B4: 1 | C4: 3 | E4: Promedio Grupo A | F4: =AVERAGE(A:A) -> 3.344086
A5: 4 | B5: 5 | C5: 2 | E5: Promedio Grupo B | F5: =AVERAGE(B:B) -> 3.3010753
A6: 3 | B6: 1 | C6: 4 | E6: Promedio Grupo C | F6: =AVERAGE(C:C) -> 3.5483871
A7: 4 | B7: 3 | C7: 3 | E7: Promedio Total total | F7: =AVERAGE(F4:F6) -> 3.3978495
A8: 5 | B8: 5 | C8: 3
A9: 4 | B9: 4 | C9: 3
A10: 5 | B10: 3 | C10: 3 | E10: Calculo Suma de Cuadrados Entre Grupos
A11: 2 | B11: 5 | C11: 4 | E11: Mide qué tan diferentes son los grupos entre sí
A12: 2 | B12: 3 | C12: 3 | E12: Compara las medias de cada grupo con la media general
A13: 3 | B13: 4 | C13: 5
A14: 2 | B14: 3 | C14: 4
A15: 2 | B15: 5 | C15: 3
A16: 4 | B16: 2 | C16: 3 | E16: SC Entre Grupos | F16: =F3*((F4-F7)^2+(F5-F7)^2+(F6-F7)^2) -> 3.2473118
A17: 2 | B17: 1 | C17: 1
A18: 3 | B18: 1 | C18: 3
A19: 2 | B19: 3 | C19: 3 | E19: Calculo gl ENTRE (Grados de libertad entre grupos)
A20: 2 | B20: 5 | C20: 3 | E20: Cantidad de grupos independientes que puedes comparar
A21: 4 | B21: 3 | C21: 3 | E21: k (Numero de grupos) | F21: 3
A22: 5 | B22: 5 | C22: 5
A23: 4 | B23: 5 | C23: 4
A24: 4 | B24: 4 | C24: 4 | E24: gl entre | F24: =F21-1 -> 2
A25: 2 | B25: 3 | C25: 4
A26: 2 | B26: 2 | C26: 5
A27: 5 | B27: 3 | C27: 5 | E27: Calculo MC ENTRE (Media Cuadrática Entre)
A28: 3 | B28: 3 | C28: 4 | E28: Es el promedio de la variación entre grupos
A29: 4 | B29: 4 | C29: 1
A30: 4 | B30: 1 | C30: 4
A31: 5 | B31: 4 | C31: 3
A32: 4 | B32: 3 | C32: 5
A33: 1 | B33: 5 | C33: 3 | E33: MC entre | F33: =F16/F24 -> 1.6236559
A34: 4 | B34: 2 | C34: 4
A35: 3 | B35: 3 | C35: 4
A36: 3 | B36: 4 | C36: 3 | E36: Calculo SC DENTRO DE GRUPOS (Suma de Cuadrados Dentro)
A37: 4 | B37: 5 | C37: 5 | E37: Mide la variabilidad interna de cada grupo
A38: 1 | B38: 3 | C38: 5 | E38: Qué tanto varían los datos dentro del mismo grupo
A39: 1 | B39: 3 | C39: 4
A40: 4 | B40: 4 | C40: 5
A41: 3 | B41: 1 | C41: 5
A42: 4 | B42: 5 | C42: 4
A43: 4 | B43: 4 | C43: 2 | E43: SC Dentro Grupos | F43: =DEVSQ(A:A)+DEVSQ(B:B)+DEVSQ(C:C) -> 365.5914
A44: 5 | B44: 1 | C44: 3
A45: 3 | B45: 4 | C45: 3
A46: 3 | B46: 3 | C46: 4 | E46: Calculo gl DENTRO (Grados de libertad dentro)
A47: 5 | B47: 4 | C47: 2 | E47: N = total de datos | F47: =COUNT(A:A,B:B,C:C,#REF!) -> 279
A48: 4 | B48: 4 | C48: 4 | E48: k (Numero de grupos) | F48: =F21 -> 3
A49: 2 | B49: 1 | C49: 5
A50: 4 | B50: 4 | C50: 3
A51: 5 | B51: 2 | C51: 5
A52: 3 | B52: 4 | C52: 4
A53: 1 | B53: 4 | C53: 3 | E53: gl dentro | F53: =F47-F48 -> 276
A54: 4 | B54: 5 | C54: 2
A55: 3 | B55: 3 | C55: 3
A56: 3 | B56: 4 | C56: 3 | E56: Calculo MC DENTRO (Media Cuadrática Dentro)
A57: 4 | B57: 2 | C57: 1 | E57: Es el promedio de la variación interna
A58: 3 | B58: 3 | C58: 5
A59: 4 | B59: 1 | C59: 4
A60: 3 | B60: 5 | C60: 4
A61: 3 | B61: 2 | C61: 4
A62: 3 | B62: 2 | C62: 4
A63: 5 | B63: 2 | C63: 2 | E63: MC dentro | F63: =F43/F53 -> 1.3246065
A64: 2 | B64: 2 | C64: 3
A65: 4 | B65: 2 | C65: 3
A66: 4 | B66: 3 | C66: 4 | E66: Calculo F Calculado
A67: 5 | B67: 5 | C67: 2 | E67: El F calculado es un valor numérico que obtienes al aplicar la fórmula de ANOVA.
A68: 3 | B68: 5 | C68: 1 | E68: Sirve para decidir si hay diferencias significativas entre grupos.
A69: 3 | B69: 1 | C69: 2
A70: 5 | B70: 3 | C70: 5
A71: 3 | B71: 2 | C71: 3
A72: 4 | B72: 3 | C72: 5
A73: 3 | B73: 5 | C73: 4 | E73: F calculado | F73: =F33/F63 -> 1.2257647
A74: 4 | B74: 5 | C74: 5
A75: 3 | B75: 3 | C75: 3
A76: 4 | B76: 4 | C76: 3 | E76: Calculo F critico (Tabla) y P valor
A77: 1 | B77: 4 | C77: 5
A78: 5 | B78: 3 | C78: 4 | E78: α El mas comun 5% | F78: 0.05
A79: 4 | B79: 5 | C79: 4 | E79: gl entre | F79: =F24 -> 2
A80: 5 | B80: 3 | C80: 4 | E80: gl dentro | F80: =F53 -> 276
A81: 2 | B81: 4 | C81: 5 | E81: F critico (Tabla) | F81: =FINV(F78, F79, F80) -> 3.0284848
A82: 2 | B82: 2 | C82: 4 | E82: P valor | F82: =_xlfn.F.DIST.RT(F73, F79, F80) -> 0.295126
A83: 4 | B83: 4 | C83: 3
A84: 3 | B84: 3 | C84: 5 | E84: Interpretación:
A85: 2 | B85: 5 | C85: 5
A86: 3 | B86: 5 | C86: 4 | E86: hipotesis nula Ho = No hay diferencias significativa
A87: 3 | B87: 4 | C87: 2 | E87: hipotesis alternativa H1 = Si hay diferencia significativa
A88: 4 | B88: 3 | C88: 3
A89: 5 | B89: 3 | C89: 3 | E89: ="Si F calculado ("&F73&") > F critico ("&F81&") ---> Se rechaza la hipotesis nula" -> Si F calculado (1.22576470588235) > F critico (3.02848482890662) ---> Se rechaza la hipotesis nula
A90: 2 | B90: 4 | C90: 4 | E90: ="Si p-valor ("&F82&") < α Nivel Significancia ("&F78&") ---> Se rechaza la hipotesis nula" -> Si p-valor (0.295126001137124) < α Nivel Significancia (0.05) ---> Se rechaza la hipotesis nula
A91: 2 | B91: 3 | C91: 3
A92: 3 | B92: 2 | C92: 5
A93: 4 | B93: 2 | C93: 3
A94: 4 | B94: 5 | C94: 2

Sheet Herramientas-tecnológicas
A1: Grupo Control Pre Test Sin intervención | B1: Grupo Control Post Test Sin intervención | C1: Grupo Experimental Pre Test Sin intervención
A2: 5 | B2: 3 | C2: 5 | E2: Datos Generales
A3: 5 | B3: 3 | C3: 3 | E3: Tamano Grupos | F3: =COUNT(A:A) -> 93
A4: 2 | B4: 3 | C4: 5 | E4: Promedio Grupo A | F4: =AVERAGE(A:A) -> 3.2365591
A5: 3 | B5: 3 | C5: 5 | E5: Promedio Grupo B | F5: =AVERAGE(B:B) -> 3.3655914
A6: 5 | B6: 5 | C6: 4 | E6: Promedio Grupo C | F6: =AVERAGE(C:C) -> 3.5268817
A7: 5 | B7: 4 | C7: 4 | E7: Promedio Total total | F7: =AVERAGE(F4:F6) -> 3.3763441
A8: 3 | B8: 3 | C8: 3
A9: 5 | B9: 5 | C9: 3
A10: 5 | B10: 4 | C10: 5 | E10: Calculo Suma de Cuadrados Entre Grupos
A11: 3 | B11: 5 | C11: 5 | E11: Mide qué tan diferentes son los grupos entre sí
A12: 3 | B12: 5 | C12: 3 | E12: Compara las medias de cada grupo con la media general
A13: 3 | B13: 4 | C13: 4
A14: 4 | B14: 5 | C14: 3
A15: 3 | B15: 3 | C15: 3
A16: 4 | B16: 3 | C16: 2 | E16: SC Entre Grupos | F16: =F3*((F4-F7)^2+(F5-F7)^2+(F6-F7)^2) -> 3.9354839
A17: 4 | B17: 2 | C17: 3
A18: 3 | B18: 4 | C18: 4
A19: 3 | B19: 5 | C19: 3 | E19: Calculo gl ENTRE (Grados de libertad entre grupos)
A20: 2 | B20: 5 | C20: 4 | E20: Cantidad de grupos independientes que puedes comparar
A21: 3 | B21: 3 | C21: 4 | E21: k (Numero de grupos) | F21: 3
A22: 3 | B22: 3 | C22: 2
A23: 5 | B23: 5 | C23: 4
A24: 4 | B24: 2 | C24: 2 | E24: gl entre | F24: =F21-1 -> 2
A25: 4 | B25: 5 | C25: 2
A26: 4 | B26: 3 | C26: 2
A27: 1 | B27: 3 | C27: 1 | E27: Calculo MC ENTRE (Media Cuadrática Entre)
A28: 4 | B28: 2 | C28: 4 | E28: Es el promedio de la variación entre grupos
A29: 2 | B29: 3 | C29: 4
A30: 3 | B30: 2 | C30: 3
A31: 2 | B31: 4 | C31: 4
A32: 3 | B32: 2 | C32: 3
A33: 3 | B33: 5 | C33: 3 | E33: MC entre | F33: =F16/F24 -> 1.9677419
A34: 3 | B34: 2 | C34: 3
A35: 4 | B35: 3 | C35: 4
A36: 3 | B36: 2 | C36: 5 | E36: Calculo SC DENTRO DE GRUPOS (Suma de Cuadrados Dentro)
A37: 4 | B37: 3 | C37: 4 | E37: Mide la variabilidad interna de cada grupo
A38: 5 | B38: 3 | C38: 5 | E38: Qué tanto varían los datos dentro del mismo grupo
A39: 3 | B39: 3 | C39: 2
A40: 5 | B40: 3 | C40: 4
A41: 1 | B41: 5 | C41: 5
A42: 1 | B42: 5 | C42: 5
A43: 2 | B43: 4 | C43: 3 | E43: SC Dentro Grupos | F43: =DEVSQ(A:A)+DEVSQ(B:B)+DEVSQ(C:C) -> 369.54839
A44: 4 | B44: 5 | C44: 3
A45: 5 | B45: 2 | C45: 4
A46: 1 | B46: 4 | C46: 5 | E46: Calculo gl DENTRO (Grados de libertad dentro)
A47: 4 | B47: 1 | C47: 4 | E47: N = total de datos | F47: =COUNT(A:A,B:B,C:C,#REF!) -> 279
A48: 1 | B48: 4 | C48: 4 | E48: k (Numero de grupos) | F48: =F21 -> 3
A49: 1 | B49: 5 | C49: 3
A50: 2 | B50: 2 | C50: 3
A51: 4 | B51: 3 | C51: 4
A52: 4 | B52: 3 | C52: 4
A53: 2 | B53: 3 | C53: 1 | E53: gl dentro | F53: =F47-F48 -> 276
A54: 4 | B54: 3 | C54: 4
A55: 5 | B55: 4 | C55: 3
A56: 3 | B56: 1 | C56: 5 | E56: Calculo MC DENTRO (Media Cuadrática Dentro)
A57: 1 | B57: 1 | C57: 3 | E57: Es el promedio de la variación interna
A58: 3 | B58: 3 | C58: 5
A59: 3 | B59: 4 | C59: 3
A60: 5 | B60: 3 | C60: 1
A61: 3 | B61: 5 | C61: 4
A62: 1 | B62: 5 | C62: 5
A63: 5 | B63: 4 | C63: 5 | E63: MC dentro | F63: =F43/F53 -> 1.3389434
A64: 3 | B64: 3 | C64: 4
A65: 2 | B65: 2 | C65: 5
A66: 3 | B66: 3 | C66: 5 | E66: Calculo F Calculado
A67: 3 | B67: 3 | C67: 3 | E67: El F calculado es un valor numérico que obtienes al aplicar la fórmula de ANOVA.
A68: 3 | B68: 4 | C68: 4 | E68: Sirve para decidir si hay diferencias significativas entre grupos.
A69: 4 | B69: 4 | C69: 4
A70: 4 | B70: 4 | C70: 2
A71: 2 | B71: 1 | C71: 5
A72: 2 | B72: 5 | C72: 1
A73: 2 | B73: 2 | C73: 4 | E73: F calculado | F73: =F33/F63 -> 1.4696229
A74: 2 | B74: 3 | C74: 2
A75: 3 | B75: 4 | C75: 3
A76: 3 | B76: 3 | C76: 2 | E76: Calculo F critico (Tabla) y P valor
A77: 2 | B77: 3 | C77: 1
A78: 3 | B78: 2 | C78: 4 | E78: α El mas comun 5% | F78: 0.05
A79: 3 | B79: 2 | C79: 1 | E79: gl entre | F79: =F24 -> 2
A80: 2 | B80: 4 | C80: 4 | E80: gl dentro | F80: =F53 -> 276
A81: 2 | B81: 4 | C81: 4 | E81: F critico (Tabla) | F81: =FINV(F78, F79, F80) -> 3.0284848
A82: 4 | B82: 3 | C82: 4 | E82: P valor | F82: =_xlfn.F.DIST.RT(F73, F79, F80) -> 0.23180641
A83: 4 | B83: 2 | C83: 3
A84: 5 | B84: 4 | C84: 5 | E84: Interpretación:
A85: 3 | B85: 3 | C85: 3
A86: 5 | B86: 3 | C86: 3 | E86: hipotesis nula Ho = No hay diferencias significativa
A87: 3 | B87: 3 | C87: 3 | E87: hipotesis alternativa H1 = Si hay diferencia significativa
A88: 3 | B88: 5 | C88: 2
A89: 4 | B89: 3 | C89: 4 | E89: ="Si F calculado ("&F73&") > F critico ("&F81&") ---> Se rechaza la hipotesis nula" -> Si F calculado (1.46962290502793) > F critico (3.02848482890662) ---> Se rechaza la hipotesis nula
A90: 3 | B90: 2 | C90: 4 | E90: ="Si p-valor ("&F82&") < α Nivel Significancia ("&F78&") ---> Se rechaza la hipotesis nula" -> Si p-valor (0.231806411111135) < α Nivel Significancia (0.05) ---> Se rechaza la hipotesis nula
A91: 5 | B91: 5 | C91: 4
A92: 5 | B92: 4 | C92: 4
A93: 2 | B93: 1 | C93: 5
A94: 4 | B94: 5 | C94: 4

Sheet Recursos-tecnológicos
A1: Grupo Control Pre Test Sin intervención | B1: Grupo Control Post Test Sin intervención | C1: Grupo Experimental Pre Test Sin intervención
A2: 5 | B2: 3 | C2: 5 | E2: Datos Generales
A3: 5 | B3: 4 | C3: 4 | E3: Tamano Grupos | F3: =COUNT(A:A) -> 93
A4: 3 | B4: 3 | C4: 3 | E4: Promedio Grupo A | F4: =AVERAGE(A:A) -> 3.4193548
A5: 3 | B5: 5 | C5: 3 | E5: Promedio Grupo B | F5: =AVERAGE(B:B) -> 3.311828
A6: 3 | B6: 4 | C6: 4 | E6: Promedio Grupo C | F6: =AVERAGE(C:C) -> 3.1505376
A7: 3 | B7: 1 | C7: 1 | E7: Promedio Total total | F7: =AVERAGE(F4:F6) -> 3.2939068
A8: 1 | B8: 4 | C8: 2
A9: 3 | B9: 3 | C9: 3
A10: 4 | B10: 4 | C10: 3 | E10: Calculo Suma de Cuadrados Entre Grupos
A11: 2 | B11: 2 | C11: 3 | E11: Mide qué tan diferentes son los grupos entre sí
A12: 4 | B12: 5 | C12: 4 | E12: Compara las medias de cada grupo con la media general
A13: 4 | B13: 1 | C13: 4
A14: 5 | B14: 4 | C14: 5
A15: 5 | B15: 4 | C15: 3
A16: 1 | B16: 5 | C16: 3 | E16: SC Entre Grupos | F16: =F3*((F4-F7)^2+(F5-F7)^2+(F6-F7)^2) -> 3.4050179
A17: 2 | B17: 5 | C17: 4
A18: 3 | B18: 3 | C18: 1
A19: 4 | B19: 4 | C19: 2 | E19: Calculo gl ENTRE (Grados de libertad entre grupos)
A20: 4 | B20: 2 | C20: 3 | E20: Cantidad de grupos independientes que puedes comparar
A21: 5 | B21: 4 | C21: 3 | E21: k (Numero de grupos) | F21: 3
A22: 4 | B22: 4 | C22: 2
A23: 3 | B23: 3 | C23: 5
A24: 3 | B24: 3 | C24: 2 | E24: gl entre | F24: =F21-1 -> 2
A25: 3 | B25: 5 | C25: 5
A26: 4 | B26: 5 | C26: 2
A27: 1 | B27: 5 | C27: 4 | E27: Calculo MC ENTRE (Media Cuadrática Entre)
A28: 3 | B28: 3 | C28: 2 | E28: Es el promedio de la variación entre grupos
A29: 3 | B29: 3 | C29: 1
A30: 3 | B30: 3 | C30: 5
A31: 4 | B31: 2 | C31: 4
A32: 4 | B32: 2 | C32: 1
A33: 4 | B33: 3 | C33: 3 | E33: MC entre | F33: =F16/F24 -> 1.702509
A34: 3 | B34: 2 | C34: 2
A35: 5 | B35: 4 | C35: 3
A36: 5 | B36: 5 | C36: 4 | E36: Calculo SC DENTRO DE GRUPOS (Suma de Cuadrados Dentro)
A37: 5 | B37: 4 | C37: 4 | E37: Mide la variabilidad interna de cada grupo
A38: 5 | B38: 5 | C38: 4 | E38: Qué tanto varían los datos dentro del mismo grupo
A39: 2 | B39: 3 | C39: 3
A40: 3 | B40: 1 | C40: 4
A41: 3 | B41: 5 | C41: 3
A42: 5 | B42: 5 | C42: 3
A43: 3 | B43: 4 | C43: 3 | E43: SC Dentro Grupos | F43: =DEVSQ(A:A)+DEVSQ(B:B)+DEVSQ(C:C) -> 400.49462
A44: 3 | B44: 2 | C44: 2
A45: 4 | B45: 4 | C45: 1
A46: 4 | B46: 3 | C46: 4 | E46: Calculo gl DENTRO (Grados de libertad dentro)
A47: 4 | B47: 5 | C47: 2 | E47: N = total de datos | F47: =COUNT(A:A,B:B,C:C,#REF!) -> 279
A48: 3 | B48: 5 | C48: 3 | E48: k (Numero de grupos) | F48: =F21 -> 3
A49: 3 | B49: 1 | C49: 3
A50: 5 | B50: 1 | C50: 1
A51: 4 | B51: 5 | C51: 4
A52: 3 | B52: 1 | C52: 5
A53: 3 | B53: 3 | C53: 2 | E53: gl dentro | F53: =F47-F48 -> 276
A54: 2 | B54: 2 | C54: 4
A55: 3 | B55: 4 | C55: 2
A56: 4 | B56: 3 | C56: 2 | E56: Calculo MC DENTRO (Media Cuadrática Dentro)
A57: 5 | B57: 3 | C57: 5 | E57: Es el promedio de la variación interna
A58: 3 | B58: 3 | C58: 2
A59: 5 | B59: 5 | C59: 4
A60: 3 | B60: 5 | C60: 3
A61: 1 | B61: 4 | C61: 3
A62: 3 | B62: 3 | C62: 1
A63: 4 | B63: 4 | C63: 5 | E63: MC dentro | F63: =F43/F53 -> 1.4510675
A64: 3 | B64: 3 | C64: 3
A65: 3 | B65: 1 | C65: 3
A66: 3 | B66: 5 | C66: 3 | E66: Calculo F Calculado
A67: 1 | B67: 3 | C67: 3 | E67: El F calculado es un valor numérico que obtienes al aplicar la fórmula de ANOVA.
A68: 4 | B68: 4 | C68: 5 | E68: Sirve para decidir si hay diferencias significativas entre grupos.
A69: 1 | B69: 2 | C69: 4
A70: 2 | B70: 5 | C70: 4
A71: 4 | B71: 3 | C71: 2
A72: 5 | B72: 2 | C72: 4
A73: 5 | B73: 1 | C73: 4 | E73: F calculado | F73: =F33/F63 -> 1.1732804
A74: 5 | B74: 3 | C74: 1
A75: 5 | B75: 3 | C75: 5
A76: 3 | B76: 3 | C76: 1 | E76: Calculo F critico (Tabla) y P valor
A77: 5 | B77: 2 | C77: 3
A78: 4 | B78: 3 | C78: 2 | E78: α El mas comun 5% | F78: 0.05
A79: 2 | B79: 5 | C79: 4 | E79: gl entre | F79: =F24 -> 2
A80: 5 | B80: 2 | C80: 5 | E80: gl dentro | F80: =F53 -> 276
A81: 2 | B81: 3 | C81: 3 | E81: F critico (Tabla) | F81: =FINV(F78, F79, F80) -> 3.0284848
A82: 4 | B82: 3 | C82: 2 | E82: P valor | F82: =_xlfn.F.DIST.RT(F73, F79, F80) -> 0.31088854
A83: 5 | B83: 4 | C83: 3
A84: 3 | B84: 3 | C84: 5 | E84: Interpretación:
A85: 3 | B85: 4 | C85: 3
A86: 2 | B86: 3 | C86: 3 | E86: hipotesis nula Ho = No hay diferencias significativa
A87: 3 | B87: 5 | C87: 3 | E87: hipotesis alternativa H1 = Si hay diferencia significativa
A88: 2 | B88: 3 | C88: 3
A89: 4 | B89: 1 | C89: 2 | E89: ="Si F calculado ("&F73&") > F critico ("&F81&") ---> Se rechaza la hipotesis nula" -> Si F calculado (1.17328035225259) > F critico (3.02848482890662) ---> Se rechaza la hipotesis nula
A90: 4 | B90: 5 | C90: 3 | E90: ="Si p-valor ("&F82&") < α Nivel Significancia ("&F78&") ---> Se rechaza la hipotesis nula" -> Si p-valor (0.310888544161766) < α Nivel Significancia (0.05) ---> Se rechaza la hipotesis nula
A91: 3 | B91: 1 | C91: 5
A92: 2 | B92: 4 | C92: 3
A93: 1 | B93: 2 | C93: 5
A94: 4 | B94: 2 | C94: 4

Sheet Percepción-evaluaciones
A1: Grupo Control Pre Test Sin intervención | B1: Grupo Control Post Test Sin intervención | C1: Grupo Experimental Pre Test Sin intervención
A2: 4 | B2: 3 | C2: 1 | E2: Datos Generales
A3: 2 | B3: 2 | C3: 5 | E3: Tamano Grupos | F3: =COUNT(A:A) -> 93
A4: 2 | B4: 3 | C4: 1 | E4: Promedio Grupo A | F4: =AVERAGE(A:A) -> 3.1827957
A5: 5 | B5: 3 | C5: 3 | E5: Promedio Grupo B | F5: =AVERAGE(B:B) -> 3.3978495
A6: 2 | B6: 4 | C6: 4 | E6: Promedio Grupo C | F6: =AVERAGE(C:C) -> 3.3655914
A7: 3 | B7: 2 | C7: 5 | E7: Promedio Total total | F7: =AVERAGE(F4:F6) -> 3.3154122
A8: 2 | B8: 5 | C8: 3
A9: 4 | B9: 3 | C9: 2
A10: 2 | B10: 5 | C10: 3 | E10: Calculo Suma de Cuadrados Entre Grupos
A11: 4 | B11: 4 | C11: 5 | E11: Mide qué tan diferentes son los grupos entre sí
A12: 5 | B12: 4 | C12: 5 | E12: Compara las medias de cada grupo con la media general
A13: 2 | B13: 4 | C13: 4
A14: 5 | B14: 3 | C14: 4
A15: 4 | B15: 4 | C15: 4
A16: 1 | B16: 4 | C16: 4 | E16: SC Entre Grupos | F16: =F3*((F4-F7)^2+(F5-F7)^2+(F6-F7)^2) -> 2.5017921
A17: 1 | B17: 4 | C17: 2
A18: 3 | B18: 4 | C18: 1
A19: 3 | B19: 4 | C19: 4 | E19: Calculo gl ENTRE (Grados de libertad entre grupos)
A20: 3 | B20: 5 | C20: 2 | E20: Cantidad de grupos independientes que puedes comparar
A21: 4 | B21: 3 | C21: 4 | E21: k (Numero de grupos) | F21: 3
A22: 4 | B22: 3 | C22: 3
A23: 3 | B23: 3 | C23: 4
A24: 2 | B24: 4 | C24: 3 | E24: gl entre | F24: =F21-1 -> 2
A25: 2 | B25: 4 | C25: 1
A26: 2 | B26: 2 | C26: 3
A27: 5 | B27: 3 | C27: 4 | E27: Calculo MC ENTRE (Media Cuadrática Entre)
A28: 3 | B28: 3 | C28: 3 | E28: Es el promedio de la variación entre grupos
A29: 5 | B29: 5 | C29: 5
A30: 3 | B30: 4 | C30: 2
A31: 4 | B31: 4 | C31: 3
A32: 2 | B32: 4 | C32: 3
A33: 4 | B33: 3 | C33: 3 | E33: MC entre | F33: =F16/F24 -> 1.2508961
A34: 5 | B34: 3 | C34: 3
A35: 5 | B35: 3 | C35: 5
A36: 2 | B36: 3 | C36: 3 | E36: Calculo SC DENTRO DE GRUPOS (Suma de Cuadrados Dentro)
A37: 3 | B37: 2 | C37: 4 | E37: Mide la variabilidad interna de cada grupo
A38: 5 | B38: 3 | C38: 3 | E38: Qué tanto varían los datos dentro del mismo grupo
A39: 5 | B39: 1 | C39: 2
A40: 3 | B40: 5 | C40: 2
A41: 5 | B41: 4 | C41: 3
A42: 2 | B42: 5 | C42: 3
A43: 3 | B43: 3 | C43: 5 | E43: SC Dentro Grupos | F43: =DEVSQ(A:A)+DEVSQ(B:B)+DEVSQ(C:C) -> 389.74194
A44: 5 | B44: 2 | C44: 2
A45: 5 | B45: 4 | C45: 4
A46: 1 | B46: 2 | C46: 3 | E46: Calculo gl DENTRO (Grados de libertad dentro)
A47: 4 | B47: 5 | C47: 4 | E47: N = total de datos | F47: =COUNT(A:A,B:B,C:C,#REF!) -> 279
A48: 4 | B48: 2 | C48: 5 | E48: k (Numero de grupos) | F48: =F21 -> 3
A49: 2 | B49: 4 | C49: 3
A50: 1 | B50: 5 | C50: 5
A51: 1 | B51: 3 | C51: 3
A52: 2 | B52: 4 | C52: 4
A53: 4 | B53: 4 | C53: 5 | E53: gl dentro | F53: =F47-F48 -> 276
A54: 5 | B54: 4 | C54: 3
A55: 2 | B55: 2 | C55: 5
A56: 3 | B56: 3 | C56: 4 | E56: Calculo MC DENTRO (Media Cuadrática Dentro)
A57: 4 | B57: 4 | C57: 3 | E57: Es el promedio de la variación interna
A58: 2 | B58: 3 | C58: 5
A59: 5 | B59: 3 | C59: 2
A60: 3 | B60: 4 | C60: 5
A61: 5 | B61: 4 | C61: 4
A62: 3 | B62: 5 | C62: 3
A63: 5 | B63: 4 | C63: 4 | E63: MC dentro | F63: =F43/F53 -> 1.4121085
A64: 5 | B64: 3 | C64: 5
A65: 5 | B65: 4 | C65: 4
A66: 3 | B66: 3 | C66: 4 | E66: Calculo F Calculado
A67: 2 | B67: 3 | C67: 2 | E67: El F calculado es un valor numérico que obtienes al aplicar la fórmula de ANOVA.
A68: 3 | B68: 5 | C68: 4 | E68: Sirve para decidir si hay diferencias significativas entre grupos.
A69: 1 | B69: 3 | C69: 2
A70: 4 | B70: 4 | C70: 2
A71: 4 | B71: 1 | C71: 4
A72: 2 | B72: 3 | C72: 1
A73: 4 | B73: 2 | C73: 4 | E73: F calculado | F73: =F33/F63 -> 0.88583568
A74: 1 | B74: 3 | C74: 1
A75: 5 | B75: 5 | C75: 5
A76: 1 | B76: 3 | C76: 3 | E76: Calculo F critico (Tabla) y P valor
A77: 5 | B77: 1 | C77: 3
A78: 2 | B78: 3 | C78: 4 | E78: α El mas comun 5% | F78: 0.05
A79: 3 | B79: 2 | C79: 3 | E79: gl entre | F79: =F24 -> 2
A80: 1 | B80: 2 | C80: 3 | E80: gl dentro | F80: =F53 -> 276
A81: 5 | B81: 4 | C81: 5 | E81: F critico (Tabla) | F81: =FINV(F78, F79, F80) -> 3.0284848
A82: 3 | B82: 4 | C82: 5 | E82: P valor | F82: =_xlfn.F.DIST.RT(F73, F79, F80) -> 0.4135385
A83: 1 | B83: 3 | C83: 3
A84: 3 | B84: 4 | C84: 3 | E84: Interpretación:
A85: 3 | B85: 2 | C85: 1
A86: 3 | B86: 2 | C86: 3 | E86: hipotesis nula Ho = No hay diferencias significativa
A87: 3 | B87: 4 | C87: 1 | E87: hipotesis alternativa H1 = Si hay diferencia significativa
A88: 3 | B88: 4 | C88: 3
A89: 3 | B89: 3 | C89: 4 | E89: ="Si F calculado ("&F73&") > F critico ("&F81&") ---> Se rechaza la hipotesis nula" -> Si F calculado (0.88583567841969) > F critico (3.02848482890662) ---> Se rechaza la hipotesis nula
A90: 2 | B90: 4 | C90: 5 | E90: ="Si p-valor ("&F82&") < α Nivel Significancia ("&F78&") ---> Se rechaza la hipotesis nula" -> Si p-valor (0.413538503183769) < α Nivel Significancia (0.05) ---> Se rechaza la hipotesis nula
A91: 5 | B91: 2 | C91: 2
A92: 4 | B92: 4 | C92: 3
A93: 1 | B93: 3 | C93: 5
A94: 2 | B94: 5 | C94: 4

Sheet Retroalimentación-oportuna
A1: Grupo Control Pre Test Sin intervención | B1: Grupo Control Post Test Sin intervención | C1: Grupo Experimental Pre Test Sin intervención
A2: 4 | B2: 2 | C2: 4 | E2: Datos Generales
A3: 3 | B3: 4 | C3: 4 | E3: Tamano Grupos | F3: =COUNT(A:A) -> 93
A4: 5 | B4: 5 | C4: 5 | E4: Promedio Grupo A | F4: =AVERAGE(A:A) -> 3.1505376
A5: 1 | B5: 5 | C5: 3 | E5: Promedio Grupo B | F5: =AVERAGE(B:B) -> 3.3225806
A6: 1 | B6: 3 | C6: 4 | E6: Promedio Grupo C | F6: =AVERAGE(C:C) -> 3.5483871
A7: 3 | B7: 3 | C7: 2 | E7: Promedio Total total | F7: =AVERAGE(F4:F6) -> 3.3405018
A8: 3 | B8: 3 | C8: 2
A9: 4 | B9: 4 | C9: 4
A10: 2 | B10: 4 | C10: 3 | E10: Calculo Suma de Cuadrados Entre Grupos
A11: 3 | B11: 3 | C11: 4 | E11: Mide qué tan diferentes son los grupos entre sí
A12: 5 | B12: 3 | C12: 2 | E12: Compara las medias de cada grupo con la media general
A13: 2 | B13: 1 | C13: 4
A14: 2 | B14: 5 | C14: 3
A15: 1 | B15: 3 | C15: 3
A16: 3 | B16: 4 | C16: 4 | E16: SC Entre Grupos | F16: =F3*((F4-F7)^2+(F5-F7)^2+(F6-F7)^2) -> 7.4050179
A17: 3 | B17: 4 | C17: 5
A18: 4 | B18: 3 | C18: 3
A19: 1 | B19: 3 | C19: 3 | E19: Calculo gl ENTRE (Grados de libertad entre grupos)
A20: 2 | B20: 1 | C20: 4 | E20: Cantidad de grupos independientes que puedes comparar
A21: 5 | B21: 5 | C21: 3 | E21: k (Numero de grupos) | F21: 3
A22: 5 | B22: 5 | C22: 4
A23: 4 | B23: 3 | C23: 3
A24: 2 | B24: 3 | C24: 5 | E24: gl entre | F24: =F21-1 -> 2
A25: 1 | B25: 4 | C25: 2
A26: 5 | B26: 5 | C26: 4
A27: 3 | B27: 5 | C27: 4 | E27: Calculo MC ENTRE (Media Cuadrática Entre)
A28: 4 | B28: 2 | C28: 5 | E28: Es el promedio de la variación entre grupos
A29: 1 | B29: 4 | C29: 5
A30: 2 | B30: 4 | C30: 3
A31: 2 | B31: 4 | C31: 4
A32: 4 | B32: 4 | C32: 2
A33: 4 | B33: 5 | C33: 5 | E33: MC entre | F33: =F16/F24 -> 3.702509
A34: 4 | B34: 3 | C34: 4
A35: 5 | B35: 5 | C35: 4
A36: 2 | B36: 2 | C36: 5 | E36: Calculo SC DENTRO DE GRUPOS (Suma de Cuadrados Dentro)
A37: 2 | B37: 4 | C37: 5 | E37: Mide la variabilidad interna de cada grupo
A38: 1 | B38: 3 | C38: 4 | E38: Qué tanto varían los datos dentro del mismo grupo
A39: 1 | B39: 2 | C39: 3
A40: 3 | B40: 3 | C40: 4
A41: 3 | B41: 3 | C41: 3
A42: 1 | B42: 4 | C42: 3
A43: 2 | B43: 4 | C43: 5 | E43: SC Dentro Grupos | F43: =DEVSQ(A:A)+DEVSQ(B:B)+DEVSQ(C:C) -> 391.24731
A44: 4 | B44: 3 | C44: 4
A45: 4 | B45: 1 | C45: 1
A46: 5 | B46: 3 | C46: 3 | E46: Calculo gl DENTRO (Grados de libertad dentro)
A47: 1 | B47: 3 | C47: 3 | E47: N = total de datos | F47: =COUNT(A:A,B:B,C:C,#REF!) -> 279
A48: 3 | B48: 3 | C48: 4 | E48: k (Numero de grupos) | F48: =F21 -> 3
A49: 4 | B49: 3 | C49: 3
A50: 3 | B50: 5 | C50: 3
A51: 3 | B51: 3 | C51: 3
A52: 4 | B52: 1 | C52: 1
A53: 5 | B53: 5 | C53: 5 | E53: gl dentro | F53: =F47-F48 -> 276
A54: 3 | B54: 3 | C54: 5
A55: 3 | B55: 4 | C55: 3
A56: 3 | B56: 3 | C56: 2 | E56: Calculo MC DENTRO (Media Cuadrática Dentro)
A57: 3 | B57: 5 | C57: 5 | E57: Es el promedio de la variación interna
A58: 2 | B58: 4 | C58: 4
A59: 3 | B59: 3 | C59: 5
A60: 3 | B60: 4 | C60: 4
A61: 2 | B61: 3 | C61: 3
A62: 4 | B62: 2 | C62: 3
A63: 5 | B63: 1 | C63: 4 | E63: MC dentro | F63: =F43/F53 -> 1.4175627
A64: 5 | B64: 4 | C64: 4
A65: 3 | B65: 4 | C65: 5
A66: 3 | B66: 5 | C66: 4 | E66: Calculo F Calculado
A67: 3 | B67: 1 | C67: 3 | E67: El F calculado es un valor numérico que obtienes al aplicar la fórmula de ANOVA.
A68: 4 | B68: 1 | C68: 1 | E68: Sirve para decidir si hay diferencias significativas entre grupos.
A69: 5 | B69: 3 | C69: 2
A70: 5 | B70: 2 | C70: 5
A71: 4 | B71: 3 | C71: 2
A72: 3 | B72: 3 | C72: 3
A73: 4 | B73: 5 | C73: 3 | E73: F calculado | F73: =F33/F63 -> 2.6118837
A74: 4 | B74: 3 | C74: 4
A75: 2 | B75: 5 | C75: 4
A76: 4 | B76: 2 | C76: 4 | E76: Calculo F critico (Tabla) y P valor
A77: 3 | B77: 3 | C77: 5
A78: 3 | B78: 3 | C78: 4 | E78: α El mas comun 5% | F78: 0.05
A79: 4 | B79: 5 | C79: 4 | E79: gl entre | F79: =F24 -> 2
A80: 3 | B80: 4 | C80: 4 | E80: gl dentro | F80: =F53 -> 276
A81: 2 | B81: 4 | C81: 3 | E81: F critico (Tabla) | F81: =FINV(F78, F79, F80) -> 3.0284848
A82: 1 | B82: 4 | C82: 4 | E82: P valor | F82: =_xlfn.F.DIST.RT(F73, F79, F80) -> 0.075209777
A83: 5 | B83: 5 | C83: 5
A84: 2 | B84: 1 | C84: 1 | E84: Interpretación:
A85: 3 | B85: 3 | C85: 2
A86: 4 | B86: 4 | C86: 3 | E86: hipotesis nula Ho = No hay diferencias significativa
A87: 4 | B87: 4 | C87: 1 | E87: hipotesis alternativa H1 = Si hay diferencia significativa
A88: 1 | B88: 4 | C88: 3
A89: 3 | B89: 3 | C89: 1 | E89: ="Si F calculado ("&F73&") > F critico ("&F81&") ---> Se rechaza la hipotesis nula" -> Si F calculado (2.61188369152971) > F critico (3.02848482890662) ---> Se rechaza la hipotesis nula
A90: 4 | B90: 3 | C90: 5 | E90: ="Si p-valor ("&F82&") < α Nivel Significancia ("&F78&") ---> Se rechaza la hipotesis nula" -> Si p-valor (0.0752097768191664) < α Nivel Significancia (0.05) ---> Se rechaza la hipotesis nula
A91: 3 | B91: 1 | C91: 4
A92: 4 | B92: 3 | C92: 4
A93: 5 | B93: 1 | C93: 5
A94: 5 | B94: 2 | C94: 5

Sheet Calificación
A1: Grupo Control Pre Test Sin intervención | B1: Grupo Control Post Test Sin intervención | C1: Grupo Experimental Pre Test Sin intervención
A2: 4 | B2: 2 | C2: 3 | E2: Datos Generales
A3: 2 | B3: 2 | C3: 4 | E3: Tamano Grupos | F3: =COUNT(A:A) -> 93
A4: 3 | B4: 2 | C4: 3 | E4: Promedio Grupo A | F4: =AVERAGE(A:A) -> 3.5483871
A5: 3 | B5: 2 | C5: 4 | E5: Promedio Grupo B | F5: =AVERAGE(B:B) -> 3.4193548
A6: 4 | B6: 4 | C6: 4 | E6: Promedio Grupo C | F6: =AVERAGE(C:C) -> 3.2688172
A7: 4 | B7: 5 | C7: 1 | E7: Promedio Total total | F7: =AVERAGE(F4:F6) -> 3.4121864
A8: 5 | B8: 4 | C8: 4
A9: 5 | B9: 4 | C9: 4
A10: 4 | B10: 3 | C10: 2 | E10: Calculo Suma de Cuadrados Entre Grupos
A11: 4 | B11: 4 | C11: 3 | E11: Mide qué tan diferentes son los grupos entre sí
A12: 5 | B12: 1 | C12: 5 | E12: Compara las medias de cada grupo con la media general
A13: 5 | B13: 3 | C13: 5
A14: 3 | B14: 2 | C14: 5
A15: 4 | B15: 5 | C15: 3
A16: 4 | B16: 2 | C16: 4 | E16: SC Entre Grupos | F16: =F3*((F4-F7)^2+(F5-F7)^2+(F6-F7)^2) -> 3.6415771
A17: 3 | B17: 2 | C17: 5
A18: 3 | B18: 3 | C18: 1
A19: 5 | B19: 3 | C19: 3 | E19: Calculo gl ENTRE (Grados de libertad entre grupos)
A20: 2 | B20: 3 | C20: 4 | E20: Cantidad de grupos independientes que puedes comparar
A21: 3 | B21: 4 | C21: 3 | E21: k (Numero de grupos) | F21: 3
A22: 5 | B22: 3 | C22: 3
A23: 2 | B23: 4 | C23: 5
A24: 2 | B24: 5 | C24: 4 | E24: gl entre | F24: =F21-1 -> 2
A25: 5 | B25: 4 | C25: 2
A26: 4 | B26: 5 | C26: 4
A27: 2 | B27: 5 | C27: 3 | E27: Calculo MC ENTRE (Media Cuadrática Entre)
A28: 3 | B28: 5 | C28: 4 | E28: Es el promedio de la variación entre grupos
A29: 4 | B29: 1 | C29: 5
A30: 4 | B30: 3 | C30: 5
A31: 4 | B31: 1 | C31: 4
A32: 3 | B32: 4 | C32: 4
A33: 3 | B33: 4 | C33: 5 | E33: MC entre | F33: =F16/F24 -> 1.8207885
A34: 4 | B34: 3 | C34: 2
A35: 3 | B35: 4 | C35: 1
A36: 3 | B36: 5 | C36: 2 | E36: Calculo SC DENTRO DE GRUPOS (Suma de Cuadrados Dentro)
A37: 5 | B37: 3 | C37: 2 | E37: Mide la variabilidad interna de cada grupo
A38: 4 | B38: 4 | C38: 4 | E38: Qué tanto varían los datos dentro del mismo grupo
A39: 3 | B39: 3 | C39: 1
A40: 2 | B40: 3 | C40: 4
A41: 3 | B41: 5 | C41: 1
A42: 3 | B42: 5 | C42: 1
A43: 5 | B43: 2 | C43: 3 | E43: SC Dentro Grupos | F43: =DEVSQ(A:A)+DEVSQ(B:B)+DEVSQ(C:C) -> 395.95699
A44: 4 | B44: 4 | C44: 1
A45: 3 | B45: 5 | C45: 3
A46: 4 | B46: 1 | C46: 4 | E46: Calculo gl DENTRO (Grados de libertad dentro)
A47: 4 | B47: 5 | C47: 4 | E47: N = total de datos | F47: =COUNT(A:A,B:B,C:C,#REF!) -> 279
A48: 4 | B48: 3 | C48: 3 | E48: k (Numero de grupos) | F48: =F21 -> 3
A49: 5 | B49: 1 | C49: 5
A50: 4 | B50: 4 | C50: 3
A51: 4 | B51: 5 | C51: 1
A52: 4 | B52: 5 | C52: 4
A53: 5 | B53: 4 | C53: 2 | E53: gl dentro | F53: =F47-F48 -> 276
A54: 2 | B54: 5 | C54: 2
A55: 3 | B55: 3 | C55: 1
A56: 3 | B56: 5 | C56: 1 | E56: Calculo MC DENTRO (Media Cuadrática Dentro)
A57: 2 | B57: 3 | C57: 3 | E57: Es el promedio de la variación interna
A58: 3 | B58: 1 | C58: 1
A59: 5 | B59: 2 | C59: 3
A60: 3 | B60: 3 | C60: 5
A61: 3 | B61: 4 | C61: 3
A62: 3 | B62: 3 | C62: 3
A63: 4 | B63: 3 | C63: 4 | E63: MC dentro | F63: =F43/F53 -> 1.4346268
A64: 5 | B64: 4 | C64: 3
A65: 4 | B65: 5 | C65: 3
A66: 4 | B66: 2 | C66: 5 | E66: Calculo F Calculado
A67: 3 | B67: 4 | C67: 3 | E67: El F calculado es un valor numérico que obtienes al aplicar la fórmula de ANOVA.
A68: 3 | B68: 4 | C68: 3 | E68: Sirve para decidir si hay diferencias significativas entre grupos.
A69: 4 | B69: 4 | C69: 3
A70: 1 | B70: 4 | C70: 5
A71: 3 | B71: 2 | C71: 5
A72: 4 | B72: 3 | C72: 4
A73: 5 | B73: 2 | C73: 1 | E73: F calculado | F73: =F33/F63 -> 1.2691723
A74: 5 | B74: 5 | C74: 4
A75: 4 | B75: 4 | C75: 3
A76: 5 | B76: 3 | C76: 4 | E76: Calculo F critico (Tabla) y P valor
A77: 4 | B77: 5 | C77: 4
A78: 4 | B78: 4 | C78: 2 | E78: α El mas comun 5% | F78: 0.05
A79: 4 | B79: 3 | C79: 3 | E79: gl entre | F79: =F24 -> 2
A80: 2 | B80: 5 | C80: 5 | E80: gl dentro | F80: =F53 -> 276
A81: 5 | B81: 3 | C81: 4 | E81: F critico (Tabla) | F81: =FINV(F78, F79, F80) -> 3.0284848
A82: 3 | B82: 4 | C82: 5 | E82: P valor | F82: =_xlfn.F.DIST.RT(F73, F79, F80) -> 0.28269927
A83: 4 | B83: 5 | C83: 3
A84: 1 | B84: 4 | C84: 3 | E84: Interpretación:
A85: 5 | B85: 1 | C85: 5
A86: 4 | B86: 2 | C86: 4 | E86: hipotesis nula Ho = No hay diferencias significativa
A87: 1 | B87: 1 | C87: 4 | E87: hipotesis alternativa H1 = Si hay diferencia significativa
A88: 2 | B88: 3 | C88: 1
A89: 2 | B89: 5 | C89: 1 | E89: ="Si F calculado ("&F73&") > F critico ("&F81&") ---> Se rechaza la hipotesis nula" -> Si F calculado (1.26917227894851) > F critico (3.02848482890662) ---> Se rechaza la hipotesis nula
A90: 4 | B90: 3 | C90: 5 | E90: ="Si p-valor ("&F82&") < α Nivel Significancia ("&F78&") ---> Se rechaza la hipotesis nula" -> Si p-valor (0.282699271348998) < α Nivel Significancia (0.05) ---> Se rechaza la hipotesis nula
A91: 4 | B91: 4 | C91: 3
A92: 3 | B92: 2 | C92: 4
A93: 2 | B93: 5 | C93: 4
A94: 3 | B94: 3 | C94: 3

Sheet Nivel-comprensión
A1: Grupo Control Pre Test Sin intervención | B1: Grupo Control Post Test Sin intervención | C1: Grupo Experimental Pre Test Sin intervención
A2: 4 | B2: 4 | C2: 4 | E2: Datos Generales
A3: 3 | B3: 3 | C3: 3 | E3: Tamano Grupos | F3: =COUNT(A:A) -> 93
A4: 4 | B4: 2 | C4: 4 | E4: Promedio Grupo A | F4: =AVERAGE(A:A) -> 3.4301075
A5: 5 | B5: 2 | C5: 3 | E5: Promedio Grupo B | F5: =AVERAGE(B:B) -> 3.2795699
A6: 3 | B6: 1 | C6: 4 | E6: Promedio Grupo C | F6: =AVERAGE(C:C) -> 3.3978495
A7: 4 | B7: 2 | C7: 5 | E7: Promedio Total total | F7: =AVERAGE(F4:F6) -> 3.3691756
A8: 3 | B8: 4 | C8: 1
A9: 5 | B9: 3 | C9: 5
A10: 3 | B10: 4 | C10: 3 | E10: Calculo Suma de Cuadrados Entre Grupos
A11: 3 | B11: 4 | C11: 4 | E11: Mide qué tan diferentes son los grupos entre sí
A12: 5 | B12: 2 | C12: 5 | E12: Compara las medias de cada grupo con la media general
A13: 4 | B13: 5 | C13: 5
A14: 5 | B14: 2 | C14: 5
A15: 5 | B15: 3 | C15: 2
A16: 1 | B16: 3 | C16: 4 | E16: SC Entre Grupos | F16: =F3*((F4-F7)^2+(F5-F7)^2+(F6-F7)^2) -> 1.1684588
A17: 4 | B17: 3 | C17: 1
A18: 2 | B18: 2 | C18: 3
A19: 4 | B19: 3 | C19: 4 | E19: Calculo gl ENTRE (Grados de libertad entre grupos)
A20: 3 | B20: 3 | C20: 3 | E20: Cantidad de grupos independientes que puedes comparar
A21: 3 | B21: 5 | C21: 3 | E21: k (Numero de grupos) | F21: 3
A22: 3 | B22: 3 | C22: 3
A23: 3 | B23: 5 | C23: 4
A24: 4 | B24: 3 | C24: 4 | E24: gl entre | F24: =F21-1 -> 2
A25: 4 | B25: 3 | C25: 2
A26: 2 | B26: 3 | C26: 1
A27: 2 | B27: 5 | C27: 2 | E27: Calculo MC ENTRE (Media Cuadrática Entre)
A28: 1 | B28: 5 | C28: 4 | E28: Es el promedio de la variación entre grupos
A29: 5 | B29: 3 | C29: 3
A30: 3 | B30: 5 | C30: 4
A31: 2 | B31: 5 | C31: 3
A32: 5 | B32: 5 | C32: 4
A33: 5 | B33: 1 | C33: 3 | E33: MC entre | F33: =F16/F24 -> 0.58422939
A34: 3 | B34: 3 | C34: 5
A35: 3 | B35: 4 | C35: 4
A36: 2 | B36: 4 | C36: 2 | E36: Calculo SC DENTRO DE GRUPOS (Suma de Cuadrados Dentro)
A37: 5 | B37: 4 | C37: 4 | E37: Mide la variabilidad interna de cada grupo
A38: 3 | B38: 3 | C38: 5 | E38: Qué tanto varían los datos dentro del mismo grupo
A39: 4 | B39: 3 | C39: 5
A40: 5 | B40: 4 | C40: 1
A41: 5 | B41: 4 | C41: 3
A42: 2 | B42: 5 | C42: 4
A43: 3 | B43: 3 | C43: 2 | E43: SC Dentro Grupos | F43: =DEVSQ(A:A)+DEVSQ(B:B)+DEVSQ(C:C) -> 347.80645
A44: 3 | B44: 3 | C44: 2
A45: 4 | B45: 4 | C45: 4
A46: 2 | B46: 5 | C46: 3 | E46: Calculo gl DENTRO (Grados de libertad dentro)
A47: 4 | B47: 5 | C47: 3 | E47: N = total de datos | F47: =COUNT(A:A,B:B,C:C,#REF!) -> 279
A48: 2 | B48: 1 | C48: 3 | E48: k (Numero de grupos) | F48: =F21 -> 3
A49: 4 | B49: 4 | C49: 5
A50: 4 | B50: 3 | C50: 2
A51: 3 | B51: 3 | C51: 3
A52: 4 | B52: 4 | C52: 4
A53: 3 | B53: 4 | C53: 4 | E53: gl dentro | F53: =F47-F48 -> 276
A54: 3 | B54: 5 | C54: 5
A55: 4 | B55: 3 | C55: 5
A56: 2 | B56: 3 | C56: 3 | E56: Calculo MC DENTRO (Media Cuadrática Dentro)
A57: 4 | B57: 3 | C57: 5 | E57: Es el promedio de la variación interna
A58: 3 | B58: 3 | C58: 4
A59: 2 | B59: 5 | C59: 3
A60: 3 | B60: 1 | C60: 5
A61: 5 | B61: 2 | C61: 1
A62: 1 | B62: 4 | C62: 4
A63: 3 | B63: 1 | C63: 4 | E63: MC dentro | F63: =F43/F53 -> 1.2601683
A64: 4 | B64: 3 | C64: 4
A65: 5 | B65: 3 | C65: 4
A66: 3 | B66: 3 | C66: 5 | E66: Calculo F Calculado
A67: 3 | B67: 2 | C67: 3 | E67: El F calculado es un valor numérico que obtienes al aplicar la fórmula de ANOVA.
A68: 3 | B68: 3 | C68: 1 | E68: Sirve para decidir si hay diferencias significativas entre grupos.
A69: 2 | B69: 5 | C69: 4
A70: 3 | B70: 4 | C70: 3
A71: 5 | B71: 2 | C71: 3
A72: 4 | B72: 4 | C72: 2
A73: 4 | B73: 4 | C73: 4 | E73: F calculado | F73: =F33/F63 -> 0.46361219
A74: 3 | B74: 4 | C74: 4
A75: 5 | B75: 4 | C75: 4
A76: 3 | B76: 3 | C76: 3 | E76: Calculo F critico (Tabla) y P valor
A77: 3 | B77: 1 | C77: 2
A78: 2 | B78: 4 | C78: 5 | E78: α El mas comun 5% | F78: 0.05
A79: 4 | B79: 5 | C79: 4 | E79: gl entre | F79: =F24 -> 2
A80: 2 | B80: 4 | C80: 2 | E80: gl dentro | F80: =F53 -> 276
A81: 5 | B81: 2 | C81: 2 | E81: F critico (Tabla) | F81: =FINV(F78, F79, F80) -> 3.0284848
A82: 2 | B82: 3 | C82: 1 | E82: P valor | F82: =_xlfn.F.DIST.RT(F73, F79, F80) -> 0.62949638
A83: 5 | B83: 4 | C83: 3
A84: 4 | B84: 2 | C84: 4 | E84: Interpretación:
A85: 3 | B85: 2 | C85: 3
A86: 5 | B86: 2 | C86: 3 | E86: hipotesis nula Ho = No hay diferencias significativa
A87: 4 | B87: 2 | C87: 5 | E87: hipotesis alternativa H1 = Si hay diferencia significativa
A88: 3 | B88: 4 | C88: 3
A89: 3 | B89: 3 | C89: 3 | E89: ="Si F calculado ("&F73&") > F critico ("&F81&") ---> Se rechaza la hipotesis nula" -> Si F calculado (0.463612193161441) > F critico (3.02848482890662) ---> Se rechaza la hipotesis nula
A90: 3 | B90: 3 | C90: 5 | E90: ="Si p-valor ("&F82&") < α Nivel Significancia ("&F78&") ---> Se rechaza la hipotesis nula" -> Si p-valor (0.629496378591121) < α Nivel Significancia (0.05) ---> Se rechaza la hipotesis nula
A91: 3 | B91: 2 | C91: 3
A92: 3 | B92: 3 | C92: 3
A93: 4 | B93: 3 | C93: 1
A94: 4 | B94: 3 | C94: 5

Sheet Habilidades-tareas
A1: Grupo Control Pre Test Sin intervención | B1: Grupo Control Post Test Sin intervención | C1: Grupo Experimental Pre Test Sin intervención
A2: 1 | B2: 4 | C2: 5 | E2: Datos Generales
A3: 5 | B3: 5 | C3: 3 | E3: Tamano Grupos | F3: =COUNT(A:A) -> 93
A4: 3 | B4: 3 | C4: 3 | E4: Promedio Grupo A | F4: =AVERAGE(A:A) -> 3.4301075
A5: 3 | B5: 2 | C5: 4 | E5: Promedio Grupo B | F5: =AVERAGE(B:B) -> 3.2903226
A6: 3 | B6: 4 | C6: 1 | E6: Promedio Grupo C | F6: =AVERAGE(C:C) -> 3.2258065
A7: 5 | B7: 3 | C7: 2 | E7: Promedio Total total | F7: =AVERAGE(F4:F6) -> 3.3154122
A8: 2 | B8: 2 | C8: 3
A9: 2 | B9: 3 | C9: 3
A10: 3 | B10: 3 | C10: 3 | E10: Calculo Suma de Cuadrados Entre Grupos
A11: 3 | B11: 3 | C11: 1 | E11: Mide qué tan diferentes son los grupos entre sí
A12: 2 | B12: 3 | C12: 3 | E12: Compara las medias de cada grupo con la media general
A13: 3 | B13: 4 | C13: 3
A14: 5 | B14: 3 | C14: 2
A15: 3 | B15: 3 | C15: 4
A16: 3 | B16: 2 | C16: 2 | E16: SC Entre Grupos | F16: =F3*((F4-F7)^2+(F5-F7)^2+(F6-F7)^2) -> 2.0286738
A17: 4 | B17: 3 | C17: 4
A18: 3 | B18: 3 | C18: 4
A19: 1 | B19: 4 | C19: 4 | E19: Calculo gl ENTRE (Grados de libertad entre grupos)
A20: 2 | B20: 3 | C20: 1 | E20: Cantidad de grupos independientes que puedes comparar
A21: 4 | B21: 5 | C21: 2 | E21: k (Numero de grupos) | F21: 3
A22: 5 | B22: 4 | C22: 3
A23: 1 | B23: 3 | C23: 3
A24: 2 | B24: 1 | C24: 3 | E24: gl entre | F24: =F21-1 -> 2
A25: 5 | B25: 5 | C25: 1
A26: 2 | B26: 4 | C26: 3
A27: 2 | B27: 2 | C27: 4 | E27: Calculo MC ENTRE (Media Cuadrática Entre)
A28: 3 | B28: 4 | C28: 5 | E28: Es el promedio de la variación entre grupos
A29: 3 | B29: 3 | C29: 2
A30: 4 | B30: 3 | C30: 3
A31: 5 | B31: 3 | C31: 4
A32: 4 | B32: 4 | C32: 5
A33: 2 | B33: 4 | C33: 2 | E33: MC entre | F33: =F16/F24 -> 1.0143369
A34: 5 | B34: 2 | C34: 5
A35: 4 | B35: 3 | C35: 3
A36: 4 | B36: 5 | C36: 1 | E36: Calculo SC DENTRO DE GRUPOS (Suma de Cuadrados Dentro)
A37: 3 | B37: 3 | C37: 4 | E37: Mide la variabilidad interna de cada grupo
A38: 2 | B38: 5 | C38: 4 | E38: Qué tanto varían los datos dentro del mismo grupo
A39: 4 | B39: 3 | C39: 3
A40: 4 | B40: 4 | C40: 2
A41: 3 | B41: 1 | C41: 3
A42: 4 | B42: 4 | C42: 1
A43: 4 | B43: 4 | C43: 5 | E43: SC Dentro Grupos | F43: =DEVSQ(A:A)+DEVSQ(B:B)+DEVSQ(C:C) -> 334.21505
A44: 4 | B44: 5 | C44: 3
A45: 5 | B45: 4 | C45: 3
A46: 4 | B46: 2 | C46: 2 | E46: Calculo gl DENTRO (Grados de libertad dentro)
A47: 3 | B47: 1 | C47: 4 | E47: N = total de datos | F47: =COUNT(A:A,B:B,C:C,#REF!) -> 279
A48: 4 | B48: 4 | C48: 2 | E48: k (Numero de grupos) | F48: =F21 -> 3
A49: 2 | B49: 3 | C49: 3
A50: 4 | B50: 3 | C50: 4
A51: 3 | B51: 2 | C51: 5
A52: 3 | B52: 3 | C52: 2
A53: 5 | B53: 4 | C53: 5 | E53: gl dentro | F53: =F47-F48 -> 276
A54: 3 | B54: 4 | C54: 4
A55: 4 | B55: 3 | C55: 4
A56: 1 | B56: 5 | C56: 2 | E56: Calculo MC DENTRO (Media Cuadrática Dentro)
A57: 5 | B57: 3 | C57: 3 | E57: Es el promedio de la variación interna
A58: 4 | B58: 4 | C58: 2
A59: 5 | B59: 2 | C59: 4
A60: 1 | B60: 5 | C60: 3
A61: 3 | B61: 3 | C61: 3
A62: 3 | B62: 3 | C62: 2
A63: 5 | B63: 3 | C63: 2 | E63: MC dentro | F63: =F43/F53 -> 1.2109241
A64: 3 | B64: 5 | C64: 5
A65: 4 | B65: 3 | C65: 3
A66: 2 | B66: 3 | C66: 5 | E66: Calculo F Calculado
A67: 4 | B67: 3 | C67: 3 | E67: El F calculado es un valor numérico que obtienes al aplicar la fórmula de ANOVA.
A68: 4 | B68: 3 | C68: 4 | E68: Sirve para decidir si hay diferencias significativas entre grupos.
A69: 5 | B69: 3 | C69: 4
A70: 3 | B70: 2 | C70: 4
A71: 3 | B71: 4 | C71: 3
A72: 5 | B72: 2 | C72: 4
A73: 3 | B73: 3 | C73: 3 | E73: F calculado | F73: =F33/F63 -> 0.83765523
A74: 4 | B74: 5 | C74: 4
A75: 3 | B75: 5 | C75: 5
A76: 4 | B76: 4 | C76: 2 | E76: Calculo F critico (Tabla) y P valor
A77: 4 | B77: 2 | C77: 4
A78: 3 | B78: 3 | C78: 4 | E78: α El mas comun 5% | F78: 0.05
A79: 5 | B79: 2 | C79: 3 | E79: gl entre | F79: =F24 -> 2
A80: 4 | B80: 3 | C80: 4 | E80: gl dentro | F80: =F53 -> 276
A81: 2 | B81: 3 | C81: 5 | E81: F critico (Tabla) | F81: =FINV(F78, F79, F80) -> 3.0284848
A82: 1 | B82: 5 | C82: 4 | E82: P valor | F82: =_xlfn.F.DIST.RT(F73, F79, F80) -> 0.43382103
A83: 4 | B83: 4 | C83: 1
A84: 4 | B84: 4 | C84: 3 | E84: Interpretación:
A85: 3 | B85: 5 | C85: 3
A86: 4 | B86: 4 | C86: 3 | E86: hipotesis nula Ho = No hay diferencias significativa
A87: 5 | B87: 3 | C87: 4 | E87: hipotesis alternativa H1 = Si hay diferencia significativa
A88: 5 | B88: 3 | C88: 4
A89: 3 | B89: 1 | C89: 3 | E89: ="Si F calculado ("&F73&") > F critico ("&F81&") ---> Se rechaza la hipotesis nula" -> Si F calculado (0.837655234540894) > F critico (3.02848482890662) ---> Se rechaza la hipotesis nula
A90: 3 | B90: 2 | C90: 5 | E90: ="Si p-valor ("&F82&") < α Nivel Significancia ("&F78&") ---> Se rechaza la hipotesis nula" -> Si p-valor (0.433821028605842) < α Nivel Significancia (0.05) ---> Se rechaza la hipotesis nula
A91: 5 | B91: 3 | C91: 4
A92: 4 | B92: 4 | C92: 4
A93: 4 | B93: 3 | C93: 4
A94: 3 | B94: 2 | C94: 1

Sheet Resolución-problemas
A1: Grupo Control Pre Test Sin intervención | B1: Grupo Control Post Test Sin intervención | C1: Grupo Experimental Pre Test Sin intervención
A2: 4 | B2: 3 | C2: 4 | E2: Datos Generales
A3: 5 | B3: 4 | C3: 3 | E3: Tamano Grupos | F3: =COUNT(A:A) -> 93
A4: 4 | B4: 4 | C4: 3 | E4: Promedio Grupo A | F4: =AVERAGE(A:A) -> 3.4516129
A5: 3 | B5: 4 | C5: 4 | E5: Promedio Grupo B | F5: =AVERAGE(B:B) -> 3.3978495
A6: 2 | B6: 5 | C6: 4 | E6: Promedio Grupo C | F6: =AVERAGE(C:C) -> 3.3978495
A7: 2 | B7: 5 | C7: 4 | E7: Promedio Total total | F7: =AVERAGE(F4:F6) -> 3.4157706
A8: 4 | B8: 2 | C8: 4
A9: 3 | B9: 4 | C9: 4
A10: 4 | B10: 3 | C10: 3 | E10: Calculo Suma de Cuadrados Entre Grupos
A11: 4 | B11: 4 | C11: 4 | E11: Mide qué tan diferentes son los grupos entre sí
A12: 2 | B12: 1 | C12: 4 | E12: Compara las medias de cada grupo con la media general
A13: 5 | B13: 4 | C13: 3
A14: 5 | B14: 4 | C14: 1
A15: 4 | B15: 2 | C15: 3
A16: 5 | B16: 2 | C16: 5 | E16: SC Entre Grupos | F16: =F3*((F4-F7)^2+(F5-F7)^2+(F6-F7)^2) -> 0.17921147
A17: 4 | B17: 4 | C17: 5
A18: 3 | B18: 2 | C18: 1
A19: 4 | B19: 3 | C19: 4 | E19: Calculo gl ENTRE (Grados de libertad entre grupos)
A20: 2 | B20: 3 | C20: 5 | E20: Cantidad de grupos independientes que puedes comparar
A21: 2 | B21: 5 | C21: 3 | E21: k (Numero de grupos) | F21: 3
A22: 4 | B22: 5 | C22: 3
A23: 4 | B23: 3 | C23: 3
A24: 4 | B24: 3 | C24: 4 | E24: gl entre | F24: =F21-1 -> 2
A25: 3 | B25: 3 | C25: 5
A26: 4 | B26: 3 | C26: 1
A27: 3 | B27: 3 | C27: 4 | E27: Calculo MC ENTRE (Media Cuadrática Entre)
A28: 4 | B28: 4 | C28: 3 | E28: Es el promedio de la variación entre grupos
A29: 3 | B29: 3 | C29: 3
A30: 3 | B30: 5 | C30: 3
A31: 4 | B31: 3 | C31: 4
A32: 1 | B32: 3 | C32: 4
A33: 3 | B33: 1 | C33: 3 | E33: MC entre | F33: =F16/F24 -> 0.089605735
A34: 5 | B34: 5 | C34: 2
A35: 2 | B35: 5 | C35: 2
A36: 3 | B36: 4 | C36: 5 | E36: Calculo SC DENTRO DE GRUPOS (Suma de Cuadrados Dentro)
A37: 2 | B37: 4 | C37: 5 | E37: Mide la variabilidad interna de cada grupo
A38: 2 | B38: 4 | C38: 2 | E38: Qué tanto varían los datos dentro del mismo grupo
A39: 4 | B39: 2 | C39: 3
A40: 5 | B40: 4 | C40: 2
A41: 4 | B41: 4 | C41: 4
A42: 3 | B42: 3 | C42: 3
A43: 3 | B43: 3 | C43: 3 | E43: SC Dentro Grupos | F43: =DEVSQ(A:A)+DEVSQ(B:B)+DEVSQ(C:C) -> 329.5914
A44: 4 | B44: 3 | C44: 3
A45: 5 | B45: 5 | C45: 4
A46: 2 | B46: 3 | C46: 5 | E46: Calculo gl DENTRO (Grados de libertad dentro)
A47: 1 | B47: 5 | C47: 3 | E47: N = total de datos | F47: =COUNT(A:A,B:B,C:C,#REF!) -> 279
A48: 3 | B48: 5 | C48: 4 | E48: k (Numero de grupos) | F48: =F21 -> 3
A49: 4 | B49: 2 | C49: 4
A50: 4 | B50: 5 | C50: 1
A51: 5 | B51: 3 | C51: 4
A52: 2 | B52: 4 | C52: 2
A53: 5 | B53: 4 | C53: 4 | E53: gl dentro | F53: =F47-F48 -> 276
A54: 3 | B54: 2 | C54: 3
A55: 4 | B55: 5 | C55: 1
A56: 3 | B56: 3 | C56: 5 | E56: Calculo MC DENTRO (Media Cuadrática Dentro)
A57: 3 | B57: 1 | C57: 5 | E57: Es el promedio de la variación interna
A58: 2 | B58: 3 | C58: 4
A59: 4 | B59: 1 | C59: 5
A60: 5 | B60: 5 | C60: 3
A61: 5 | B61: 4 | C61: 2
A62: 2 | B62: 4 | C62: 4
A63: 2 | B63: 3 | C63: 4 | E63: MC dentro | F63: =F43/F53 -> 1.1941717
A64: 3 | B64: 1 | C64: 4
A65: 3 | B65: 4 | C65: 3
A66: 3 | B66: 3 | C66: 5 | E66: Calculo F Calculado
A67: 4 | B67: 4 | C67: 3 | E67: El F calculado es un valor numérico que obtienes al aplicar la fórmula de ANOVA.
A68: 2 | B68: 3 | C68: 3 | E68: Sirve para decidir si hay diferencias significativas entre grupos.
A69: 4 | B69: 3 | C69: 3
A70: 4 | B70: 1 | C70: 4
A71: 3 | B71: 3 | C71: 3
A72: 5 | B72: 4 | C72: 5
A73: 4 | B73: 5 | C73: 4 | E73: F calculado | F73: =F33/F63 -> 0.075035887
A74: 3 | B74: 5 | C74: 2
A75: 5 | B75: 4 | C75: 3
A76: 3 | B76: 4 | C76: 5 | E76: Calculo F critico (Tabla) y P valor
A77: 4 | B77: 2 | C77: 4
A78: 4 | B78: 3 | C78: 4 | E78: α El mas comun 5% | F78: 0.05
A79: 4 | B79: 3 | C79: 4 | E79: gl entre | F79: =F24 -> 2
A80: 4 | B80: 5 | C80: 4 | E80: gl dentro | F80: =F53 -> 276
A81: 3 | B81: 2 | C81: 5 | E81: F critico (Tabla) | F81: =FINV(F78, F79, F80) -> 3.0284848
A82: 4 | B82: 3 | C82: 3 | E82: P valor | F82: =_xlfn.F.DIST.RT(F73, F79, F80) -> 0.92772911
A83: 3 | B83: 5 | C83: 3
A84: 3 | B84: 3 | C84: 3 | E84: Interpretación:
A85: 3 | B85: 3 | C85: 3
A86: 1 | B86: 5 | C86: 5 | E86: hipotesis nula Ho = No hay diferencias significativa
A87: 3 | B87: 3 | C87: 1 | E87: hipotesis alternativa H1 = Si hay diferencia significativa
A88: 4 | B88: 3 | C88: 2
A89: 5 | B89: 4 | C89: 2 | E89: ="Si F calculado ("&F73&") > F critico ("&F81&") ---> Se rechaza la hipotesis nula" -> Si F calculado (0.0750358867284352) > F critico (3.02848482890662) ---> Se rechaza la hipotesis nula
A90: 4 | B90: 1 | C90: 2 | E90: ="Si p-valor ("&F82&") < α Nivel Significancia ("&F78&") ---> Se rechaza la hipotesis nula" -> Si p-valor (0.927729111818) < α Nivel Significancia (0.05) ---> Se rechaza la hipotesis nula
A91: 3 | B91: 2 | C91: 2
A92: 5 | B92: 3 | C92: 3
A93: 3 | B93: 3 | C93: 4
A94: 3 | B94: 4 | C94: 3

Sheet Motivación
A1: Grupo Control Pre Test Sin intervención | B1: Grupo Control Post Test Sin intervención | C1: Grupo Experimental Pre Test Sin intervención
A2: 3 | B2: 4 | C2: 2 | E2: Datos Generales
A3: 3 | B3: 5 | C3: 3 | E3: Tamano Grupos | F3: =COUNT(A:A) -> 93
A4: 4 | B4: 2 | C4: 3 | E4: Promedio Grupo A | F4: =AVERAGE(A:A) -> 3.1612903
A5: 4 | B5: 4 | C5: 4 | E5: Promedio Grupo B | F5: =AVERAGE(B:B) -> 3.2365591
A6: 2 | B6: 4 | C6: 4 | E6: Promedio Grupo C | F6: =AVERAGE(C:C) -> 3.5591398
A7: 2 | B7: 5 | C7: 2 | E7: Promedio Total total | F7: =AVERAGE(F4:F6) -> 3.3189964
A8: 3 | B8: 4 | C8: 3
A9: 4 | B9: 3 | C9: 3
A10: 3 | B10: 3 | C10: 4 | E10: Calculo Suma de Cuadrados Entre Grupos
A11: 4 | B11: 4 | C11: 3 | E11: Mide qué tan diferentes son los grupos entre sí
A12: 5 | B12: 2 | C12: 4 | E12: Compara las medias de cada grupo con la media general
A13: 1 | B13: 2 | C13: 3
A14: 5 | B14: 2 | C14: 4
A15: 1 | B15: 4 | C15: 4
A16: 4 | B16: 4 | C16: 3 | E16: SC Entre Grupos | F16: =F3*((F4-F7)^2+(F5-F7)^2+(F6-F7)^2) -> 8.3082437
A17: 4 | B17: 1 | C17: 2
A18: 3 | B18: 2 | C18: 5
A19: 2 | B19: 5 | C19: 2 | E19: Calculo gl ENTRE (Grados de libertad entre grupos)
A20: 3 | B20: 5 | C20: 4 | E20: Cantidad de grupos independientes que puedes comparar
A21: 2 | B21: 4 | C21: 4 | E21: k (Numero de grupos) | F21: 3
A22: 3 | B22: 2 | C22: 5
A23: 3 | B23: 3 | C23: 4
A24: 2 | B24: 3 | C24: 3 | E24: gl entre | F24: =F21-1 -> 2
A25: 4 | B25: 5 | C25: 5
A26: 3 | B26: 3 | C26: 3
A27: 4 | B27: 2 | C27: 2 | E27: Calculo MC ENTRE (Media Cuadrática Entre)
A28: 1 | B28: 4 | C28: 5 | E28: Es el promedio de la variación entre grupos
A29: 1 | B29: 2 | C29: 3
A30: 5 | B30: 1 | C30: 4
A31: 3 | B31: 4 | C31: 3
A32: 1 | B32: 3 | C32: 4
A33: 4 | B33: 4 | C33: 5 | E33: MC entre | F33: =F16/F24 -> 4.1541219
A34: 3 | B34: 2 | C34: 5
A35: 1 | B35: 3 | C35: 5
A36: 5 | B36: 3 | C36: 5 | E36: Calculo SC DENTRO DE GRUPOS (Suma de Cuadrados Dentro)
A37: 3 | B37: 2 | C37: 3 | E37: Mide la variabilidad interna de cada grupo
A38: 4 | B38: 4 | C38: 2 | E38: Qué tanto varían los datos dentro del mismo grupo
A39: 1 | B39: 1 | C39: 2
A40: 1 | B40: 3 | C40: 3
A41: 1 | B41: 5 | C41: 5
A42: 4 | B42: 3 | C42: 4
A43: 2 | B43: 2 | C43: 4 | E43: SC Dentro Grupos | F43: =DEVSQ(A:A)+DEVSQ(B:B)+DEVSQ(C:C) -> 384.30108
A44: 2 | B44: 4 | C44: 4
A45: 4 | B45: 2 | C45: 3
A46: 2 | B46: 2 | C46: 3 | E46: Calculo gl DENTRO (Grados de libertad dentro)
A47: 5 | B47: 4 | C47: 4 | E47: N = total de datos | F47: =COUNT(A:A,B:B,C:C,#REF!) -> 279
A48: 3 | B48: 1 | C48: 4 | E48: k (Numero de grupos) | F48: =F21 -> 3
A49: 4 | B49: 5 | C49: 2
A50: 5 | B50: 4 | C50: 3
A51: 5 | B51: 5 | C51: 4
A52: 3 | B52: 2 | C52: 2
A53: 4 | B53: 3 | C53: 1 | E53: gl dentro | F53: =F47-F48 -> 276
A54: 3 | B54: 5 | C54: 4
A55: 5 | B55: 4 | C55: 4
A56: 4 | B56: 3 | C56: 3 | E56: Calculo MC DENTRO (Media Cuadrática Dentro)
A57: 3 | B57: 5 | C57: 1 | E57: Es el promedio de la variación interna
A58: 2 | B58: 2 | C58: 2
A59: 4 | B59: 2 | C59: 5
A60: 3 | B60: 3 | C60: 4
A61: 2 | B61: 1 | C61: 3
A62: 3 | B62: 4 | C62: 3
A63: 4 | B63: 1 | C63: 5 | E63: MC dentro | F63: =F43/F53 -> 1.3923952
A64: 5 | B64: 3 | C64: 2
A65: 2 | B65: 3 | C65: 3
A66: 5 | B66: 5 | C66: 2 | E66: Calculo F Calculado
A67: 2 | B67: 2 | C67: 2 | E67: El F calculado es un valor numérico que obtienes al aplicar la fórmula de ANOVA.
A68: 3 | B68: 4 | C68: 3 | E68: Sirve para decidir si hay diferencias significativas entre grupos.
A69: 1 | B69: 5 | C69: 4
A70: 2 | B70: 5 | C70: 3
A71: 1 | B71: 3 | C71: 5
A72: 4 | B72: 3 | C72: 3
A73: 3 | B73: 3 | C73: 5 | E73: F calculado | F73: =F33/F63 -> 2.9834359
A74: 4 | B74: 2 | C74: 3
A75: 4 | B75: 5 | C75: 4
A76: 3 | B76: 3 | C76: 5 | E76: Calculo F critico (Tabla) y P valor
A77: 2 | B77: 5 | C77: 5
A78: 1 | B78: 2 | C78: 5 | E78: α El mas comun 5% | F78: 0.05
A79: 3 | B79: 2 | C79: 3 | E79: gl entre | F79: =F24 -> 2
A80: 4 | B80: 3 | C80: 3 | E80: gl dentro | F80: =F53 -> 276
A81: 4 | B81: 3 | C81: 3 | E81: F critico (Tabla) | F81: =FINV(F78, F79, F80) -> 3.0284848
A82: 3 | B82: 4 | C82: 5 | E82: P valor | F82: =_xlfn.F.DIST.RT(F73, F79, F80) -> 0.052253745
A83: 4 | B83: 3 | C83: 5
A84: 5 | B84: 2 | C84: 5 | E84: Interpretación:
A85: 4 | B85: 4 | C85: 5
A86: 4 | B86: 4 | C86: 2 | E86: hipotesis nula Ho = No hay diferencias significativa
A87: 4 | B87: 3 | C87: 4 | E87: hipotesis alternativa H1 = Si hay diferencia significativa
A88: 4 | B88: 2 | C88: 4
A89: 5 | B89: 4 | C89: 5 | E89: ="Si F calculado ("&F73&") > F critico ("&F81&") ---> Se rechaza la hipotesis nula" -> Si F calculado (2.98343592613318) > F critico (3.02848482890662) ---> Se rechaza la hipotesis nula
A90: 5 | B90: 5 | C90: 4 | E90: ="Si p-valor ("&F82&") < α Nivel Significancia ("&F78&") ---> Se rechaza la hipotesis nula" -> Si p-valor (0.0522537447202717) < α Nivel Significancia (0.05) ---> Se rechaza la hipotesis nula
A91: 1 | B91: 3 | C91: 3
A92: 4 | B92: 2 | C92: 3
A93: 4 | B93: 5 | C93: 4
A94: 3 | B94: 4 | C94: 5
